ISO-10303-21;
HEADER;
/* Generated by software containing ST-Developer
 * from STEP Tools, Inc. (www.steptools.com) 
 */

FILE_DESCRIPTION(
/* description */ (''),
/* implementation_level */ '2;1');

FILE_NAME(
/* name */ 'Riser.step',
/* time_stamp */ '2026-04-06T09:55:55+02:00',
/* author */ (''),
/* organization */ (''),
/* preprocessor_version */ 'ST-DEVELOPER v20.1',
/* originating_system */ 'Autodesk Translation Framework v14.24.0.0',
/* authorisation */ '');

FILE_SCHEMA (('CONFIG_CONTROL_DESIGN','AP203_CONFIGURATION_CONTROLLED_3D_DESIGN_OF_MECHANICAL_PARTS_AND_ASSEMBLIES_MIM_LF { 1 0 10303 203 3 1 4 }',
'AUTOMOTIVE_DESIGN { 1 0 10303 214 3 1 1 }'));
ENDSEC;

DATA;
#10=MECHANICAL_DESIGN_GEOMETRIC_PRESENTATION_REPRESENTATION('',(#297,#298,
#299,#300,#301,#302,#303,#304,#305),#9279);
#11=ITEM_DEFINED_TRANSFORMATION($,$,#5583,#6164);
#12=(
REPRESENTATION_RELATIONSHIP($,$,#9289,#9288)
REPRESENTATION_RELATIONSHIP_WITH_TRANSFORMATION(#11)
SHAPE_REPRESENTATION_RELATIONSHIP()
);
#13=CONTEXT_DEPENDENT_SHAPE_REPRESENTATION(#12,#9287);
#14=NEXT_ASSEMBLY_USAGE_OCCURRENCE('Assembly - Body:1',
'Assembly - Body:1','Assembly - Body:1',#9291,#9292,'Assembly - Body:1');
#15=SHAPE_REPRESENTATION_RELATIONSHIP('SRR','None',#9289,#16);
#16=ADVANCED_BREP_SHAPE_REPRESENTATION('',(#306,#307,#308,#309,#310,#311,
#312,#313,#314),#9278);
#17=FACE_BOUND('',#1823,.T.);
#18=FACE_BOUND('',#1824,.T.);
#19=FACE_BOUND('',#1825,.T.);
#20=FACE_BOUND('',#1826,.T.);
#21=FACE_BOUND('',#1827,.T.);
#22=FACE_BOUND('',#1828,.T.);
#23=FACE_BOUND('',#1829,.T.);
#24=FACE_BOUND('',#1830,.T.);
#25=FACE_BOUND('',#1831,.T.);
#26=FACE_BOUND('',#1832,.T.);
#27=FACE_BOUND('',#1833,.T.);
#28=FACE_BOUND('',#1834,.T.);
#29=FACE_BOUND('',#1835,.T.);
#30=FACE_BOUND('',#1836,.T.);
#31=FACE_BOUND('',#1837,.T.);
#32=FACE_BOUND('',#1838,.T.);
#33=FACE_BOUND('',#1839,.T.);
#34=FACE_BOUND('',#1840,.T.);
#35=FACE_BOUND('',#1841,.T.);
#36=FACE_BOUND('',#1842,.T.);
#37=FACE_BOUND('',#1843,.T.);
#38=FACE_BOUND('',#1844,.T.);
#39=FACE_BOUND('',#1845,.T.);
#40=FACE_BOUND('',#1846,.T.);
#41=FACE_BOUND('',#1847,.T.);
#42=FACE_BOUND('',#1848,.T.);
#43=FACE_BOUND('',#1849,.T.);
#44=FACE_BOUND('',#1850,.T.);
#45=FACE_BOUND('',#1851,.T.);
#46=FACE_BOUND('',#1852,.T.);
#47=FACE_BOUND('',#1853,.T.);
#48=FACE_BOUND('',#1854,.T.);
#49=FACE_BOUND('',#1855,.T.);
#50=FACE_BOUND('',#1856,.T.);
#51=FACE_BOUND('',#1857,.T.);
#52=FACE_BOUND('',#1858,.T.);
#53=FACE_BOUND('',#1859,.T.);
#54=FACE_BOUND('',#1860,.T.);
#55=FACE_BOUND('',#1861,.T.);
#56=FACE_BOUND('',#1862,.T.);
#57=FACE_BOUND('',#1863,.T.);
#58=FACE_BOUND('',#1864,.T.);
#59=FACE_BOUND('',#1865,.T.);
#60=FACE_BOUND('',#1866,.T.);
#61=FACE_BOUND('',#1867,.T.);
#62=FACE_BOUND('',#1868,.T.);
#63=FACE_BOUND('',#1869,.T.);
#64=FACE_BOUND('',#1870,.T.);
#65=FACE_BOUND('',#1871,.T.);
#66=FACE_BOUND('',#1881,.T.);
#67=FACE_BOUND('',#1884,.T.);
#68=FACE_BOUND('',#1887,.T.);
#69=FACE_BOUND('',#1890,.T.);
#70=FACE_BOUND('',#1893,.T.);
#71=FACE_BOUND('',#1896,.T.);
#72=FACE_BOUND('',#1899,.T.);
#73=FACE_BOUND('',#1902,.T.);
#74=FACE_BOUND('',#1932,.T.);
#75=FACE_BOUND('',#1933,.T.);
#76=FACE_BOUND('',#1934,.T.);
#77=FACE_BOUND('',#1935,.T.);
#78=FACE_BOUND('',#1936,.T.);
#79=FACE_BOUND('',#1937,.T.);
#80=FACE_BOUND('',#1938,.T.);
#81=FACE_BOUND('',#1939,.T.);
#82=FACE_BOUND('',#1940,.T.);
#83=FACE_BOUND('',#1941,.T.);
#84=FACE_BOUND('',#1942,.T.);
#85=FACE_BOUND('',#1943,.T.);
#86=FACE_BOUND('',#1944,.T.);
#87=FACE_BOUND('',#1945,.T.);
#88=FACE_BOUND('',#1946,.T.);
#89=FACE_BOUND('',#1947,.T.);
#90=FACE_BOUND('',#1948,.T.);
#91=FACE_BOUND('',#1949,.T.);
#92=FACE_BOUND('',#1950,.T.);
#93=FACE_BOUND('',#1951,.T.);
#94=FACE_BOUND('',#1952,.T.);
#95=FACE_BOUND('',#1953,.T.);
#96=FACE_BOUND('',#1954,.T.);
#97=FACE_BOUND('',#1955,.T.);
#98=FACE_BOUND('',#1956,.T.);
#99=FACE_BOUND('',#1957,.T.);
#100=FACE_BOUND('',#1958,.T.);
#101=FACE_BOUND('',#1959,.T.);
#102=FACE_BOUND('',#1960,.T.);
#103=FACE_BOUND('',#1961,.T.);
#104=FACE_BOUND('',#1962,.T.);
#105=FACE_BOUND('',#1963,.T.);
#106=FACE_BOUND('',#1964,.T.);
#107=FACE_BOUND('',#1965,.T.);
#108=FACE_BOUND('',#1966,.T.);
#109=FACE_BOUND('',#1967,.T.);
#110=FACE_BOUND('',#1968,.T.);
#111=FACE_BOUND('',#1969,.T.);
#112=FACE_BOUND('',#1970,.T.);
#113=FACE_BOUND('',#1971,.T.);
#114=FACE_BOUND('',#1972,.T.);
#115=FACE_BOUND('',#1973,.T.);
#116=FACE_BOUND('',#1974,.T.);
#117=FACE_BOUND('',#1975,.T.);
#118=FACE_BOUND('',#1976,.T.);
#119=FACE_BOUND('',#1977,.T.);
#120=FACE_BOUND('',#1978,.T.);
#121=FACE_BOUND('',#1979,.T.);
#122=FACE_BOUND('',#1980,.T.);
#123=FACE_BOUND('',#2042,.T.);
#124=FACE_BOUND('',#2043,.T.);
#125=FACE_BOUND('',#2044,.T.);
#126=FACE_BOUND('',#2045,.T.);
#127=FACE_BOUND('',#2046,.T.);
#128=FACE_BOUND('',#2047,.T.);
#129=FACE_BOUND('',#2048,.T.);
#130=FACE_BOUND('',#2049,.T.);
#131=FACE_BOUND('',#2050,.T.);
#132=FACE_BOUND('',#2051,.T.);
#133=FACE_BOUND('',#2052,.T.);
#134=FACE_BOUND('',#2053,.T.);
#135=FACE_BOUND('',#2054,.T.);
#136=FACE_BOUND('',#2055,.T.);
#137=FACE_BOUND('',#2056,.T.);
#138=FACE_BOUND('',#2057,.T.);
#139=FACE_BOUND('',#2058,.T.);
#140=FACE_BOUND('',#2059,.T.);
#141=FACE_BOUND('',#2060,.T.);
#142=FACE_BOUND('',#2061,.T.);
#143=FACE_BOUND('',#2062,.T.);
#144=FACE_BOUND('',#2063,.T.);
#145=FACE_BOUND('',#2064,.T.);
#146=FACE_BOUND('',#2065,.T.);
#147=FACE_BOUND('',#2066,.T.);
#148=FACE_BOUND('',#2067,.T.);
#149=FACE_BOUND('',#2068,.T.);
#150=FACE_BOUND('',#2069,.T.);
#151=FACE_BOUND('',#2070,.T.);
#152=FACE_BOUND('',#2071,.T.);
#153=FACE_BOUND('',#2072,.T.);
#154=FACE_BOUND('',#2073,.T.);
#155=FACE_BOUND('',#2074,.T.);
#156=FACE_BOUND('',#2075,.T.);
#157=FACE_BOUND('',#2076,.T.);
#158=FACE_BOUND('',#2077,.T.);
#159=FACE_BOUND('',#2078,.T.);
#160=FACE_BOUND('',#2079,.T.);
#161=FACE_BOUND('',#2080,.T.);
#162=FACE_BOUND('',#2081,.T.);
#163=FACE_BOUND('',#2082,.T.);
#164=FACE_BOUND('',#2084,.T.);
#165=FACE_BOUND('',#2085,.T.);
#166=FACE_BOUND('',#2086,.T.);
#167=FACE_BOUND('',#2087,.T.);
#168=FACE_BOUND('',#2088,.T.);
#169=FACE_BOUND('',#2089,.T.);
#170=FACE_BOUND('',#2090,.T.);
#171=FACE_BOUND('',#2091,.T.);
#172=FACE_BOUND('',#2092,.T.);
#173=FACE_BOUND('',#2093,.T.);
#174=FACE_BOUND('',#2094,.T.);
#175=FACE_BOUND('',#2095,.T.);
#176=FACE_BOUND('',#2096,.T.);
#177=FACE_BOUND('',#2097,.T.);
#178=FACE_BOUND('',#2098,.T.);
#179=FACE_BOUND('',#2099,.T.);
#180=FACE_BOUND('',#2100,.T.);
#181=FACE_BOUND('',#2101,.T.);
#182=FACE_BOUND('',#2102,.T.);
#183=FACE_BOUND('',#2103,.T.);
#184=FACE_BOUND('',#2104,.T.);
#185=FACE_BOUND('',#2105,.T.);
#186=FACE_BOUND('',#2106,.T.);
#187=FACE_BOUND('',#2107,.T.);
#188=FACE_BOUND('',#2108,.T.);
#189=FACE_BOUND('',#2109,.T.);
#190=FACE_BOUND('',#2110,.T.);
#191=FACE_BOUND('',#2111,.T.);
#192=FACE_BOUND('',#2112,.T.);
#193=FACE_BOUND('',#2113,.T.);
#194=FACE_BOUND('',#2114,.T.);
#195=FACE_BOUND('',#2115,.T.);
#196=FACE_BOUND('',#2116,.T.);
#197=FACE_BOUND('',#2117,.T.);
#198=FACE_BOUND('',#2118,.T.);
#199=FACE_BOUND('',#2119,.T.);
#200=FACE_BOUND('',#2120,.T.);
#201=FACE_BOUND('',#2121,.T.);
#202=FACE_BOUND('',#2122,.T.);
#203=FACE_BOUND('',#2123,.T.);
#204=FACE_BOUND('',#2124,.T.);
#205=FACE_BOUND('',#2131,.T.);
#206=FACE_BOUND('',#2132,.T.);
#207=FACE_BOUND('',#2136,.T.);
#208=FACE_BOUND('',#2137,.T.);
#209=FACE_BOUND('',#2138,.T.);
#210=FACE_BOUND('',#2139,.T.);
#211=FACE_BOUND('',#2140,.T.);
#212=FACE_BOUND('',#2143,.T.);
#213=FACE_BOUND('',#2144,.T.);
#214=FACE_BOUND('',#2145,.T.);
#215=FACE_BOUND('',#2146,.T.);
#216=FACE_BOUND('',#2147,.T.);
#217=FACE_BOUND('',#2150,.T.);
#218=FACE_BOUND('',#2151,.T.);
#219=FACE_BOUND('',#2158,.T.);
#220=FACE_BOUND('',#2159,.T.);
#221=FACE_BOUND('',#2164,.T.);
#222=FACE_BOUND('',#2165,.T.);
#223=FACE_BOUND('',#2166,.T.);
#224=FACE_BOUND('',#2167,.T.);
#225=FACE_BOUND('',#2168,.T.);
#226=FACE_BOUND('',#2171,.T.);
#227=FACE_BOUND('',#2172,.T.);
#228=FACE_BOUND('',#2173,.T.);
#229=FACE_BOUND('',#2174,.T.);
#230=FACE_BOUND('',#2175,.T.);
#231=FACE_BOUND('',#2177,.T.);
#232=FACE_BOUND('',#2178,.T.);
#233=FACE_BOUND('',#2185,.T.);
#234=FACE_BOUND('',#2186,.T.);
#235=FACE_BOUND('',#2191,.T.);
#236=FACE_BOUND('',#2192,.T.);
#237=FACE_BOUND('',#2193,.T.);
#238=FACE_BOUND('',#2194,.T.);
#239=FACE_BOUND('',#2195,.T.);
#240=FACE_BOUND('',#2198,.T.);
#241=FACE_BOUND('',#2199,.T.);
#242=FACE_BOUND('',#2200,.T.);
#243=FACE_BOUND('',#2201,.T.);
#244=FACE_BOUND('',#2202,.T.);
#245=FACE_BOUND('',#2204,.T.);
#246=FACE_BOUND('',#2205,.T.);
#247=FACE_BOUND('',#2212,.T.);
#248=FACE_BOUND('',#2213,.T.);
#249=FACE_BOUND('',#2217,.T.);
#250=FACE_BOUND('',#2218,.T.);
#251=FACE_BOUND('',#2219,.T.);
#252=FACE_BOUND('',#2220,.T.);
#253=FACE_BOUND('',#2221,.T.);
#254=FACE_BOUND('',#2224,.T.);
#255=FACE_BOUND('',#2225,.T.);
#256=FACE_BOUND('',#2226,.T.);
#257=FACE_BOUND('',#2227,.T.);
#258=FACE_BOUND('',#2228,.T.);
#259=FACE_BOUND('',#2231,.T.);
#260=FACE_BOUND('',#2232,.T.);
#261=FACE_BOUND('',#2239,.T.);
#262=FACE_BOUND('',#2240,.T.);
#263=FACE_BOUND('',#2244,.T.);
#264=FACE_BOUND('',#2245,.T.);
#265=FACE_BOUND('',#2246,.T.);
#266=FACE_BOUND('',#2247,.T.);
#267=FACE_BOUND('',#2248,.T.);
#268=FACE_BOUND('',#2251,.T.);
#269=FACE_BOUND('',#2252,.T.);
#270=FACE_BOUND('',#2253,.T.);
#271=FACE_BOUND('',#2254,.T.);
#272=FACE_BOUND('',#2255,.T.);
#273=FACE_BOUND('',#2258,.T.);
#274=FACE_BOUND('',#2259,.T.);
#275=FACE_BOUND('',#2266,.T.);
#276=FACE_BOUND('',#2267,.T.);
#277=FACE_BOUND('',#2272,.T.);
#278=FACE_BOUND('',#2273,.T.);
#279=FACE_BOUND('',#2274,.T.);
#280=FACE_BOUND('',#2275,.T.);
#281=FACE_BOUND('',#2276,.T.);
#282=FACE_BOUND('',#2279,.T.);
#283=FACE_BOUND('',#2280,.T.);
#284=FACE_BOUND('',#2281,.T.);
#285=FACE_BOUND('',#2282,.T.);
#286=FACE_BOUND('',#2283,.T.);
#287=FACE_BOUND('',#2285,.T.);
#288=FACE_BOUND('',#2286,.T.);
#289=TOROIDAL_SURFACE('',#5742,6.,3.5);
#290=TOROIDAL_SURFACE('',#5766,6.,3.5);
#291=TOROIDAL_SURFACE('',#5769,6.,3.5);
#292=TOROIDAL_SURFACE('',#5772,6.,3.5);
#293=TOROIDAL_SURFACE('',#5775,6.,3.5);
#294=TOROIDAL_SURFACE('',#5778,6.,3.5);
#295=TOROIDAL_SURFACE('',#5781,6.,3.5);
#296=TOROIDAL_SURFACE('',#5784,6.,3.5);
#297=STYLED_ITEM('',(#9303),#306);
#298=STYLED_ITEM('',(#9302),#307);
#299=STYLED_ITEM('',(#9302),#308);
#300=STYLED_ITEM('',(#9302),#309);
#301=STYLED_ITEM('',(#9302),#310);
#302=STYLED_ITEM('',(#9302),#311);
#303=STYLED_ITEM('',(#9302),#312);
#304=STYLED_ITEM('',(#9302),#313);
#305=STYLED_ITEM('',(#9302),#314);
#306=MANIFOLD_SOLID_BREP('Battery',#5573);
#307=MANIFOLD_SOLID_BREP('Top Plate',#5574);
#308=MANIFOLD_SOLID_BREP('Bottom Plate',#5575);
#309=MANIFOLD_SOLID_BREP('Riser 1',#5576);
#310=MANIFOLD_SOLID_BREP('Riser 2',#5577);
#311=MANIFOLD_SOLID_BREP('Riser 3',#5578);
#312=MANIFOLD_SOLID_BREP('Riser 5',#5579);
#313=MANIFOLD_SOLID_BREP('Riser 4',#5580);
#314=MANIFOLD_SOLID_BREP('Riser 6',#5581);
#315=PLANE('',#5628);
#316=PLANE('',#5629);
#317=PLANE('',#5630);
#318=PLANE('',#5631);
#319=PLANE('',#5632);
#320=PLANE('',#5633);
#321=PLANE('',#5637);
#322=PLANE('',#5641);
#323=PLANE('',#5645);
#324=PLANE('',#5649);
#325=PLANE('',#5662);
#326=PLANE('',#5663);
#327=PLANE('',#5664);
#328=PLANE('',#5674);
#329=PLANE('',#5675);
#330=PLANE('',#5676);
#331=PLANE('',#5677);
#332=PLANE('',#5678);
#333=PLANE('',#5679);
#334=PLANE('',#5680);
#335=PLANE('',#5705);
#336=PLANE('',#5706);
#337=PLANE('',#5707);
#338=PLANE('',#5708);
#339=PLANE('',#5709);
#340=PLANE('',#5710);
#341=PLANE('',#5711);
#342=PLANE('',#5718);
#343=PLANE('',#5719);
#344=PLANE('',#5720);
#345=PLANE('',#5721);
#346=PLANE('',#5722);
#347=PLANE('',#5723);
#348=PLANE('',#5724);
#349=PLANE('',#5731);
#350=PLANE('',#5732);
#351=PLANE('',#5733);
#352=PLANE('',#5734);
#353=PLANE('',#5738);
#354=PLANE('',#5739);
#355=PLANE('',#5740);
#356=PLANE('',#5741);
#357=PLANE('',#5746);
#358=PLANE('',#5790);
#359=PLANE('',#5794);
#360=PLANE('',#5798);
#361=PLANE('',#5802);
#362=PLANE('',#5806);
#363=PLANE('',#5810);
#364=PLANE('',#5814);
#365=PLANE('',#5818);
#366=PLANE('',#5843);
#367=PLANE('',#5844);
#368=PLANE('',#5845);
#369=PLANE('',#5846);
#370=PLANE('',#5847);
#371=PLANE('',#5848);
#372=PLANE('',#5849);
#373=PLANE('',#5850);
#374=PLANE('',#5851);
#375=PLANE('',#5852);
#376=PLANE('',#5853);
#377=PLANE('',#5854);
#378=PLANE('',#5855);
#379=PLANE('',#5856);
#380=PLANE('',#5857);
#381=PLANE('',#5858);
#382=PLANE('',#5859);
#383=PLANE('',#5971);
#384=PLANE('',#5972);
#385=PLANE('',#5973);
#386=PLANE('',#5974);
#387=PLANE('',#5984);
#388=PLANE('',#5985);
#389=PLANE('',#5986);
#390=PLANE('',#5987);
#391=PLANE('',#5988);
#392=PLANE('',#5989);
#393=PLANE('',#5990);
#394=PLANE('',#5991);
#395=PLANE('',#5992);
#396=PLANE('',#5993);
#397=PLANE('',#5994);
#398=PLANE('',#5995);
#399=PLANE('',#5996);
#400=PLANE('',#5997);
#401=PLANE('',#5998);
#402=PLANE('',#5999);
#403=PLANE('',#6000);
#404=PLANE('',#6001);
#405=PLANE('',#6017);
#406=PLANE('',#6024);
#407=PLANE('',#6025);
#408=PLANE('',#6026);
#409=PLANE('',#6027);
#410=PLANE('',#6028);
#411=PLANE('',#6044);
#412=PLANE('',#6051);
#413=PLANE('',#6052);
#414=PLANE('',#6053);
#415=PLANE('',#6054);
#416=PLANE('',#6055);
#417=PLANE('',#6071);
#418=PLANE('',#6078);
#419=PLANE('',#6079);
#420=PLANE('',#6080);
#421=PLANE('',#6081);
#422=PLANE('',#6082);
#423=PLANE('',#6098);
#424=PLANE('',#6105);
#425=PLANE('',#6106);
#426=PLANE('',#6107);
#427=PLANE('',#6108);
#428=PLANE('',#6109);
#429=PLANE('',#6125);
#430=PLANE('',#6132);
#431=PLANE('',#6133);
#432=PLANE('',#6134);
#433=PLANE('',#6135);
#434=PLANE('',#6136);
#435=PLANE('',#6152);
#436=PLANE('',#6159);
#437=PLANE('',#6160);
#438=PLANE('',#6161);
#439=PLANE('',#6162);
#440=PLANE('',#6163);
#441=LINE('',#7800,#879);
#442=LINE('',#7801,#880);
#443=LINE('',#7810,#881);
#444=LINE('',#7811,#882);
#445=LINE('',#7827,#883);
#446=LINE('',#7828,#884);
#447=LINE('',#7830,#885);
#448=LINE('',#7831,#886);
#449=LINE('',#7840,#887);
#450=LINE('',#7841,#888);
#451=LINE('',#7843,#889);
#452=LINE('',#7844,#890);
#453=LINE('',#7846,#891);
#454=LINE('',#7847,#892);
#455=LINE('',#7849,#893);
#456=LINE('',#7850,#894);
#457=LINE('',#7852,#895);
#458=LINE('',#7853,#896);
#459=LINE('',#7855,#897);
#460=LINE('',#7856,#898);
#461=LINE('',#7858,#899);
#462=LINE('',#7859,#900);
#463=LINE('',#7861,#901);
#464=LINE('',#7862,#902);
#465=LINE('',#7874,#903);
#466=LINE('',#7877,#904);
#467=LINE('',#7880,#905);
#468=LINE('',#7882,#906);
#469=LINE('',#7883,#907);
#470=LINE('',#7889,#908);
#471=LINE('',#7892,#909);
#472=LINE('',#7895,#910);
#473=LINE('',#7897,#911);
#474=LINE('',#7898,#912);
#475=LINE('',#7904,#913);
#476=LINE('',#7907,#914);
#477=LINE('',#7910,#915);
#478=LINE('',#7912,#916);
#479=LINE('',#7913,#917);
#480=LINE('',#7919,#918);
#481=LINE('',#7922,#919);
#482=LINE('',#7925,#920);
#483=LINE('',#7927,#921);
#484=LINE('',#7928,#922);
#485=LINE('',#7933,#923);
#486=LINE('',#7939,#924);
#487=LINE('',#7945,#925);
#488=LINE('',#7951,#926);
#489=LINE('',#7955,#927);
#490=LINE('',#7957,#928);
#491=LINE('',#7958,#929);
#492=LINE('',#7961,#930);
#493=LINE('',#7963,#931);
#494=LINE('',#7964,#932);
#495=LINE('',#7966,#933);
#496=LINE('',#7967,#934);
#497=LINE('',#7972,#935);
#498=LINE('',#7978,#936);
#499=LINE('',#7984,#937);
#500=LINE('',#7989,#938);
#501=LINE('',#7991,#939);
#502=LINE('',#7993,#940);
#503=LINE('',#7994,#941);
#504=LINE('',#7997,#942);
#505=LINE('',#7999,#943);
#506=LINE('',#8000,#944);
#507=LINE('',#8003,#945);
#508=LINE('',#8005,#946);
#509=LINE('',#8006,#947);
#510=LINE('',#8008,#948);
#511=LINE('',#8009,#949);
#512=LINE('',#8012,#950);
#513=LINE('',#8014,#951);
#514=LINE('',#8015,#952);
#515=LINE('',#8018,#953);
#516=LINE('',#8020,#954);
#517=LINE('',#8021,#955);
#518=LINE('',#8023,#956);
#519=LINE('',#8024,#957);
#520=LINE('',#8029,#958);
#521=LINE('',#8035,#959);
#522=LINE('',#8041,#960);
#523=LINE('',#8047,#961);
#524=LINE('',#8053,#962);
#525=LINE('',#8059,#963);
#526=LINE('',#8065,#964);
#527=LINE('',#8071,#965);
#528=LINE('',#8076,#966);
#529=LINE('',#8078,#967);
#530=LINE('',#8080,#968);
#531=LINE('',#8081,#969);
#532=LINE('',#8084,#970);
#533=LINE('',#8086,#971);
#534=LINE('',#8087,#972);
#535=LINE('',#8090,#973);
#536=LINE('',#8092,#974);
#537=LINE('',#8093,#975);
#538=LINE('',#8095,#976);
#539=LINE('',#8096,#977);
#540=LINE('',#8099,#978);
#541=LINE('',#8101,#979);
#542=LINE('',#8102,#980);
#543=LINE('',#8105,#981);
#544=LINE('',#8107,#982);
#545=LINE('',#8108,#983);
#546=LINE('',#8110,#984);
#547=LINE('',#8111,#985);
#548=LINE('',#8116,#986);
#549=LINE('',#8122,#987);
#550=LINE('',#8127,#988);
#551=LINE('',#8129,#989);
#552=LINE('',#8131,#990);
#553=LINE('',#8132,#991);
#554=LINE('',#8135,#992);
#555=LINE('',#8137,#993);
#556=LINE('',#8138,#994);
#557=LINE('',#8141,#995);
#558=LINE('',#8143,#996);
#559=LINE('',#8144,#997);
#560=LINE('',#8146,#998);
#561=LINE('',#8147,#999);
#562=LINE('',#8150,#1000);
#563=LINE('',#8152,#1001);
#564=LINE('',#8153,#1002);
#565=LINE('',#8156,#1003);
#566=LINE('',#8158,#1004);
#567=LINE('',#8159,#1005);
#568=LINE('',#8161,#1006);
#569=LINE('',#8162,#1007);
#570=LINE('',#8167,#1008);
#571=LINE('',#8173,#1009);
#572=LINE('',#8178,#1010);
#573=LINE('',#8180,#1011);
#574=LINE('',#8182,#1012);
#575=LINE('',#8183,#1013);
#576=LINE('',#8186,#1014);
#577=LINE('',#8188,#1015);
#578=LINE('',#8189,#1016);
#579=LINE('',#8192,#1017);
#580=LINE('',#8194,#1018);
#581=LINE('',#8195,#1019);
#582=LINE('',#8197,#1020);
#583=LINE('',#8198,#1021);
#584=LINE('',#8203,#1022);
#585=LINE('',#8208,#1023);
#586=LINE('',#8210,#1024);
#587=LINE('',#8212,#1025);
#588=LINE('',#8213,#1026);
#589=LINE('',#8216,#1027);
#590=LINE('',#8218,#1028);
#591=LINE('',#8219,#1029);
#592=LINE('',#8222,#1030);
#593=LINE('',#8224,#1031);
#594=LINE('',#8225,#1032);
#595=LINE('',#8227,#1033);
#596=LINE('',#8228,#1034);
#597=LINE('',#8238,#1035);
#598=LINE('',#8240,#1036);
#599=LINE('',#8242,#1037);
#600=LINE('',#8244,#1038);
#601=LINE('',#8246,#1039);
#602=LINE('',#8248,#1040);
#603=LINE('',#8250,#1041);
#604=LINE('',#8252,#1042);
#605=LINE('',#8254,#1043);
#606=LINE('',#8256,#1044);
#607=LINE('',#8258,#1045);
#608=LINE('',#8260,#1046);
#609=LINE('',#8262,#1047);
#610=LINE('',#8264,#1048);
#611=LINE('',#8266,#1049);
#612=LINE('',#8267,#1050);
#613=LINE('',#8338,#1051);
#614=LINE('',#8345,#1052);
#615=LINE('',#8352,#1053);
#616=LINE('',#8359,#1054);
#617=LINE('',#8366,#1055);
#618=LINE('',#8373,#1056);
#619=LINE('',#8380,#1057);
#620=LINE('',#8387,#1058);
#621=LINE('',#8392,#1059);
#622=LINE('',#8396,#1060);
#623=LINE('',#8400,#1061);
#624=LINE('',#8404,#1062);
#625=LINE('',#8408,#1063);
#626=LINE('',#8412,#1064);
#627=LINE('',#8416,#1065);
#628=LINE('',#8420,#1066);
#629=LINE('',#8424,#1067);
#630=LINE('',#8428,#1068);
#631=LINE('',#8432,#1069);
#632=LINE('',#8436,#1070);
#633=LINE('',#8441,#1071);
#634=LINE('',#8442,#1072);
#635=LINE('',#8443,#1073);
#636=LINE('',#8446,#1074);
#637=LINE('',#8447,#1075);
#638=LINE('',#8450,#1076);
#639=LINE('',#8451,#1077);
#640=LINE('',#8454,#1078);
#641=LINE('',#8455,#1079);
#642=LINE('',#8458,#1080);
#643=LINE('',#8459,#1081);
#644=LINE('',#8462,#1082);
#645=LINE('',#8463,#1083);
#646=LINE('',#8466,#1084);
#647=LINE('',#8467,#1085);
#648=LINE('',#8470,#1086);
#649=LINE('',#8471,#1087);
#650=LINE('',#8474,#1088);
#651=LINE('',#8475,#1089);
#652=LINE('',#8478,#1090);
#653=LINE('',#8479,#1091);
#654=LINE('',#8482,#1092);
#655=LINE('',#8483,#1093);
#656=LINE('',#8486,#1094);
#657=LINE('',#8487,#1095);
#658=LINE('',#8490,#1096);
#659=LINE('',#8491,#1097);
#660=LINE('',#8494,#1098);
#661=LINE('',#8495,#1099);
#662=LINE('',#8498,#1100);
#663=LINE('',#8499,#1101);
#664=LINE('',#8501,#1102);
#665=LINE('',#8507,#1103);
#666=LINE('',#8513,#1104);
#667=LINE('',#8519,#1105);
#668=LINE('',#8525,#1106);
#669=LINE('',#8531,#1107);
#670=LINE('',#8537,#1108);
#671=LINE('',#8543,#1109);
#672=LINE('',#8549,#1110);
#673=LINE('',#8555,#1111);
#674=LINE('',#8561,#1112);
#675=LINE('',#8567,#1113);
#676=LINE('',#8573,#1114);
#677=LINE('',#8579,#1115);
#678=LINE('',#8585,#1116);
#679=LINE('',#8591,#1117);
#680=LINE('',#8597,#1118);
#681=LINE('',#8603,#1119);
#682=LINE('',#8609,#1120);
#683=LINE('',#8615,#1121);
#684=LINE('',#8621,#1122);
#685=LINE('',#8627,#1123);
#686=LINE('',#8633,#1124);
#687=LINE('',#8639,#1125);
#688=LINE('',#8645,#1126);
#689=LINE('',#8651,#1127);
#690=LINE('',#8657,#1128);
#691=LINE('',#8663,#1129);
#692=LINE('',#8669,#1130);
#693=LINE('',#8675,#1131);
#694=LINE('',#8681,#1132);
#695=LINE('',#8687,#1133);
#696=LINE('',#8693,#1134);
#697=LINE('',#8699,#1135);
#698=LINE('',#8705,#1136);
#699=LINE('',#8711,#1137);
#700=LINE('',#8717,#1138);
#701=LINE('',#8723,#1139);
#702=LINE('',#8728,#1140);
#703=LINE('',#8730,#1141);
#704=LINE('',#8732,#1142);
#705=LINE('',#8733,#1143);
#706=LINE('',#8736,#1144);
#707=LINE('',#8738,#1145);
#708=LINE('',#8739,#1146);
#709=LINE('',#8742,#1147);
#710=LINE('',#8744,#1148);
#711=LINE('',#8745,#1149);
#712=LINE('',#8747,#1150);
#713=LINE('',#8748,#1151);
#714=LINE('',#8753,#1152);
#715=LINE('',#8759,#1153);
#716=LINE('',#8765,#1154);
#717=LINE('',#8770,#1155);
#718=LINE('',#8772,#1156);
#719=LINE('',#8774,#1157);
#720=LINE('',#8775,#1158);
#721=LINE('',#8778,#1159);
#722=LINE('',#8780,#1160);
#723=LINE('',#8781,#1161);
#724=LINE('',#8784,#1162);
#725=LINE('',#8786,#1163);
#726=LINE('',#8787,#1164);
#727=LINE('',#8790,#1165);
#728=LINE('',#8792,#1166);
#729=LINE('',#8793,#1167);
#730=LINE('',#8796,#1168);
#731=LINE('',#8798,#1169);
#732=LINE('',#8799,#1170);
#733=LINE('',#8802,#1171);
#734=LINE('',#8804,#1172);
#735=LINE('',#8805,#1173);
#736=LINE('',#8808,#1174);
#737=LINE('',#8810,#1175);
#738=LINE('',#8811,#1176);
#739=LINE('',#8814,#1177);
#740=LINE('',#8816,#1178);
#741=LINE('',#8817,#1179);
#742=LINE('',#8820,#1180);
#743=LINE('',#8822,#1181);
#744=LINE('',#8823,#1182);
#745=LINE('',#8826,#1183);
#746=LINE('',#8828,#1184);
#747=LINE('',#8829,#1185);
#748=LINE('',#8832,#1186);
#749=LINE('',#8834,#1187);
#750=LINE('',#8835,#1188);
#751=LINE('',#8838,#1189);
#752=LINE('',#8840,#1190);
#753=LINE('',#8841,#1191);
#754=LINE('',#8844,#1192);
#755=LINE('',#8846,#1193);
#756=LINE('',#8847,#1194);
#757=LINE('',#8850,#1195);
#758=LINE('',#8852,#1196);
#759=LINE('',#8853,#1197);
#760=LINE('',#8856,#1198);
#761=LINE('',#8858,#1199);
#762=LINE('',#8859,#1200);
#763=LINE('',#8861,#1201);
#764=LINE('',#8862,#1202);
#765=LINE('',#8869,#1203);
#766=LINE('',#8875,#1204);
#767=LINE('',#8881,#1205);
#768=LINE('',#8887,#1206);
#769=LINE('',#8893,#1207);
#770=LINE('',#8898,#1208);
#771=LINE('',#8900,#1209);
#772=LINE('',#8902,#1210);
#773=LINE('',#8903,#1211);
#774=LINE('',#8911,#1212);
#775=LINE('',#8915,#1213);
#776=LINE('',#8918,#1214);
#777=LINE('',#8920,#1215);
#778=LINE('',#8921,#1216);
#779=LINE('',#8924,#1217);
#780=LINE('',#8925,#1218);
#781=LINE('',#8928,#1219);
#782=LINE('',#8929,#1220);
#783=LINE('',#8931,#1221);
#784=LINE('',#8937,#1222);
#785=LINE('',#8943,#1223);
#786=LINE('',#8949,#1224);
#787=LINE('',#8955,#1225);
#788=LINE('',#8961,#1226);
#789=LINE('',#8966,#1227);
#790=LINE('',#8968,#1228);
#791=LINE('',#8970,#1229);
#792=LINE('',#8971,#1230);
#793=LINE('',#8979,#1231);
#794=LINE('',#8983,#1232);
#795=LINE('',#8986,#1233);
#796=LINE('',#8988,#1234);
#797=LINE('',#8989,#1235);
#798=LINE('',#8992,#1236);
#799=LINE('',#8993,#1237);
#800=LINE('',#8996,#1238);
#801=LINE('',#8997,#1239);
#802=LINE('',#8999,#1240);
#803=LINE('',#9005,#1241);
#804=LINE('',#9011,#1242);
#805=LINE('',#9017,#1243);
#806=LINE('',#9023,#1244);
#807=LINE('',#9029,#1245);
#808=LINE('',#9034,#1246);
#809=LINE('',#9036,#1247);
#810=LINE('',#9038,#1248);
#811=LINE('',#9039,#1249);
#812=LINE('',#9047,#1250);
#813=LINE('',#9051,#1251);
#814=LINE('',#9054,#1252);
#815=LINE('',#9056,#1253);
#816=LINE('',#9057,#1254);
#817=LINE('',#9060,#1255);
#818=LINE('',#9061,#1256);
#819=LINE('',#9064,#1257);
#820=LINE('',#9065,#1258);
#821=LINE('',#9067,#1259);
#822=LINE('',#9073,#1260);
#823=LINE('',#9079,#1261);
#824=LINE('',#9085,#1262);
#825=LINE('',#9091,#1263);
#826=LINE('',#9097,#1264);
#827=LINE('',#9102,#1265);
#828=LINE('',#9104,#1266);
#829=LINE('',#9106,#1267);
#830=LINE('',#9107,#1268);
#831=LINE('',#9115,#1269);
#832=LINE('',#9119,#1270);
#833=LINE('',#9122,#1271);
#834=LINE('',#9124,#1272);
#835=LINE('',#9125,#1273);
#836=LINE('',#9128,#1274);
#837=LINE('',#9129,#1275);
#838=LINE('',#9132,#1276);
#839=LINE('',#9133,#1277);
#840=LINE('',#9135,#1278);
#841=LINE('',#9141,#1279);
#842=LINE('',#9147,#1280);
#843=LINE('',#9153,#1281);
#844=LINE('',#9159,#1282);
#845=LINE('',#9165,#1283);
#846=LINE('',#9170,#1284);
#847=LINE('',#9172,#1285);
#848=LINE('',#9174,#1286);
#849=LINE('',#9175,#1287);
#850=LINE('',#9183,#1288);
#851=LINE('',#9187,#1289);
#852=LINE('',#9190,#1290);
#853=LINE('',#9192,#1291);
#854=LINE('',#9193,#1292);
#855=LINE('',#9196,#1293);
#856=LINE('',#9197,#1294);
#857=LINE('',#9200,#1295);
#858=LINE('',#9201,#1296);
#859=LINE('',#9203,#1297);
#860=LINE('',#9209,#1298);
#861=LINE('',#9215,#1299);
#862=LINE('',#9221,#1300);
#863=LINE('',#9227,#1301);
#864=LINE('',#9233,#1302);
#865=LINE('',#9238,#1303);
#866=LINE('',#9240,#1304);
#867=LINE('',#9242,#1305);
#868=LINE('',#9243,#1306);
#869=LINE('',#9251,#1307);
#870=LINE('',#9255,#1308);
#871=LINE('',#9258,#1309);
#872=LINE('',#9260,#1310);
#873=LINE('',#9261,#1311);
#874=LINE('',#9264,#1312);
#875=LINE('',#9265,#1313);
#876=LINE('',#9268,#1314);
#877=LINE('',#9269,#1315);
#878=LINE('',#9271,#1316);
#879=VECTOR('',#6203,10.);
#880=VECTOR('',#6204,10.);
#881=VECTOR('',#6215,10.);
#882=VECTOR('',#6216,10.);
#883=VECTOR('',#6235,10.);
#884=VECTOR('',#6236,10.);
#885=VECTOR('',#6239,10.);
#886=VECTOR('',#6240,10.);
#887=VECTOR('',#6251,10.);
#888=VECTOR('',#6252,10.);
#889=VECTOR('',#6255,10.);
#890=VECTOR('',#6256,10.);
#891=VECTOR('',#6259,10.);
#892=VECTOR('',#6260,10.);
#893=VECTOR('',#6263,10.);
#894=VECTOR('',#6264,10.);
#895=VECTOR('',#6267,10.);
#896=VECTOR('',#6268,10.);
#897=VECTOR('',#6271,10.);
#898=VECTOR('',#6272,10.);
#899=VECTOR('',#6275,10.);
#900=VECTOR('',#6276,10.);
#901=VECTOR('',#6279,10.);
#902=VECTOR('',#6280,10.);
#903=VECTOR('',#6297,10.);
#904=VECTOR('',#6300,10.);
#905=VECTOR('',#6303,10.);
#906=VECTOR('',#6304,10.);
#907=VECTOR('',#6305,10.);
#908=VECTOR('',#6310,10.);
#909=VECTOR('',#6313,10.);
#910=VECTOR('',#6316,10.);
#911=VECTOR('',#6317,10.);
#912=VECTOR('',#6318,10.);
#913=VECTOR('',#6323,10.);
#914=VECTOR('',#6326,10.);
#915=VECTOR('',#6329,10.);
#916=VECTOR('',#6330,10.);
#917=VECTOR('',#6331,10.);
#918=VECTOR('',#6336,10.);
#919=VECTOR('',#6339,10.);
#920=VECTOR('',#6342,10.);
#921=VECTOR('',#6343,10.);
#922=VECTOR('',#6344,10.);
#923=VECTOR('',#6349,4.);
#924=VECTOR('',#6356,4.);
#925=VECTOR('',#6363,4.);
#926=VECTOR('',#6370,4.);
#927=VECTOR('',#6375,10.);
#928=VECTOR('',#6376,10.);
#929=VECTOR('',#6377,10.);
#930=VECTOR('',#6380,10.);
#931=VECTOR('',#6381,10.);
#932=VECTOR('',#6382,10.);
#933=VECTOR('',#6385,10.);
#934=VECTOR('',#6386,10.);
#935=VECTOR('',#6391,3.00000000000001);
#936=VECTOR('',#6398,0.949999999999997);
#937=VECTOR('',#6405,0.949999999999997);
#938=VECTOR('',#6410,10.);
#939=VECTOR('',#6411,10.);
#940=VECTOR('',#6412,10.);
#941=VECTOR('',#6413,10.);
#942=VECTOR('',#6416,10.);
#943=VECTOR('',#6417,10.);
#944=VECTOR('',#6418,10.);
#945=VECTOR('',#6421,10.);
#946=VECTOR('',#6422,10.);
#947=VECTOR('',#6423,10.);
#948=VECTOR('',#6426,10.);
#949=VECTOR('',#6427,10.);
#950=VECTOR('',#6430,10.);
#951=VECTOR('',#6431,10.);
#952=VECTOR('',#6432,10.);
#953=VECTOR('',#6435,10.);
#954=VECTOR('',#6436,10.);
#955=VECTOR('',#6437,10.);
#956=VECTOR('',#6440,10.);
#957=VECTOR('',#6441,10.);
#958=VECTOR('',#6446,3.99999999999999);
#959=VECTOR('',#6453,4.);
#960=VECTOR('',#6460,4.);
#961=VECTOR('',#6467,4.);
#962=VECTOR('',#6474,3.99999999999999);
#963=VECTOR('',#6481,4.);
#964=VECTOR('',#6488,3.99999999999999);
#965=VECTOR('',#6495,4.);
#966=VECTOR('',#6500,10.);
#967=VECTOR('',#6501,10.);
#968=VECTOR('',#6502,10.);
#969=VECTOR('',#6503,10.);
#970=VECTOR('',#6506,10.);
#971=VECTOR('',#6507,10.);
#972=VECTOR('',#6508,10.);
#973=VECTOR('',#6511,10.);
#974=VECTOR('',#6512,10.);
#975=VECTOR('',#6513,10.);
#976=VECTOR('',#6516,10.);
#977=VECTOR('',#6517,10.);
#978=VECTOR('',#6520,10.);
#979=VECTOR('',#6521,10.);
#980=VECTOR('',#6522,10.);
#981=VECTOR('',#6525,10.);
#982=VECTOR('',#6526,10.);
#983=VECTOR('',#6527,10.);
#984=VECTOR('',#6530,10.);
#985=VECTOR('',#6531,10.);
#986=VECTOR('',#6536,0.949999999999997);
#987=VECTOR('',#6543,0.949999999999997);
#988=VECTOR('',#6548,10.);
#989=VECTOR('',#6549,10.);
#990=VECTOR('',#6550,10.);
#991=VECTOR('',#6551,10.);
#992=VECTOR('',#6554,10.);
#993=VECTOR('',#6555,10.);
#994=VECTOR('',#6556,10.);
#995=VECTOR('',#6559,10.);
#996=VECTOR('',#6560,10.);
#997=VECTOR('',#6561,10.);
#998=VECTOR('',#6564,10.);
#999=VECTOR('',#6565,10.);
#1000=VECTOR('',#6568,10.);
#1001=VECTOR('',#6569,10.);
#1002=VECTOR('',#6570,10.);
#1003=VECTOR('',#6573,10.);
#1004=VECTOR('',#6574,10.);
#1005=VECTOR('',#6575,10.);
#1006=VECTOR('',#6578,10.);
#1007=VECTOR('',#6579,10.);
#1008=VECTOR('',#6584,4.);
#1009=VECTOR('',#6591,4.);
#1010=VECTOR('',#6596,10.);
#1011=VECTOR('',#6597,10.);
#1012=VECTOR('',#6598,10.);
#1013=VECTOR('',#6599,10.);
#1014=VECTOR('',#6602,10.);
#1015=VECTOR('',#6603,10.);
#1016=VECTOR('',#6604,10.);
#1017=VECTOR('',#6607,10.);
#1018=VECTOR('',#6608,10.);
#1019=VECTOR('',#6609,10.);
#1020=VECTOR('',#6612,10.);
#1021=VECTOR('',#6613,10.);
#1022=VECTOR('',#6618,4.);
#1023=VECTOR('',#6623,10.);
#1024=VECTOR('',#6624,10.);
#1025=VECTOR('',#6625,10.);
#1026=VECTOR('',#6626,10.);
#1027=VECTOR('',#6629,10.);
#1028=VECTOR('',#6630,10.);
#1029=VECTOR('',#6631,10.);
#1030=VECTOR('',#6634,10.);
#1031=VECTOR('',#6635,10.);
#1032=VECTOR('',#6636,10.);
#1033=VECTOR('',#6639,10.);
#1034=VECTOR('',#6640,10.);
#1035=VECTOR('',#6651,10.);
#1036=VECTOR('',#6652,10.);
#1037=VECTOR('',#6653,10.);
#1038=VECTOR('',#6654,10.);
#1039=VECTOR('',#6655,10.);
#1040=VECTOR('',#6656,10.);
#1041=VECTOR('',#6657,10.);
#1042=VECTOR('',#6658,10.);
#1043=VECTOR('',#6659,10.);
#1044=VECTOR('',#6660,10.);
#1045=VECTOR('',#6661,10.);
#1046=VECTOR('',#6662,10.);
#1047=VECTOR('',#6663,10.);
#1048=VECTOR('',#6664,10.);
#1049=VECTOR('',#6665,10.);
#1050=VECTOR('',#6666,10.);
#1051=VECTOR('',#6751,0.950000000000002);
#1052=VECTOR('',#6760,0.949999999999998);
#1053=VECTOR('',#6769,0.950000000000004);
#1054=VECTOR('',#6778,0.95);
#1055=VECTOR('',#6787,0.95);
#1056=VECTOR('',#6796,0.950000000000006);
#1057=VECTOR('',#6805,0.95);
#1058=VECTOR('',#6814,0.95);
#1059=VECTOR('',#6821,1.5);
#1060=VECTOR('',#6826,1.5);
#1061=VECTOR('',#6831,1.5);
#1062=VECTOR('',#6836,1.5);
#1063=VECTOR('',#6841,1.5);
#1064=VECTOR('',#6846,1.5);
#1065=VECTOR('',#6851,1.5);
#1066=VECTOR('',#6856,1.49999999999999);
#1067=VECTOR('',#6861,1.5);
#1068=VECTOR('',#6866,1.5);
#1069=VECTOR('',#6871,1.5);
#1070=VECTOR('',#6876,1.5);
#1071=VECTOR('',#6881,10.);
#1072=VECTOR('',#6882,10.);
#1073=VECTOR('',#6883,10.);
#1074=VECTOR('',#6886,10.);
#1075=VECTOR('',#6887,10.);
#1076=VECTOR('',#6890,10.);
#1077=VECTOR('',#6891,10.);
#1078=VECTOR('',#6894,10.);
#1079=VECTOR('',#6895,10.);
#1080=VECTOR('',#6898,10.);
#1081=VECTOR('',#6899,10.);
#1082=VECTOR('',#6902,10.);
#1083=VECTOR('',#6903,10.);
#1084=VECTOR('',#6906,10.);
#1085=VECTOR('',#6907,10.);
#1086=VECTOR('',#6910,10.);
#1087=VECTOR('',#6911,10.);
#1088=VECTOR('',#6914,10.);
#1089=VECTOR('',#6915,10.);
#1090=VECTOR('',#6918,10.);
#1091=VECTOR('',#6919,10.);
#1092=VECTOR('',#6922,10.);
#1093=VECTOR('',#6923,10.);
#1094=VECTOR('',#6926,10.);
#1095=VECTOR('',#6927,10.);
#1096=VECTOR('',#6930,10.);
#1097=VECTOR('',#6931,10.);
#1098=VECTOR('',#6934,10.);
#1099=VECTOR('',#6935,10.);
#1100=VECTOR('',#6938,10.);
#1101=VECTOR('',#6939,10.);
#1102=VECTOR('',#6942,10.);
#1103=VECTOR('',#6949,4.);
#1104=VECTOR('',#6956,4.);
#1105=VECTOR('',#6963,4.);
#1106=VECTOR('',#6970,4.);
#1107=VECTOR('',#6977,4.);
#1108=VECTOR('',#6984,4.);
#1109=VECTOR('',#6991,4.);
#1110=VECTOR('',#6998,4.);
#1111=VECTOR('',#7005,4.);
#1112=VECTOR('',#7012,4.);
#1113=VECTOR('',#7019,3.99999999999999);
#1114=VECTOR('',#7026,4.);
#1115=VECTOR('',#7033,4.);
#1116=VECTOR('',#7040,4.);
#1117=VECTOR('',#7047,3.99999999999999);
#1118=VECTOR('',#7054,4.);
#1119=VECTOR('',#7061,3.99999999999999);
#1120=VECTOR('',#7068,4.);
#1121=VECTOR('',#7075,4.);
#1122=VECTOR('',#7082,4.);
#1123=VECTOR('',#7089,4.);
#1124=VECTOR('',#7096,4.);
#1125=VECTOR('',#7103,4.);
#1126=VECTOR('',#7110,4.);
#1127=VECTOR('',#7117,3.99999999999999);
#1128=VECTOR('',#7124,4.);
#1129=VECTOR('',#7131,3.99999999999999);
#1130=VECTOR('',#7138,4.);
#1131=VECTOR('',#7145,1.5);
#1132=VECTOR('',#7152,1.5);
#1133=VECTOR('',#7159,1.5);
#1134=VECTOR('',#7166,1.5);
#1135=VECTOR('',#7173,1.5);
#1136=VECTOR('',#7180,1.5);
#1137=VECTOR('',#7187,1.5);
#1138=VECTOR('',#7194,1.5);
#1139=VECTOR('',#7201,1.5);
#1140=VECTOR('',#7206,10.);
#1141=VECTOR('',#7207,10.);
#1142=VECTOR('',#7208,10.);
#1143=VECTOR('',#7209,10.);
#1144=VECTOR('',#7212,10.);
#1145=VECTOR('',#7213,10.);
#1146=VECTOR('',#7214,10.);
#1147=VECTOR('',#7217,10.);
#1148=VECTOR('',#7218,10.);
#1149=VECTOR('',#7219,10.);
#1150=VECTOR('',#7222,10.);
#1151=VECTOR('',#7223,10.);
#1152=VECTOR('',#7228,1.49999999999999);
#1153=VECTOR('',#7235,1.5);
#1154=VECTOR('',#7242,1.5);
#1155=VECTOR('',#7247,10.);
#1156=VECTOR('',#7248,10.);
#1157=VECTOR('',#7249,10.);
#1158=VECTOR('',#7250,10.);
#1159=VECTOR('',#7253,10.);
#1160=VECTOR('',#7254,10.);
#1161=VECTOR('',#7255,10.);
#1162=VECTOR('',#7258,10.);
#1163=VECTOR('',#7259,10.);
#1164=VECTOR('',#7260,10.);
#1165=VECTOR('',#7263,10.);
#1166=VECTOR('',#7264,10.);
#1167=VECTOR('',#7265,10.);
#1168=VECTOR('',#7268,10.);
#1169=VECTOR('',#7269,10.);
#1170=VECTOR('',#7270,10.);
#1171=VECTOR('',#7273,10.);
#1172=VECTOR('',#7274,10.);
#1173=VECTOR('',#7275,10.);
#1174=VECTOR('',#7278,10.);
#1175=VECTOR('',#7279,10.);
#1176=VECTOR('',#7280,10.);
#1177=VECTOR('',#7283,10.);
#1178=VECTOR('',#7284,10.);
#1179=VECTOR('',#7285,10.);
#1180=VECTOR('',#7288,10.);
#1181=VECTOR('',#7289,10.);
#1182=VECTOR('',#7290,10.);
#1183=VECTOR('',#7293,10.);
#1184=VECTOR('',#7294,10.);
#1185=VECTOR('',#7295,10.);
#1186=VECTOR('',#7298,10.);
#1187=VECTOR('',#7299,10.);
#1188=VECTOR('',#7300,10.);
#1189=VECTOR('',#7303,10.);
#1190=VECTOR('',#7304,10.);
#1191=VECTOR('',#7305,10.);
#1192=VECTOR('',#7308,10.);
#1193=VECTOR('',#7309,10.);
#1194=VECTOR('',#7310,10.);
#1195=VECTOR('',#7313,10.);
#1196=VECTOR('',#7314,10.);
#1197=VECTOR('',#7315,10.);
#1198=VECTOR('',#7318,10.);
#1199=VECTOR('',#7319,10.);
#1200=VECTOR('',#7320,10.);
#1201=VECTOR('',#7323,10.);
#1202=VECTOR('',#7324,10.);
#1203=VECTOR('',#7333,6.);
#1204=VECTOR('',#7340,1.5);
#1205=VECTOR('',#7347,1.5);
#1206=VECTOR('',#7354,1.5);
#1207=VECTOR('',#7361,1.5);
#1208=VECTOR('',#7366,10.);
#1209=VECTOR('',#7367,10.);
#1210=VECTOR('',#7368,10.);
#1211=VECTOR('',#7369,10.);
#1212=VECTOR('',#7378,1.13);
#1213=VECTOR('',#7383,1.13);
#1214=VECTOR('',#7386,10.);
#1215=VECTOR('',#7387,10.);
#1216=VECTOR('',#7388,10.);
#1217=VECTOR('',#7391,10.);
#1218=VECTOR('',#7392,10.);
#1219=VECTOR('',#7395,10.);
#1220=VECTOR('',#7396,10.);
#1221=VECTOR('',#7399,10.);
#1222=VECTOR('',#7406,1.5);
#1223=VECTOR('',#7413,6.);
#1224=VECTOR('',#7420,1.5);
#1225=VECTOR('',#7427,1.5);
#1226=VECTOR('',#7434,1.5);
#1227=VECTOR('',#7439,10.);
#1228=VECTOR('',#7440,10.);
#1229=VECTOR('',#7441,10.);
#1230=VECTOR('',#7442,10.);
#1231=VECTOR('',#7451,1.13);
#1232=VECTOR('',#7456,1.13);
#1233=VECTOR('',#7459,10.);
#1234=VECTOR('',#7460,10.);
#1235=VECTOR('',#7461,10.);
#1236=VECTOR('',#7464,10.);
#1237=VECTOR('',#7465,10.);
#1238=VECTOR('',#7468,10.);
#1239=VECTOR('',#7469,10.);
#1240=VECTOR('',#7472,10.);
#1241=VECTOR('',#7479,6.00000000000001);
#1242=VECTOR('',#7486,1.5);
#1243=VECTOR('',#7493,1.5);
#1244=VECTOR('',#7500,1.5);
#1245=VECTOR('',#7507,1.5);
#1246=VECTOR('',#7512,10.);
#1247=VECTOR('',#7513,10.);
#1248=VECTOR('',#7514,10.);
#1249=VECTOR('',#7515,10.);
#1250=VECTOR('',#7524,1.13);
#1251=VECTOR('',#7529,1.13);
#1252=VECTOR('',#7532,10.);
#1253=VECTOR('',#7533,10.);
#1254=VECTOR('',#7534,10.);
#1255=VECTOR('',#7537,10.);
#1256=VECTOR('',#7538,10.);
#1257=VECTOR('',#7541,10.);
#1258=VECTOR('',#7542,10.);
#1259=VECTOR('',#7545,10.);
#1260=VECTOR('',#7552,1.49999999999999);
#1261=VECTOR('',#7559,6.00000000000001);
#1262=VECTOR('',#7566,1.49999999999999);
#1263=VECTOR('',#7573,1.5);
#1264=VECTOR('',#7580,1.5);
#1265=VECTOR('',#7585,10.);
#1266=VECTOR('',#7586,10.);
#1267=VECTOR('',#7587,10.);
#1268=VECTOR('',#7588,10.);
#1269=VECTOR('',#7597,1.13);
#1270=VECTOR('',#7602,1.13);
#1271=VECTOR('',#7605,10.);
#1272=VECTOR('',#7606,10.);
#1273=VECTOR('',#7607,10.);
#1274=VECTOR('',#7610,10.);
#1275=VECTOR('',#7611,10.);
#1276=VECTOR('',#7614,10.);
#1277=VECTOR('',#7615,10.);
#1278=VECTOR('',#7618,10.);
#1279=VECTOR('',#7625,1.5);
#1280=VECTOR('',#7632,6.);
#1281=VECTOR('',#7639,1.5);
#1282=VECTOR('',#7646,1.49999999999999);
#1283=VECTOR('',#7653,1.5);
#1284=VECTOR('',#7658,10.);
#1285=VECTOR('',#7659,10.);
#1286=VECTOR('',#7660,10.);
#1287=VECTOR('',#7661,10.);
#1288=VECTOR('',#7670,1.13);
#1289=VECTOR('',#7675,1.13);
#1290=VECTOR('',#7678,10.);
#1291=VECTOR('',#7679,10.);
#1292=VECTOR('',#7680,10.);
#1293=VECTOR('',#7683,10.);
#1294=VECTOR('',#7684,10.);
#1295=VECTOR('',#7687,10.);
#1296=VECTOR('',#7688,10.);
#1297=VECTOR('',#7691,10.);
#1298=VECTOR('',#7698,1.5);
#1299=VECTOR('',#7705,6.00000000000001);
#1300=VECTOR('',#7712,1.49999999999999);
#1301=VECTOR('',#7719,1.5);
#1302=VECTOR('',#7726,1.5);
#1303=VECTOR('',#7731,10.);
#1304=VECTOR('',#7732,10.);
#1305=VECTOR('',#7733,10.);
#1306=VECTOR('',#7734,10.);
#1307=VECTOR('',#7743,1.13);
#1308=VECTOR('',#7748,1.13);
#1309=VECTOR('',#7751,10.);
#1310=VECTOR('',#7752,10.);
#1311=VECTOR('',#7753,10.);
#1312=VECTOR('',#7756,10.);
#1313=VECTOR('',#7757,10.);
#1314=VECTOR('',#7760,10.);
#1315=VECTOR('',#7761,10.);
#1316=VECTOR('',#7764,10.);
#1317=CYLINDRICAL_SURFACE('',#5600,2.);
#1318=CYLINDRICAL_SURFACE('',#5605,2.);
#1319=CYLINDRICAL_SURFACE('',#5614,2.);
#1320=CYLINDRICAL_SURFACE('',#5615,2.);
#1321=CYLINDRICAL_SURFACE('',#5620,2.);
#1322=CYLINDRICAL_SURFACE('',#5621,2.);
#1323=CYLINDRICAL_SURFACE('',#5622,2.);
#1324=CYLINDRICAL_SURFACE('',#5623,2.);
#1325=CYLINDRICAL_SURFACE('',#5624,2.);
#1326=CYLINDRICAL_SURFACE('',#5625,2.);
#1327=CYLINDRICAL_SURFACE('',#5626,2.);
#1328=CYLINDRICAL_SURFACE('',#5627,2.);
#1329=CYLINDRICAL_SURFACE('',#5634,2.);
#1330=CYLINDRICAL_SURFACE('',#5638,2.);
#1331=CYLINDRICAL_SURFACE('',#5642,2.);
#1332=CYLINDRICAL_SURFACE('',#5646,2.);
#1333=CYLINDRICAL_SURFACE('',#5650,4.);
#1334=CYLINDRICAL_SURFACE('',#5653,4.);
#1335=CYLINDRICAL_SURFACE('',#5656,4.);
#1336=CYLINDRICAL_SURFACE('',#5659,4.);
#1337=CYLINDRICAL_SURFACE('',#5665,3.00000000000001);
#1338=CYLINDRICAL_SURFACE('',#5668,0.949999999999998);
#1339=CYLINDRICAL_SURFACE('',#5671,0.949999999999998);
#1340=CYLINDRICAL_SURFACE('',#5681,3.99999999999999);
#1341=CYLINDRICAL_SURFACE('',#5684,4.);
#1342=CYLINDRICAL_SURFACE('',#5687,4.);
#1343=CYLINDRICAL_SURFACE('',#5690,4.);
#1344=CYLINDRICAL_SURFACE('',#5693,3.99999999999999);
#1345=CYLINDRICAL_SURFACE('',#5696,4.);
#1346=CYLINDRICAL_SURFACE('',#5699,3.99999999999999);
#1347=CYLINDRICAL_SURFACE('',#5702,4.);
#1348=CYLINDRICAL_SURFACE('',#5712,0.949999999999998);
#1349=CYLINDRICAL_SURFACE('',#5715,0.949999999999998);
#1350=CYLINDRICAL_SURFACE('',#5725,4.);
#1351=CYLINDRICAL_SURFACE('',#5728,4.);
#1352=CYLINDRICAL_SURFACE('',#5735,4.);
#1353=CYLINDRICAL_SURFACE('',#5787,0.950000000000002);
#1354=CYLINDRICAL_SURFACE('',#5791,0.949999999999998);
#1355=CYLINDRICAL_SURFACE('',#5795,0.950000000000004);
#1356=CYLINDRICAL_SURFACE('',#5799,0.95);
#1357=CYLINDRICAL_SURFACE('',#5803,0.95);
#1358=CYLINDRICAL_SURFACE('',#5807,0.950000000000006);
#1359=CYLINDRICAL_SURFACE('',#5811,0.95);
#1360=CYLINDRICAL_SURFACE('',#5815,0.95);
#1361=CYLINDRICAL_SURFACE('',#5819,1.5);
#1362=CYLINDRICAL_SURFACE('',#5821,1.5);
#1363=CYLINDRICAL_SURFACE('',#5823,1.5);
#1364=CYLINDRICAL_SURFACE('',#5825,1.5);
#1365=CYLINDRICAL_SURFACE('',#5827,1.5);
#1366=CYLINDRICAL_SURFACE('',#5829,1.5);
#1367=CYLINDRICAL_SURFACE('',#5831,1.5);
#1368=CYLINDRICAL_SURFACE('',#5833,1.49999999999999);
#1369=CYLINDRICAL_SURFACE('',#5835,1.5);
#1370=CYLINDRICAL_SURFACE('',#5837,1.5);
#1371=CYLINDRICAL_SURFACE('',#5839,1.5);
#1372=CYLINDRICAL_SURFACE('',#5841,1.5);
#1373=CYLINDRICAL_SURFACE('',#5860,4.);
#1374=CYLINDRICAL_SURFACE('',#5863,4.);
#1375=CYLINDRICAL_SURFACE('',#5866,4.);
#1376=CYLINDRICAL_SURFACE('',#5869,4.);
#1377=CYLINDRICAL_SURFACE('',#5872,4.);
#1378=CYLINDRICAL_SURFACE('',#5875,4.);
#1379=CYLINDRICAL_SURFACE('',#5878,4.);
#1380=CYLINDRICAL_SURFACE('',#5881,4.);
#1381=CYLINDRICAL_SURFACE('',#5884,4.);
#1382=CYLINDRICAL_SURFACE('',#5887,4.);
#1383=CYLINDRICAL_SURFACE('',#5890,3.99999999999999);
#1384=CYLINDRICAL_SURFACE('',#5893,4.);
#1385=CYLINDRICAL_SURFACE('',#5896,4.);
#1386=CYLINDRICAL_SURFACE('',#5899,4.);
#1387=CYLINDRICAL_SURFACE('',#5902,3.99999999999999);
#1388=CYLINDRICAL_SURFACE('',#5905,4.);
#1389=CYLINDRICAL_SURFACE('',#5908,3.99999999999999);
#1390=CYLINDRICAL_SURFACE('',#5911,4.);
#1391=CYLINDRICAL_SURFACE('',#5914,4.);
#1392=CYLINDRICAL_SURFACE('',#5917,4.);
#1393=CYLINDRICAL_SURFACE('',#5920,4.);
#1394=CYLINDRICAL_SURFACE('',#5923,4.);
#1395=CYLINDRICAL_SURFACE('',#5926,4.);
#1396=CYLINDRICAL_SURFACE('',#5929,4.);
#1397=CYLINDRICAL_SURFACE('',#5932,3.99999999999999);
#1398=CYLINDRICAL_SURFACE('',#5935,4.);
#1399=CYLINDRICAL_SURFACE('',#5938,3.99999999999999);
#1400=CYLINDRICAL_SURFACE('',#5941,4.);
#1401=CYLINDRICAL_SURFACE('',#5944,1.5);
#1402=CYLINDRICAL_SURFACE('',#5947,1.5);
#1403=CYLINDRICAL_SURFACE('',#5950,1.5);
#1404=CYLINDRICAL_SURFACE('',#5953,1.5);
#1405=CYLINDRICAL_SURFACE('',#5956,1.5);
#1406=CYLINDRICAL_SURFACE('',#5959,1.5);
#1407=CYLINDRICAL_SURFACE('',#5962,1.5);
#1408=CYLINDRICAL_SURFACE('',#5965,1.5);
#1409=CYLINDRICAL_SURFACE('',#5968,1.5);
#1410=CYLINDRICAL_SURFACE('',#5975,1.49999999999999);
#1411=CYLINDRICAL_SURFACE('',#5978,1.5);
#1412=CYLINDRICAL_SURFACE('',#5981,1.5);
#1413=CYLINDRICAL_SURFACE('',#6002,6.);
#1414=CYLINDRICAL_SURFACE('',#6005,1.5);
#1415=CYLINDRICAL_SURFACE('',#6008,1.5);
#1416=CYLINDRICAL_SURFACE('',#6011,1.5);
#1417=CYLINDRICAL_SURFACE('',#6014,1.5);
#1418=CYLINDRICAL_SURFACE('',#6020,1.13);
#1419=CYLINDRICAL_SURFACE('',#6022,1.13);
#1420=CYLINDRICAL_SURFACE('',#6029,1.5);
#1421=CYLINDRICAL_SURFACE('',#6032,6.);
#1422=CYLINDRICAL_SURFACE('',#6035,1.5);
#1423=CYLINDRICAL_SURFACE('',#6038,1.5);
#1424=CYLINDRICAL_SURFACE('',#6041,1.5);
#1425=CYLINDRICAL_SURFACE('',#6047,1.13);
#1426=CYLINDRICAL_SURFACE('',#6049,1.13);
#1427=CYLINDRICAL_SURFACE('',#6056,6.00000000000001);
#1428=CYLINDRICAL_SURFACE('',#6059,1.5);
#1429=CYLINDRICAL_SURFACE('',#6062,1.5);
#1430=CYLINDRICAL_SURFACE('',#6065,1.5);
#1431=CYLINDRICAL_SURFACE('',#6068,1.5);
#1432=CYLINDRICAL_SURFACE('',#6074,1.13);
#1433=CYLINDRICAL_SURFACE('',#6076,1.13);
#1434=CYLINDRICAL_SURFACE('',#6083,1.49999999999999);
#1435=CYLINDRICAL_SURFACE('',#6086,6.00000000000001);
#1436=CYLINDRICAL_SURFACE('',#6089,1.49999999999999);
#1437=CYLINDRICAL_SURFACE('',#6092,1.5);
#1438=CYLINDRICAL_SURFACE('',#6095,1.5);
#1439=CYLINDRICAL_SURFACE('',#6101,1.13);
#1440=CYLINDRICAL_SURFACE('',#6103,1.13);
#1441=CYLINDRICAL_SURFACE('',#6110,1.5);
#1442=CYLINDRICAL_SURFACE('',#6113,6.);
#1443=CYLINDRICAL_SURFACE('',#6116,1.5);
#1444=CYLINDRICAL_SURFACE('',#6119,1.49999999999999);
#1445=CYLINDRICAL_SURFACE('',#6122,1.5);
#1446=CYLINDRICAL_SURFACE('',#6128,1.13);
#1447=CYLINDRICAL_SURFACE('',#6130,1.13);
#1448=CYLINDRICAL_SURFACE('',#6137,1.5);
#1449=CYLINDRICAL_SURFACE('',#6140,6.00000000000001);
#1450=CYLINDRICAL_SURFACE('',#6143,1.49999999999999);
#1451=CYLINDRICAL_SURFACE('',#6146,1.5);
#1452=CYLINDRICAL_SURFACE('',#6149,1.5);
#1453=CYLINDRICAL_SURFACE('',#6155,1.13);
#1454=CYLINDRICAL_SURFACE('',#6157,1.13);
#1455=FACE_OUTER_BOUND('',#1735,.T.);
#1456=FACE_OUTER_BOUND('',#1736,.T.);
#1457=FACE_OUTER_BOUND('',#1737,.T.);
#1458=FACE_OUTER_BOUND('',#1738,.T.);
#1459=FACE_OUTER_BOUND('',#1739,.T.);
#1460=FACE_OUTER_BOUND('',#1740,.T.);
#1461=FACE_OUTER_BOUND('',#1741,.T.);
#1462=FACE_OUTER_BOUND('',#1742,.T.);
#1463=FACE_OUTER_BOUND('',#1743,.T.);
#1464=FACE_OUTER_BOUND('',#1744,.T.);
#1465=FACE_OUTER_BOUND('',#1745,.T.);
#1466=FACE_OUTER_BOUND('',#1746,.T.);
#1467=FACE_OUTER_BOUND('',#1747,.T.);
#1468=FACE_OUTER_BOUND('',#1748,.T.);
#1469=FACE_OUTER_BOUND('',#1749,.T.);
#1470=FACE_OUTER_BOUND('',#1750,.T.);
#1471=FACE_OUTER_BOUND('',#1751,.T.);
#1472=FACE_OUTER_BOUND('',#1752,.T.);
#1473=FACE_OUTER_BOUND('',#1753,.T.);
#1474=FACE_OUTER_BOUND('',#1754,.T.);
#1475=FACE_OUTER_BOUND('',#1755,.T.);
#1476=FACE_OUTER_BOUND('',#1756,.T.);
#1477=FACE_OUTER_BOUND('',#1757,.T.);
#1478=FACE_OUTER_BOUND('',#1758,.T.);
#1479=FACE_OUTER_BOUND('',#1759,.T.);
#1480=FACE_OUTER_BOUND('',#1760,.T.);
#1481=FACE_OUTER_BOUND('',#1761,.T.);
#1482=FACE_OUTER_BOUND('',#1762,.T.);
#1483=FACE_OUTER_BOUND('',#1763,.T.);
#1484=FACE_OUTER_BOUND('',#1764,.T.);
#1485=FACE_OUTER_BOUND('',#1765,.T.);
#1486=FACE_OUTER_BOUND('',#1766,.T.);
#1487=FACE_OUTER_BOUND('',#1767,.T.);
#1488=FACE_OUTER_BOUND('',#1768,.T.);
#1489=FACE_OUTER_BOUND('',#1769,.T.);
#1490=FACE_OUTER_BOUND('',#1770,.T.);
#1491=FACE_OUTER_BOUND('',#1771,.T.);
#1492=FACE_OUTER_BOUND('',#1772,.T.);
#1493=FACE_OUTER_BOUND('',#1773,.T.);
#1494=FACE_OUTER_BOUND('',#1774,.T.);
#1495=FACE_OUTER_BOUND('',#1775,.T.);
#1496=FACE_OUTER_BOUND('',#1776,.T.);
#1497=FACE_OUTER_BOUND('',#1777,.T.);
#1498=FACE_OUTER_BOUND('',#1778,.T.);
#1499=FACE_OUTER_BOUND('',#1779,.T.);
#1500=FACE_OUTER_BOUND('',#1780,.T.);
#1501=FACE_OUTER_BOUND('',#1781,.T.);
#1502=FACE_OUTER_BOUND('',#1782,.T.);
#1503=FACE_OUTER_BOUND('',#1783,.T.);
#1504=FACE_OUTER_BOUND('',#1784,.T.);
#1505=FACE_OUTER_BOUND('',#1785,.T.);
#1506=FACE_OUTER_BOUND('',#1786,.T.);
#1507=FACE_OUTER_BOUND('',#1787,.T.);
#1508=FACE_OUTER_BOUND('',#1788,.T.);
#1509=FACE_OUTER_BOUND('',#1789,.T.);
#1510=FACE_OUTER_BOUND('',#1790,.T.);
#1511=FACE_OUTER_BOUND('',#1791,.T.);
#1512=FACE_OUTER_BOUND('',#1792,.T.);
#1513=FACE_OUTER_BOUND('',#1793,.T.);
#1514=FACE_OUTER_BOUND('',#1794,.T.);
#1515=FACE_OUTER_BOUND('',#1795,.T.);
#1516=FACE_OUTER_BOUND('',#1796,.T.);
#1517=FACE_OUTER_BOUND('',#1797,.T.);
#1518=FACE_OUTER_BOUND('',#1798,.T.);
#1519=FACE_OUTER_BOUND('',#1799,.T.);
#1520=FACE_OUTER_BOUND('',#1800,.T.);
#1521=FACE_OUTER_BOUND('',#1801,.T.);
#1522=FACE_OUTER_BOUND('',#1802,.T.);
#1523=FACE_OUTER_BOUND('',#1803,.T.);
#1524=FACE_OUTER_BOUND('',#1804,.T.);
#1525=FACE_OUTER_BOUND('',#1805,.T.);
#1526=FACE_OUTER_BOUND('',#1806,.T.);
#1527=FACE_OUTER_BOUND('',#1807,.T.);
#1528=FACE_OUTER_BOUND('',#1808,.T.);
#1529=FACE_OUTER_BOUND('',#1809,.T.);
#1530=FACE_OUTER_BOUND('',#1810,.T.);
#1531=FACE_OUTER_BOUND('',#1811,.T.);
#1532=FACE_OUTER_BOUND('',#1812,.T.);
#1533=FACE_OUTER_BOUND('',#1813,.T.);
#1534=FACE_OUTER_BOUND('',#1814,.T.);
#1535=FACE_OUTER_BOUND('',#1815,.T.);
#1536=FACE_OUTER_BOUND('',#1816,.T.);
#1537=FACE_OUTER_BOUND('',#1817,.T.);
#1538=FACE_OUTER_BOUND('',#1818,.T.);
#1539=FACE_OUTER_BOUND('',#1819,.T.);
#1540=FACE_OUTER_BOUND('',#1820,.T.);
#1541=FACE_OUTER_BOUND('',#1821,.T.);
#1542=FACE_OUTER_BOUND('',#1822,.T.);
#1543=FACE_OUTER_BOUND('',#1872,.T.);
#1544=FACE_OUTER_BOUND('',#1873,.T.);
#1545=FACE_OUTER_BOUND('',#1874,.T.);
#1546=FACE_OUTER_BOUND('',#1875,.T.);
#1547=FACE_OUTER_BOUND('',#1876,.T.);
#1548=FACE_OUTER_BOUND('',#1877,.T.);
#1549=FACE_OUTER_BOUND('',#1878,.T.);
#1550=FACE_OUTER_BOUND('',#1879,.T.);
#1551=FACE_OUTER_BOUND('',#1880,.T.);
#1552=FACE_OUTER_BOUND('',#1882,.T.);
#1553=FACE_OUTER_BOUND('',#1883,.T.);
#1554=FACE_OUTER_BOUND('',#1885,.T.);
#1555=FACE_OUTER_BOUND('',#1886,.T.);
#1556=FACE_OUTER_BOUND('',#1888,.T.);
#1557=FACE_OUTER_BOUND('',#1889,.T.);
#1558=FACE_OUTER_BOUND('',#1891,.T.);
#1559=FACE_OUTER_BOUND('',#1892,.T.);
#1560=FACE_OUTER_BOUND('',#1894,.T.);
#1561=FACE_OUTER_BOUND('',#1895,.T.);
#1562=FACE_OUTER_BOUND('',#1897,.T.);
#1563=FACE_OUTER_BOUND('',#1898,.T.);
#1564=FACE_OUTER_BOUND('',#1900,.T.);
#1565=FACE_OUTER_BOUND('',#1901,.T.);
#1566=FACE_OUTER_BOUND('',#1903,.T.);
#1567=FACE_OUTER_BOUND('',#1904,.T.);
#1568=FACE_OUTER_BOUND('',#1905,.T.);
#1569=FACE_OUTER_BOUND('',#1906,.T.);
#1570=FACE_OUTER_BOUND('',#1907,.T.);
#1571=FACE_OUTER_BOUND('',#1908,.T.);
#1572=FACE_OUTER_BOUND('',#1909,.T.);
#1573=FACE_OUTER_BOUND('',#1910,.T.);
#1574=FACE_OUTER_BOUND('',#1911,.T.);
#1575=FACE_OUTER_BOUND('',#1912,.T.);
#1576=FACE_OUTER_BOUND('',#1913,.T.);
#1577=FACE_OUTER_BOUND('',#1914,.T.);
#1578=FACE_OUTER_BOUND('',#1915,.T.);
#1579=FACE_OUTER_BOUND('',#1916,.T.);
#1580=FACE_OUTER_BOUND('',#1917,.T.);
#1581=FACE_OUTER_BOUND('',#1918,.T.);
#1582=FACE_OUTER_BOUND('',#1919,.T.);
#1583=FACE_OUTER_BOUND('',#1920,.T.);
#1584=FACE_OUTER_BOUND('',#1921,.T.);
#1585=FACE_OUTER_BOUND('',#1922,.T.);
#1586=FACE_OUTER_BOUND('',#1923,.T.);
#1587=FACE_OUTER_BOUND('',#1924,.T.);
#1588=FACE_OUTER_BOUND('',#1925,.T.);
#1589=FACE_OUTER_BOUND('',#1926,.T.);
#1590=FACE_OUTER_BOUND('',#1927,.T.);
#1591=FACE_OUTER_BOUND('',#1928,.T.);
#1592=FACE_OUTER_BOUND('',#1929,.T.);
#1593=FACE_OUTER_BOUND('',#1930,.T.);
#1594=FACE_OUTER_BOUND('',#1931,.T.);
#1595=FACE_OUTER_BOUND('',#1981,.T.);
#1596=FACE_OUTER_BOUND('',#1982,.T.);
#1597=FACE_OUTER_BOUND('',#1983,.T.);
#1598=FACE_OUTER_BOUND('',#1984,.T.);
#1599=FACE_OUTER_BOUND('',#1985,.T.);
#1600=FACE_OUTER_BOUND('',#1986,.T.);
#1601=FACE_OUTER_BOUND('',#1987,.T.);
#1602=FACE_OUTER_BOUND('',#1988,.T.);
#1603=FACE_OUTER_BOUND('',#1989,.T.);
#1604=FACE_OUTER_BOUND('',#1990,.T.);
#1605=FACE_OUTER_BOUND('',#1991,.T.);
#1606=FACE_OUTER_BOUND('',#1992,.T.);
#1607=FACE_OUTER_BOUND('',#1993,.T.);
#1608=FACE_OUTER_BOUND('',#1994,.T.);
#1609=FACE_OUTER_BOUND('',#1995,.T.);
#1610=FACE_OUTER_BOUND('',#1996,.T.);
#1611=FACE_OUTER_BOUND('',#1997,.T.);
#1612=FACE_OUTER_BOUND('',#1998,.T.);
#1613=FACE_OUTER_BOUND('',#1999,.T.);
#1614=FACE_OUTER_BOUND('',#2000,.T.);
#1615=FACE_OUTER_BOUND('',#2001,.T.);
#1616=FACE_OUTER_BOUND('',#2002,.T.);
#1617=FACE_OUTER_BOUND('',#2003,.T.);
#1618=FACE_OUTER_BOUND('',#2004,.T.);
#1619=FACE_OUTER_BOUND('',#2005,.T.);
#1620=FACE_OUTER_BOUND('',#2006,.T.);
#1621=FACE_OUTER_BOUND('',#2007,.T.);
#1622=FACE_OUTER_BOUND('',#2008,.T.);
#1623=FACE_OUTER_BOUND('',#2009,.T.);
#1624=FACE_OUTER_BOUND('',#2010,.T.);
#1625=FACE_OUTER_BOUND('',#2011,.T.);
#1626=FACE_OUTER_BOUND('',#2012,.T.);
#1627=FACE_OUTER_BOUND('',#2013,.T.);
#1628=FACE_OUTER_BOUND('',#2014,.T.);
#1629=FACE_OUTER_BOUND('',#2015,.T.);
#1630=FACE_OUTER_BOUND('',#2016,.T.);
#1631=FACE_OUTER_BOUND('',#2017,.T.);
#1632=FACE_OUTER_BOUND('',#2018,.T.);
#1633=FACE_OUTER_BOUND('',#2019,.T.);
#1634=FACE_OUTER_BOUND('',#2020,.T.);
#1635=FACE_OUTER_BOUND('',#2021,.T.);
#1636=FACE_OUTER_BOUND('',#2022,.T.);
#1637=FACE_OUTER_BOUND('',#2023,.T.);
#1638=FACE_OUTER_BOUND('',#2024,.T.);
#1639=FACE_OUTER_BOUND('',#2025,.T.);
#1640=FACE_OUTER_BOUND('',#2026,.T.);
#1641=FACE_OUTER_BOUND('',#2027,.T.);
#1642=FACE_OUTER_BOUND('',#2028,.T.);
#1643=FACE_OUTER_BOUND('',#2029,.T.);
#1644=FACE_OUTER_BOUND('',#2030,.T.);
#1645=FACE_OUTER_BOUND('',#2031,.T.);
#1646=FACE_OUTER_BOUND('',#2032,.T.);
#1647=FACE_OUTER_BOUND('',#2033,.T.);
#1648=FACE_OUTER_BOUND('',#2034,.T.);
#1649=FACE_OUTER_BOUND('',#2035,.T.);
#1650=FACE_OUTER_BOUND('',#2036,.T.);
#1651=FACE_OUTER_BOUND('',#2037,.T.);
#1652=FACE_OUTER_BOUND('',#2038,.T.);
#1653=FACE_OUTER_BOUND('',#2039,.T.);
#1654=FACE_OUTER_BOUND('',#2040,.T.);
#1655=FACE_OUTER_BOUND('',#2041,.T.);
#1656=FACE_OUTER_BOUND('',#2083,.T.);
#1657=FACE_OUTER_BOUND('',#2125,.T.);
#1658=FACE_OUTER_BOUND('',#2126,.T.);
#1659=FACE_OUTER_BOUND('',#2127,.T.);
#1660=FACE_OUTER_BOUND('',#2128,.T.);
#1661=FACE_OUTER_BOUND('',#2129,.T.);
#1662=FACE_OUTER_BOUND('',#2130,.T.);
#1663=FACE_OUTER_BOUND('',#2133,.T.);
#1664=FACE_OUTER_BOUND('',#2134,.T.);
#1665=FACE_OUTER_BOUND('',#2135,.T.);
#1666=FACE_OUTER_BOUND('',#2141,.T.);
#1667=FACE_OUTER_BOUND('',#2142,.T.);
#1668=FACE_OUTER_BOUND('',#2148,.T.);
#1669=FACE_OUTER_BOUND('',#2149,.T.);
#1670=FACE_OUTER_BOUND('',#2152,.T.);
#1671=FACE_OUTER_BOUND('',#2153,.T.);
#1672=FACE_OUTER_BOUND('',#2154,.T.);
#1673=FACE_OUTER_BOUND('',#2155,.T.);
#1674=FACE_OUTER_BOUND('',#2156,.T.);
#1675=FACE_OUTER_BOUND('',#2157,.T.);
#1676=FACE_OUTER_BOUND('',#2160,.T.);
#1677=FACE_OUTER_BOUND('',#2161,.T.);
#1678=FACE_OUTER_BOUND('',#2162,.T.);
#1679=FACE_OUTER_BOUND('',#2163,.T.);
#1680=FACE_OUTER_BOUND('',#2169,.T.);
#1681=FACE_OUTER_BOUND('',#2170,.T.);
#1682=FACE_OUTER_BOUND('',#2176,.T.);
#1683=FACE_OUTER_BOUND('',#2179,.T.);
#1684=FACE_OUTER_BOUND('',#2180,.T.);
#1685=FACE_OUTER_BOUND('',#2181,.T.);
#1686=FACE_OUTER_BOUND('',#2182,.T.);
#1687=FACE_OUTER_BOUND('',#2183,.T.);
#1688=FACE_OUTER_BOUND('',#2184,.T.);
#1689=FACE_OUTER_BOUND('',#2187,.T.);
#1690=FACE_OUTER_BOUND('',#2188,.T.);
#1691=FACE_OUTER_BOUND('',#2189,.T.);
#1692=FACE_OUTER_BOUND('',#2190,.T.);
#1693=FACE_OUTER_BOUND('',#2196,.T.);
#1694=FACE_OUTER_BOUND('',#2197,.T.);
#1695=FACE_OUTER_BOUND('',#2203,.T.);
#1696=FACE_OUTER_BOUND('',#2206,.T.);
#1697=FACE_OUTER_BOUND('',#2207,.T.);
#1698=FACE_OUTER_BOUND('',#2208,.T.);
#1699=FACE_OUTER_BOUND('',#2209,.T.);
#1700=FACE_OUTER_BOUND('',#2210,.T.);
#1701=FACE_OUTER_BOUND('',#2211,.T.);
#1702=FACE_OUTER_BOUND('',#2214,.T.);
#1703=FACE_OUTER_BOUND('',#2215,.T.);
#1704=FACE_OUTER_BOUND('',#2216,.T.);
#1705=FACE_OUTER_BOUND('',#2222,.T.);
#1706=FACE_OUTER_BOUND('',#2223,.T.);
#1707=FACE_OUTER_BOUND('',#2229,.T.);
#1708=FACE_OUTER_BOUND('',#2230,.T.);
#1709=FACE_OUTER_BOUND('',#2233,.T.);
#1710=FACE_OUTER_BOUND('',#2234,.T.);
#1711=FACE_OUTER_BOUND('',#2235,.T.);
#1712=FACE_OUTER_BOUND('',#2236,.T.);
#1713=FACE_OUTER_BOUND('',#2237,.T.);
#1714=FACE_OUTER_BOUND('',#2238,.T.);
#1715=FACE_OUTER_BOUND('',#2241,.T.);
#1716=FACE_OUTER_BOUND('',#2242,.T.);
#1717=FACE_OUTER_BOUND('',#2243,.T.);
#1718=FACE_OUTER_BOUND('',#2249,.T.);
#1719=FACE_OUTER_BOUND('',#2250,.T.);
#1720=FACE_OUTER_BOUND('',#2256,.T.);
#1721=FACE_OUTER_BOUND('',#2257,.T.);
#1722=FACE_OUTER_BOUND('',#2260,.T.);
#1723=FACE_OUTER_BOUND('',#2261,.T.);
#1724=FACE_OUTER_BOUND('',#2262,.T.);
#1725=FACE_OUTER_BOUND('',#2263,.T.);
#1726=FACE_OUTER_BOUND('',#2264,.T.);
#1727=FACE_OUTER_BOUND('',#2265,.T.);
#1728=FACE_OUTER_BOUND('',#2268,.T.);
#1729=FACE_OUTER_BOUND('',#2269,.T.);
#1730=FACE_OUTER_BOUND('',#2270,.T.);
#1731=FACE_OUTER_BOUND('',#2271,.T.);
#1732=FACE_OUTER_BOUND('',#2277,.T.);
#1733=FACE_OUTER_BOUND('',#2278,.T.);
#1734=FACE_OUTER_BOUND('',#2284,.T.);
#1735=EDGE_LOOP('',(#3809,#3810,#3811));
#1736=EDGE_LOOP('',(#3812,#3813,#3814));
#1737=EDGE_LOOP('',(#3815,#3816,#3817));
#1738=EDGE_LOOP('',(#3818,#3819,#3820));
#1739=EDGE_LOOP('',(#3821,#3822,#3823,#3824));
#1740=EDGE_LOOP('',(#3825,#3826,#3827));
#1741=EDGE_LOOP('',(#3828,#3829,#3830,#3831));
#1742=EDGE_LOOP('',(#3832,#3833,#3834));
#1743=EDGE_LOOP('',(#3835,#3836,#3837));
#1744=EDGE_LOOP('',(#3838,#3839,#3840,#3841));
#1745=EDGE_LOOP('',(#3842,#3843,#3844,#3845));
#1746=EDGE_LOOP('',(#3846,#3847,#3848));
#1747=EDGE_LOOP('',(#3849,#3850,#3851,#3852));
#1748=EDGE_LOOP('',(#3853,#3854,#3855,#3856));
#1749=EDGE_LOOP('',(#3857,#3858,#3859,#3860));
#1750=EDGE_LOOP('',(#3861,#3862,#3863,#3864));
#1751=EDGE_LOOP('',(#3865,#3866,#3867,#3868));
#1752=EDGE_LOOP('',(#3869,#3870,#3871,#3872));
#1753=EDGE_LOOP('',(#3873,#3874,#3875,#3876));
#1754=EDGE_LOOP('',(#3877,#3878,#3879,#3880));
#1755=EDGE_LOOP('',(#3881,#3882,#3883,#3884));
#1756=EDGE_LOOP('',(#3885,#3886,#3887,#3888));
#1757=EDGE_LOOP('',(#3889,#3890,#3891,#3892));
#1758=EDGE_LOOP('',(#3893,#3894,#3895,#3896));
#1759=EDGE_LOOP('',(#3897,#3898,#3899,#3900));
#1760=EDGE_LOOP('',(#3901,#3902,#3903,#3904));
#1761=EDGE_LOOP('',(#3905,#3906,#3907,#3908));
#1762=EDGE_LOOP('',(#3909,#3910,#3911,#3912));
#1763=EDGE_LOOP('',(#3913,#3914,#3915,#3916));
#1764=EDGE_LOOP('',(#3917,#3918,#3919,#3920));
#1765=EDGE_LOOP('',(#3921,#3922,#3923,#3924));
#1766=EDGE_LOOP('',(#3925,#3926,#3927,#3928));
#1767=EDGE_LOOP('',(#3929,#3930,#3931,#3932));
#1768=EDGE_LOOP('',(#3933,#3934,#3935,#3936));
#1769=EDGE_LOOP('',(#3937,#3938,#3939,#3940));
#1770=EDGE_LOOP('',(#3941,#3942,#3943,#3944));
#1771=EDGE_LOOP('',(#3945,#3946,#3947,#3948));
#1772=EDGE_LOOP('',(#3949,#3950,#3951,#3952));
#1773=EDGE_LOOP('',(#3953,#3954,#3955,#3956,#3957));
#1774=EDGE_LOOP('',(#3958,#3959,#3960,#3961));
#1775=EDGE_LOOP('',(#3962,#3963,#3964,#3965,#3966));
#1776=EDGE_LOOP('',(#3967,#3968,#3969,#3970));
#1777=EDGE_LOOP('',(#3971,#3972,#3973,#3974));
#1778=EDGE_LOOP('',(#3975,#3976,#3977,#3978));
#1779=EDGE_LOOP('',(#3979,#3980,#3981,#3982));
#1780=EDGE_LOOP('',(#3983,#3984,#3985,#3986));
#1781=EDGE_LOOP('',(#3987,#3988,#3989,#3990));
#1782=EDGE_LOOP('',(#3991,#3992,#3993,#3994));
#1783=EDGE_LOOP('',(#3995,#3996,#3997,#3998,#3999));
#1784=EDGE_LOOP('',(#4000,#4001,#4002,#4003,#4004));
#1785=EDGE_LOOP('',(#4005,#4006,#4007,#4008));
#1786=EDGE_LOOP('',(#4009,#4010,#4011,#4012));
#1787=EDGE_LOOP('',(#4013,#4014,#4015,#4016));
#1788=EDGE_LOOP('',(#4017,#4018,#4019,#4020));
#1789=EDGE_LOOP('',(#4021,#4022,#4023,#4024));
#1790=EDGE_LOOP('',(#4025,#4026,#4027,#4028));
#1791=EDGE_LOOP('',(#4029,#4030,#4031,#4032));
#1792=EDGE_LOOP('',(#4033,#4034,#4035,#4036));
#1793=EDGE_LOOP('',(#4037,#4038,#4039,#4040));
#1794=EDGE_LOOP('',(#4041,#4042,#4043,#4044));
#1795=EDGE_LOOP('',(#4045,#4046,#4047,#4048));
#1796=EDGE_LOOP('',(#4049,#4050,#4051,#4052));
#1797=EDGE_LOOP('',(#4053,#4054,#4055,#4056));
#1798=EDGE_LOOP('',(#4057,#4058,#4059,#4060,#4061));
#1799=EDGE_LOOP('',(#4062,#4063,#4064,#4065,#4066));
#1800=EDGE_LOOP('',(#4067,#4068,#4069,#4070));
#1801=EDGE_LOOP('',(#4071,#4072,#4073,#4074));
#1802=EDGE_LOOP('',(#4075,#4076,#4077,#4078));
#1803=EDGE_LOOP('',(#4079,#4080,#4081,#4082));
#1804=EDGE_LOOP('',(#4083,#4084,#4085,#4086));
#1805=EDGE_LOOP('',(#4087,#4088,#4089,#4090));
#1806=EDGE_LOOP('',(#4091,#4092,#4093,#4094));
#1807=EDGE_LOOP('',(#4095,#4096,#4097,#4098,#4099));
#1808=EDGE_LOOP('',(#4100,#4101,#4102,#4103,#4104));
#1809=EDGE_LOOP('',(#4105,#4106,#4107,#4108));
#1810=EDGE_LOOP('',(#4109,#4110,#4111,#4112));
#1811=EDGE_LOOP('',(#4113,#4114,#4115,#4116));
#1812=EDGE_LOOP('',(#4117,#4118,#4119,#4120));
#1813=EDGE_LOOP('',(#4121,#4122,#4123,#4124));
#1814=EDGE_LOOP('',(#4125,#4126,#4127,#4128));
#1815=EDGE_LOOP('',(#4129,#4130,#4131,#4132));
#1816=EDGE_LOOP('',(#4133,#4134,#4135,#4136));
#1817=EDGE_LOOP('',(#4137,#4138,#4139,#4140));
#1818=EDGE_LOOP('',(#4141,#4142,#4143,#4144));
#1819=EDGE_LOOP('',(#4145,#4146,#4147,#4148));
#1820=EDGE_LOOP('',(#4149,#4150,#4151,#4152));
#1821=EDGE_LOOP('',(#4153,#4154,#4155,#4156));
#1822=EDGE_LOOP('',(#4157,#4158,#4159,#4160,#4161,#4162,#4163,#4164,#4165,
#4166,#4167,#4168,#4169,#4170,#4171,#4172));
#1823=EDGE_LOOP('',(#4173,#4174,#4175,#4176));
#1824=EDGE_LOOP('',(#4177,#4178,#4179,#4180));
#1825=EDGE_LOOP('',(#4181,#4182,#4183,#4184));
#1826=EDGE_LOOP('',(#4185,#4186,#4187,#4188));
#1827=EDGE_LOOP('',(#4189));
#1828=EDGE_LOOP('',(#4190));
#1829=EDGE_LOOP('',(#4191));
#1830=EDGE_LOOP('',(#4192));
#1831=EDGE_LOOP('',(#4193));
#1832=EDGE_LOOP('',(#4194));
#1833=EDGE_LOOP('',(#4195));
#1834=EDGE_LOOP('',(#4196,#4197,#4198,#4199));
#1835=EDGE_LOOP('',(#4200));
#1836=EDGE_LOOP('',(#4201));
#1837=EDGE_LOOP('',(#4202));
#1838=EDGE_LOOP('',(#4203));
#1839=EDGE_LOOP('',(#4204));
#1840=EDGE_LOOP('',(#4205));
#1841=EDGE_LOOP('',(#4206));
#1842=EDGE_LOOP('',(#4207));
#1843=EDGE_LOOP('',(#4208,#4209,#4210,#4211));
#1844=EDGE_LOOP('',(#4212));
#1845=EDGE_LOOP('',(#4213));
#1846=EDGE_LOOP('',(#4214,#4215,#4216,#4217));
#1847=EDGE_LOOP('',(#4218));
#1848=EDGE_LOOP('',(#4219));
#1849=EDGE_LOOP('',(#4220,#4221,#4222,#4223));
#1850=EDGE_LOOP('',(#4224));
#1851=EDGE_LOOP('',(#4225,#4226,#4227,#4228));
#1852=EDGE_LOOP('',(#4229));
#1853=EDGE_LOOP('',(#4230));
#1854=EDGE_LOOP('',(#4231));
#1855=EDGE_LOOP('',(#4232));
#1856=EDGE_LOOP('',(#4233));
#1857=EDGE_LOOP('',(#4234));
#1858=EDGE_LOOP('',(#4235));
#1859=EDGE_LOOP('',(#4236));
#1860=EDGE_LOOP('',(#4237));
#1861=EDGE_LOOP('',(#4238));
#1862=EDGE_LOOP('',(#4239));
#1863=EDGE_LOOP('',(#4240));
#1864=EDGE_LOOP('',(#4241));
#1865=EDGE_LOOP('',(#4242));
#1866=EDGE_LOOP('',(#4243));
#1867=EDGE_LOOP('',(#4244));
#1868=EDGE_LOOP('',(#4245));
#1869=EDGE_LOOP('',(#4246));
#1870=EDGE_LOOP('',(#4247));
#1871=EDGE_LOOP('',(#4248));
#1872=EDGE_LOOP('',(#4249,#4250,#4251,#4252));
#1873=EDGE_LOOP('',(#4253,#4254,#4255,#4256));
#1874=EDGE_LOOP('',(#4257,#4258,#4259,#4260));
#1875=EDGE_LOOP('',(#4261,#4262,#4263,#4264));
#1876=EDGE_LOOP('',(#4265,#4266,#4267,#4268));
#1877=EDGE_LOOP('',(#4269,#4270,#4271,#4272));
#1878=EDGE_LOOP('',(#4273,#4274,#4275,#4276));
#1879=EDGE_LOOP('',(#4277,#4278,#4279,#4280));
#1880=EDGE_LOOP('',(#4281));
#1881=EDGE_LOOP('',(#4282));
#1882=EDGE_LOOP('',(#4283,#4284,#4285,#4286));
#1883=EDGE_LOOP('',(#4287));
#1884=EDGE_LOOP('',(#4288));
#1885=EDGE_LOOP('',(#4289,#4290,#4291,#4292));
#1886=EDGE_LOOP('',(#4293));
#1887=EDGE_LOOP('',(#4294));
#1888=EDGE_LOOP('',(#4295,#4296,#4297,#4298));
#1889=EDGE_LOOP('',(#4299));
#1890=EDGE_LOOP('',(#4300));
#1891=EDGE_LOOP('',(#4301,#4302,#4303,#4304));
#1892=EDGE_LOOP('',(#4305));
#1893=EDGE_LOOP('',(#4306));
#1894=EDGE_LOOP('',(#4307,#4308,#4309,#4310));
#1895=EDGE_LOOP('',(#4311));
#1896=EDGE_LOOP('',(#4312));
#1897=EDGE_LOOP('',(#4313,#4314,#4315,#4316));
#1898=EDGE_LOOP('',(#4317));
#1899=EDGE_LOOP('',(#4318));
#1900=EDGE_LOOP('',(#4319,#4320,#4321,#4322));
#1901=EDGE_LOOP('',(#4323));
#1902=EDGE_LOOP('',(#4324));
#1903=EDGE_LOOP('',(#4325,#4326,#4327,#4328));
#1904=EDGE_LOOP('',(#4329,#4330,#4331,#4332));
#1905=EDGE_LOOP('',(#4333,#4334,#4335,#4336));
#1906=EDGE_LOOP('',(#4337,#4338,#4339,#4340));
#1907=EDGE_LOOP('',(#4341,#4342,#4343,#4344));
#1908=EDGE_LOOP('',(#4345,#4346,#4347,#4348));
#1909=EDGE_LOOP('',(#4349,#4350,#4351,#4352));
#1910=EDGE_LOOP('',(#4353,#4354,#4355,#4356));
#1911=EDGE_LOOP('',(#4357,#4358,#4359,#4360));
#1912=EDGE_LOOP('',(#4361,#4362,#4363,#4364));
#1913=EDGE_LOOP('',(#4365,#4366,#4367,#4368));
#1914=EDGE_LOOP('',(#4369,#4370,#4371,#4372));
#1915=EDGE_LOOP('',(#4373,#4374,#4375,#4376));
#1916=EDGE_LOOP('',(#4377,#4378,#4379,#4380));
#1917=EDGE_LOOP('',(#4381,#4382,#4383,#4384));
#1918=EDGE_LOOP('',(#4385,#4386,#4387,#4388));
#1919=EDGE_LOOP('',(#4389,#4390,#4391,#4392));
#1920=EDGE_LOOP('',(#4393,#4394,#4395,#4396));
#1921=EDGE_LOOP('',(#4397,#4398,#4399,#4400));
#1922=EDGE_LOOP('',(#4401,#4402,#4403,#4404));
#1923=EDGE_LOOP('',(#4405,#4406,#4407,#4408));
#1924=EDGE_LOOP('',(#4409,#4410,#4411,#4412));
#1925=EDGE_LOOP('',(#4413,#4414,#4415,#4416));
#1926=EDGE_LOOP('',(#4417,#4418,#4419,#4420));
#1927=EDGE_LOOP('',(#4421,#4422,#4423,#4424));
#1928=EDGE_LOOP('',(#4425,#4426,#4427,#4428));
#1929=EDGE_LOOP('',(#4429,#4430,#4431,#4432));
#1930=EDGE_LOOP('',(#4433,#4434,#4435,#4436));
#1931=EDGE_LOOP('',(#4437,#4438,#4439,#4440,#4441,#4442,#4443,#4444,#4445,
#4446,#4447,#4448,#4449,#4450,#4451,#4452));
#1932=EDGE_LOOP('',(#4453));
#1933=EDGE_LOOP('',(#4454));
#1934=EDGE_LOOP('',(#4455));
#1935=EDGE_LOOP('',(#4456));
#1936=EDGE_LOOP('',(#4457));
#1937=EDGE_LOOP('',(#4458,#4459,#4460,#4461));
#1938=EDGE_LOOP('',(#4462));
#1939=EDGE_LOOP('',(#4463));
#1940=EDGE_LOOP('',(#4464));
#1941=EDGE_LOOP('',(#4465));
#1942=EDGE_LOOP('',(#4466));
#1943=EDGE_LOOP('',(#4467,#4468,#4469,#4470));
#1944=EDGE_LOOP('',(#4471,#4472,#4473,#4474));
#1945=EDGE_LOOP('',(#4475));
#1946=EDGE_LOOP('',(#4476));
#1947=EDGE_LOOP('',(#4477));
#1948=EDGE_LOOP('',(#4478));
#1949=EDGE_LOOP('',(#4479));
#1950=EDGE_LOOP('',(#4480));
#1951=EDGE_LOOP('',(#4481));
#1952=EDGE_LOOP('',(#4482));
#1953=EDGE_LOOP('',(#4483));
#1954=EDGE_LOOP('',(#4484,#4485,#4486,#4487));
#1955=EDGE_LOOP('',(#4488));
#1956=EDGE_LOOP('',(#4489,#4490,#4491,#4492));
#1957=EDGE_LOOP('',(#4493));
#1958=EDGE_LOOP('',(#4494));
#1959=EDGE_LOOP('',(#4495));
#1960=EDGE_LOOP('',(#4496));
#1961=EDGE_LOOP('',(#4497,#4498,#4499,#4500));
#1962=EDGE_LOOP('',(#4501,#4502,#4503,#4504));
#1963=EDGE_LOOP('',(#4505));
#1964=EDGE_LOOP('',(#4506));
#1965=EDGE_LOOP('',(#4507));
#1966=EDGE_LOOP('',(#4508,#4509,#4510,#4511));
#1967=EDGE_LOOP('',(#4512));
#1968=EDGE_LOOP('',(#4513,#4514,#4515,#4516));
#1969=EDGE_LOOP('',(#4517));
#1970=EDGE_LOOP('',(#4518));
#1971=EDGE_LOOP('',(#4519));
#1972=EDGE_LOOP('',(#4520));
#1973=EDGE_LOOP('',(#4521));
#1974=EDGE_LOOP('',(#4522));
#1975=EDGE_LOOP('',(#4523));
#1976=EDGE_LOOP('',(#4524));
#1977=EDGE_LOOP('',(#4525));
#1978=EDGE_LOOP('',(#4526));
#1979=EDGE_LOOP('',(#4527));
#1980=EDGE_LOOP('',(#4528));
#1981=EDGE_LOOP('',(#4529,#4530,#4531,#4532));
#1982=EDGE_LOOP('',(#4533,#4534,#4535,#4536));
#1983=EDGE_LOOP('',(#4537,#4538,#4539,#4540));
#1984=EDGE_LOOP('',(#4541,#4542,#4543,#4544));
#1985=EDGE_LOOP('',(#4545,#4546,#4547,#4548));
#1986=EDGE_LOOP('',(#4549,#4550,#4551,#4552));
#1987=EDGE_LOOP('',(#4553,#4554,#4555,#4556));
#1988=EDGE_LOOP('',(#4557,#4558,#4559,#4560));
#1989=EDGE_LOOP('',(#4561,#4562,#4563,#4564));
#1990=EDGE_LOOP('',(#4565,#4566,#4567,#4568));
#1991=EDGE_LOOP('',(#4569,#4570,#4571,#4572));
#1992=EDGE_LOOP('',(#4573,#4574,#4575,#4576));
#1993=EDGE_LOOP('',(#4577,#4578,#4579,#4580));
#1994=EDGE_LOOP('',(#4581,#4582,#4583,#4584));
#1995=EDGE_LOOP('',(#4585,#4586,#4587,#4588));
#1996=EDGE_LOOP('',(#4589,#4590,#4591,#4592));
#1997=EDGE_LOOP('',(#4593,#4594,#4595,#4596));
#1998=EDGE_LOOP('',(#4597,#4598,#4599,#4600));
#1999=EDGE_LOOP('',(#4601,#4602,#4603,#4604));
#2000=EDGE_LOOP('',(#4605,#4606,#4607,#4608));
#2001=EDGE_LOOP('',(#4609,#4610,#4611,#4612));
#2002=EDGE_LOOP('',(#4613,#4614,#4615,#4616));
#2003=EDGE_LOOP('',(#4617,#4618,#4619,#4620));
#2004=EDGE_LOOP('',(#4621,#4622,#4623,#4624));
#2005=EDGE_LOOP('',(#4625,#4626,#4627,#4628));
#2006=EDGE_LOOP('',(#4629,#4630,#4631,#4632));
#2007=EDGE_LOOP('',(#4633,#4634,#4635,#4636));
#2008=EDGE_LOOP('',(#4637,#4638,#4639,#4640));
#2009=EDGE_LOOP('',(#4641,#4642,#4643,#4644));
#2010=EDGE_LOOP('',(#4645,#4646,#4647,#4648));
#2011=EDGE_LOOP('',(#4649,#4650,#4651,#4652));
#2012=EDGE_LOOP('',(#4653,#4654,#4655,#4656));
#2013=EDGE_LOOP('',(#4657,#4658,#4659,#4660));
#2014=EDGE_LOOP('',(#4661,#4662,#4663,#4664));
#2015=EDGE_LOOP('',(#4665,#4666,#4667,#4668));
#2016=EDGE_LOOP('',(#4669,#4670,#4671,#4672));
#2017=EDGE_LOOP('',(#4673,#4674,#4675,#4676));
#2018=EDGE_LOOP('',(#4677,#4678,#4679,#4680));
#2019=EDGE_LOOP('',(#4681,#4682,#4683,#4684));
#2020=EDGE_LOOP('',(#4685,#4686,#4687,#4688));
#2021=EDGE_LOOP('',(#4689,#4690,#4691,#4692));
#2022=EDGE_LOOP('',(#4693,#4694,#4695,#4696));
#2023=EDGE_LOOP('',(#4697,#4698,#4699,#4700));
#2024=EDGE_LOOP('',(#4701,#4702,#4703,#4704));
#2025=EDGE_LOOP('',(#4705,#4706,#4707,#4708));
#2026=EDGE_LOOP('',(#4709,#4710,#4711,#4712));
#2027=EDGE_LOOP('',(#4713,#4714,#4715,#4716));
#2028=EDGE_LOOP('',(#4717,#4718,#4719,#4720));
#2029=EDGE_LOOP('',(#4721,#4722,#4723,#4724));
#2030=EDGE_LOOP('',(#4725,#4726,#4727,#4728));
#2031=EDGE_LOOP('',(#4729,#4730,#4731,#4732));
#2032=EDGE_LOOP('',(#4733,#4734,#4735,#4736));
#2033=EDGE_LOOP('',(#4737,#4738,#4739,#4740));
#2034=EDGE_LOOP('',(#4741,#4742,#4743,#4744));
#2035=EDGE_LOOP('',(#4745,#4746,#4747,#4748));
#2036=EDGE_LOOP('',(#4749,#4750,#4751,#4752));
#2037=EDGE_LOOP('',(#4753,#4754,#4755,#4756));
#2038=EDGE_LOOP('',(#4757,#4758,#4759,#4760));
#2039=EDGE_LOOP('',(#4761,#4762,#4763,#4764));
#2040=EDGE_LOOP('',(#4765,#4766,#4767,#4768));
#2041=EDGE_LOOP('',(#4769,#4770,#4771,#4772,#4773,#4774,#4775,#4776,#4777,
#4778,#4779,#4780,#4781,#4782,#4783,#4784));
#2042=EDGE_LOOP('',(#4785));
#2043=EDGE_LOOP('',(#4786));
#2044=EDGE_LOOP('',(#4787));
#2045=EDGE_LOOP('',(#4788));
#2046=EDGE_LOOP('',(#4789));
#2047=EDGE_LOOP('',(#4790));
#2048=EDGE_LOOP('',(#4791));
#2049=EDGE_LOOP('',(#4792));
#2050=EDGE_LOOP('',(#4793));
#2051=EDGE_LOOP('',(#4794));
#2052=EDGE_LOOP('',(#4795));
#2053=EDGE_LOOP('',(#4796));
#2054=EDGE_LOOP('',(#4797));
#2055=EDGE_LOOP('',(#4798));
#2056=EDGE_LOOP('',(#4799));
#2057=EDGE_LOOP('',(#4800));
#2058=EDGE_LOOP('',(#4801));
#2059=EDGE_LOOP('',(#4802));
#2060=EDGE_LOOP('',(#4803));
#2061=EDGE_LOOP('',(#4804));
#2062=EDGE_LOOP('',(#4805));
#2063=EDGE_LOOP('',(#4806));
#2064=EDGE_LOOP('',(#4807));
#2065=EDGE_LOOP('',(#4808));
#2066=EDGE_LOOP('',(#4809));
#2067=EDGE_LOOP('',(#4810));
#2068=EDGE_LOOP('',(#4811));
#2069=EDGE_LOOP('',(#4812));
#2070=EDGE_LOOP('',(#4813));
#2071=EDGE_LOOP('',(#4814));
#2072=EDGE_LOOP('',(#4815));
#2073=EDGE_LOOP('',(#4816,#4817,#4818,#4819));
#2074=EDGE_LOOP('',(#4820));
#2075=EDGE_LOOP('',(#4821));
#2076=EDGE_LOOP('',(#4822));
#2077=EDGE_LOOP('',(#4823));
#2078=EDGE_LOOP('',(#4824));
#2079=EDGE_LOOP('',(#4825));
#2080=EDGE_LOOP('',(#4826));
#2081=EDGE_LOOP('',(#4827));
#2082=EDGE_LOOP('',(#4828));
#2083=EDGE_LOOP('',(#4829,#4830,#4831,#4832,#4833,#4834,#4835,#4836,#4837,
#4838,#4839,#4840,#4841,#4842,#4843,#4844));
#2084=EDGE_LOOP('',(#4845));
#2085=EDGE_LOOP('',(#4846));
#2086=EDGE_LOOP('',(#4847));
#2087=EDGE_LOOP('',(#4848));
#2088=EDGE_LOOP('',(#4849));
#2089=EDGE_LOOP('',(#4850));
#2090=EDGE_LOOP('',(#4851));
#2091=EDGE_LOOP('',(#4852));
#2092=EDGE_LOOP('',(#4853));
#2093=EDGE_LOOP('',(#4854));
#2094=EDGE_LOOP('',(#4855));
#2095=EDGE_LOOP('',(#4856));
#2096=EDGE_LOOP('',(#4857));
#2097=EDGE_LOOP('',(#4858));
#2098=EDGE_LOOP('',(#4859));
#2099=EDGE_LOOP('',(#4860));
#2100=EDGE_LOOP('',(#4861));
#2101=EDGE_LOOP('',(#4862));
#2102=EDGE_LOOP('',(#4863));
#2103=EDGE_LOOP('',(#4864));
#2104=EDGE_LOOP('',(#4865));
#2105=EDGE_LOOP('',(#4866));
#2106=EDGE_LOOP('',(#4867));
#2107=EDGE_LOOP('',(#4868));
#2108=EDGE_LOOP('',(#4869));
#2109=EDGE_LOOP('',(#4870));
#2110=EDGE_LOOP('',(#4871));
#2111=EDGE_LOOP('',(#4872));
#2112=EDGE_LOOP('',(#4873));
#2113=EDGE_LOOP('',(#4874));
#2114=EDGE_LOOP('',(#4875));
#2115=EDGE_LOOP('',(#4876,#4877,#4878,#4879));
#2116=EDGE_LOOP('',(#4880));
#2117=EDGE_LOOP('',(#4881));
#2118=EDGE_LOOP('',(#4882));
#2119=EDGE_LOOP('',(#4883));
#2120=EDGE_LOOP('',(#4884));
#2121=EDGE_LOOP('',(#4885));
#2122=EDGE_LOOP('',(#4886));
#2123=EDGE_LOOP('',(#4887));
#2124=EDGE_LOOP('',(#4888));
#2125=EDGE_LOOP('',(#4889,#4890,#4891,#4892));
#2126=EDGE_LOOP('',(#4893,#4894,#4895,#4896));
#2127=EDGE_LOOP('',(#4897,#4898,#4899,#4900));
#2128=EDGE_LOOP('',(#4901,#4902,#4903,#4904));
#2129=EDGE_LOOP('',(#4905,#4906,#4907,#4908));
#2130=EDGE_LOOP('',(#4909,#4910,#4911,#4912));
#2131=EDGE_LOOP('',(#4913));
#2132=EDGE_LOOP('',(#4914));
#2133=EDGE_LOOP('',(#4915,#4916,#4917,#4918));
#2134=EDGE_LOOP('',(#4919,#4920,#4921,#4922));
#2135=EDGE_LOOP('',(#4923,#4924,#4925,#4926));
#2136=EDGE_LOOP('',(#4927));
#2137=EDGE_LOOP('',(#4928));
#2138=EDGE_LOOP('',(#4929));
#2139=EDGE_LOOP('',(#4930));
#2140=EDGE_LOOP('',(#4931));
#2141=EDGE_LOOP('',(#4932,#4933,#4934,#4935));
#2142=EDGE_LOOP('',(#4936,#4937,#4938,#4939));
#2143=EDGE_LOOP('',(#4940));
#2144=EDGE_LOOP('',(#4941));
#2145=EDGE_LOOP('',(#4942));
#2146=EDGE_LOOP('',(#4943));
#2147=EDGE_LOOP('',(#4944));
#2148=EDGE_LOOP('',(#4945,#4946,#4947,#4948));
#2149=EDGE_LOOP('',(#4949,#4950,#4951,#4952));
#2150=EDGE_LOOP('',(#4953));
#2151=EDGE_LOOP('',(#4954));
#2152=EDGE_LOOP('',(#4955,#4956,#4957,#4958));
#2153=EDGE_LOOP('',(#4959,#4960,#4961,#4962));
#2154=EDGE_LOOP('',(#4963,#4964,#4965,#4966));
#2155=EDGE_LOOP('',(#4967,#4968,#4969,#4970));
#2156=EDGE_LOOP('',(#4971,#4972,#4973,#4974));
#2157=EDGE_LOOP('',(#4975,#4976,#4977,#4978));
#2158=EDGE_LOOP('',(#4979));
#2159=EDGE_LOOP('',(#4980));
#2160=EDGE_LOOP('',(#4981,#4982,#4983,#4984));
#2161=EDGE_LOOP('',(#4985,#4986,#4987,#4988));
#2162=EDGE_LOOP('',(#4989,#4990,#4991,#4992));
#2163=EDGE_LOOP('',(#4993,#4994,#4995,#4996));
#2164=EDGE_LOOP('',(#4997));
#2165=EDGE_LOOP('',(#4998));
#2166=EDGE_LOOP('',(#4999));
#2167=EDGE_LOOP('',(#5000));
#2168=EDGE_LOOP('',(#5001));
#2169=EDGE_LOOP('',(#5002,#5003,#5004,#5005));
#2170=EDGE_LOOP('',(#5006,#5007,#5008,#5009));
#2171=EDGE_LOOP('',(#5010));
#2172=EDGE_LOOP('',(#5011));
#2173=EDGE_LOOP('',(#5012));
#2174=EDGE_LOOP('',(#5013));
#2175=EDGE_LOOP('',(#5014));
#2176=EDGE_LOOP('',(#5015,#5016,#5017,#5018));
#2177=EDGE_LOOP('',(#5019));
#2178=EDGE_LOOP('',(#5020));
#2179=EDGE_LOOP('',(#5021,#5022,#5023,#5024));
#2180=EDGE_LOOP('',(#5025,#5026,#5027,#5028));
#2181=EDGE_LOOP('',(#5029,#5030,#5031,#5032));
#2182=EDGE_LOOP('',(#5033,#5034,#5035,#5036));
#2183=EDGE_LOOP('',(#5037,#5038,#5039,#5040));
#2184=EDGE_LOOP('',(#5041,#5042,#5043,#5044));
#2185=EDGE_LOOP('',(#5045));
#2186=EDGE_LOOP('',(#5046));
#2187=EDGE_LOOP('',(#5047,#5048,#5049,#5050));
#2188=EDGE_LOOP('',(#5051,#5052,#5053,#5054));
#2189=EDGE_LOOP('',(#5055,#5056,#5057,#5058));
#2190=EDGE_LOOP('',(#5059,#5060,#5061,#5062));
#2191=EDGE_LOOP('',(#5063));
#2192=EDGE_LOOP('',(#5064));
#2193=EDGE_LOOP('',(#5065));
#2194=EDGE_LOOP('',(#5066));
#2195=EDGE_LOOP('',(#5067));
#2196=EDGE_LOOP('',(#5068,#5069,#5070,#5071));
#2197=EDGE_LOOP('',(#5072,#5073,#5074,#5075));
#2198=EDGE_LOOP('',(#5076));
#2199=EDGE_LOOP('',(#5077));
#2200=EDGE_LOOP('',(#5078));
#2201=EDGE_LOOP('',(#5079));
#2202=EDGE_LOOP('',(#5080));
#2203=EDGE_LOOP('',(#5081,#5082,#5083,#5084));
#2204=EDGE_LOOP('',(#5085));
#2205=EDGE_LOOP('',(#5086));
#2206=EDGE_LOOP('',(#5087,#5088,#5089,#5090));
#2207=EDGE_LOOP('',(#5091,#5092,#5093,#5094));
#2208=EDGE_LOOP('',(#5095,#5096,#5097,#5098));
#2209=EDGE_LOOP('',(#5099,#5100,#5101,#5102));
#2210=EDGE_LOOP('',(#5103,#5104,#5105,#5106));
#2211=EDGE_LOOP('',(#5107,#5108,#5109,#5110));
#2212=EDGE_LOOP('',(#5111));
#2213=EDGE_LOOP('',(#5112));
#2214=EDGE_LOOP('',(#5113,#5114,#5115,#5116));
#2215=EDGE_LOOP('',(#5117,#5118,#5119,#5120));
#2216=EDGE_LOOP('',(#5121,#5122,#5123,#5124));
#2217=EDGE_LOOP('',(#5125));
#2218=EDGE_LOOP('',(#5126));
#2219=EDGE_LOOP('',(#5127));
#2220=EDGE_LOOP('',(#5128));
#2221=EDGE_LOOP('',(#5129));
#2222=EDGE_LOOP('',(#5130,#5131,#5132,#5133));
#2223=EDGE_LOOP('',(#5134,#5135,#5136,#5137));
#2224=EDGE_LOOP('',(#5138));
#2225=EDGE_LOOP('',(#5139));
#2226=EDGE_LOOP('',(#5140));
#2227=EDGE_LOOP('',(#5141));
#2228=EDGE_LOOP('',(#5142));
#2229=EDGE_LOOP('',(#5143,#5144,#5145,#5146));
#2230=EDGE_LOOP('',(#5147,#5148,#5149,#5150));
#2231=EDGE_LOOP('',(#5151));
#2232=EDGE_LOOP('',(#5152));
#2233=EDGE_LOOP('',(#5153,#5154,#5155,#5156));
#2234=EDGE_LOOP('',(#5157,#5158,#5159,#5160));
#2235=EDGE_LOOP('',(#5161,#5162,#5163,#5164));
#2236=EDGE_LOOP('',(#5165,#5166,#5167,#5168));
#2237=EDGE_LOOP('',(#5169,#5170,#5171,#5172));
#2238=EDGE_LOOP('',(#5173,#5174,#5175,#5176));
#2239=EDGE_LOOP('',(#5177));
#2240=EDGE_LOOP('',(#5178));
#2241=EDGE_LOOP('',(#5179,#5180,#5181,#5182));
#2242=EDGE_LOOP('',(#5183,#5184,#5185,#5186));
#2243=EDGE_LOOP('',(#5187,#5188,#5189,#5190));
#2244=EDGE_LOOP('',(#5191));
#2245=EDGE_LOOP('',(#5192));
#2246=EDGE_LOOP('',(#5193));
#2247=EDGE_LOOP('',(#5194));
#2248=EDGE_LOOP('',(#5195));
#2249=EDGE_LOOP('',(#5196,#5197,#5198,#5199));
#2250=EDGE_LOOP('',(#5200,#5201,#5202,#5203));
#2251=EDGE_LOOP('',(#5204));
#2252=EDGE_LOOP('',(#5205));
#2253=EDGE_LOOP('',(#5206));
#2254=EDGE_LOOP('',(#5207));
#2255=EDGE_LOOP('',(#5208));
#2256=EDGE_LOOP('',(#5209,#5210,#5211,#5212));
#2257=EDGE_LOOP('',(#5213,#5214,#5215,#5216));
#2258=EDGE_LOOP('',(#5217));
#2259=EDGE_LOOP('',(#5218));
#2260=EDGE_LOOP('',(#5219,#5220,#5221,#5222));
#2261=EDGE_LOOP('',(#5223,#5224,#5225,#5226));
#2262=EDGE_LOOP('',(#5227,#5228,#5229,#5230));
#2263=EDGE_LOOP('',(#5231,#5232,#5233,#5234));
#2264=EDGE_LOOP('',(#5235,#5236,#5237,#5238));
#2265=EDGE_LOOP('',(#5239,#5240,#5241,#5242));
#2266=EDGE_LOOP('',(#5243));
#2267=EDGE_LOOP('',(#5244));
#2268=EDGE_LOOP('',(#5245,#5246,#5247,#5248));
#2269=EDGE_LOOP('',(#5249,#5250,#5251,#5252));
#2270=EDGE_LOOP('',(#5253,#5254,#5255,#5256));
#2271=EDGE_LOOP('',(#5257,#5258,#5259,#5260));
#2272=EDGE_LOOP('',(#5261));
#2273=EDGE_LOOP('',(#5262));
#2274=EDGE_LOOP('',(#5263));
#2275=EDGE_LOOP('',(#5264));
#2276=EDGE_LOOP('',(#5265));
#2277=EDGE_LOOP('',(#5266,#5267,#5268,#5269));
#2278=EDGE_LOOP('',(#5270,#5271,#5272,#5273));
#2279=EDGE_LOOP('',(#5274));
#2280=EDGE_LOOP('',(#5275));
#2281=EDGE_LOOP('',(#5276));
#2282=EDGE_LOOP('',(#5277));
#2283=EDGE_LOOP('',(#5278));
#2284=EDGE_LOOP('',(#5279,#5280,#5281,#5282));
#2285=EDGE_LOOP('',(#5283));
#2286=EDGE_LOOP('',(#5284));
#2287=CIRCLE('',#5585,2.);
#2288=CIRCLE('',#5586,2.);
#2289=CIRCLE('',#5587,2.);
#2290=CIRCLE('',#5589,2.);
#2291=CIRCLE('',#5590,2.);
#2292=CIRCLE('',#5591,2.);
#2293=CIRCLE('',#5593,2.);
#2294=CIRCLE('',#5594,2.);
#2295=CIRCLE('',#5595,2.);
#2296=CIRCLE('',#5597,2.);
#2297=CIRCLE('',#5598,2.);
#2298=CIRCLE('',#5599,2.);
#2299=CIRCLE('',#5602,2.);
#2300=CIRCLE('',#5603,2.);
#2301=CIRCLE('',#5604,2.);
#2302=CIRCLE('',#5607,2.);
#2303=CIRCLE('',#5608,2.);
#2304=CIRCLE('',#5609,2.);
#2305=CIRCLE('',#5611,2.);
#2306=CIRCLE('',#5612,2.);
#2307=CIRCLE('',#5613,2.);
#2308=CIRCLE('',#5617,2.);
#2309=CIRCLE('',#5618,2.);
#2310=CIRCLE('',#5619,2.);
#2311=CIRCLE('',#5635,2.);
#2312=CIRCLE('',#5636,2.);
#2313=CIRCLE('',#5639,2.);
#2314=CIRCLE('',#5640,2.);
#2315=CIRCLE('',#5643,2.);
#2316=CIRCLE('',#5644,2.);
#2317=CIRCLE('',#5647,2.);
#2318=CIRCLE('',#5648,2.);
#2319=CIRCLE('',#5651,4.);
#2320=CIRCLE('',#5652,4.);
#2321=CIRCLE('',#5654,4.);
#2322=CIRCLE('',#5655,4.);
#2323=CIRCLE('',#5657,4.);
#2324=CIRCLE('',#5658,4.);
#2325=CIRCLE('',#5660,4.);
#2326=CIRCLE('',#5661,4.);
#2327=CIRCLE('',#5666,3.00000000000001);
#2328=CIRCLE('',#5667,3.00000000000001);
#2329=CIRCLE('',#5669,0.949999999999998);
#2330=CIRCLE('',#5670,0.949999999999998);
#2331=CIRCLE('',#5672,0.949999999999998);
#2332=CIRCLE('',#5673,0.949999999999998);
#2333=CIRCLE('',#5682,3.99999999999999);
#2334=CIRCLE('',#5683,3.99999999999999);
#2335=CIRCLE('',#5685,4.);
#2336=CIRCLE('',#5686,4.);
#2337=CIRCLE('',#5688,4.);
#2338=CIRCLE('',#5689,4.);
#2339=CIRCLE('',#5691,4.);
#2340=CIRCLE('',#5692,4.);
#2341=CIRCLE('',#5694,3.99999999999999);
#2342=CIRCLE('',#5695,3.99999999999999);
#2343=CIRCLE('',#5697,4.);
#2344=CIRCLE('',#5698,4.);
#2345=CIRCLE('',#5700,3.99999999999999);
#2346=CIRCLE('',#5701,3.99999999999999);
#2347=CIRCLE('',#5703,4.);
#2348=CIRCLE('',#5704,4.);
#2349=CIRCLE('',#5713,0.949999999999998);
#2350=CIRCLE('',#5714,0.949999999999998);
#2351=CIRCLE('',#5716,0.949999999999998);
#2352=CIRCLE('',#5717,0.949999999999998);
#2353=CIRCLE('',#5726,4.);
#2354=CIRCLE('',#5727,4.);
#2355=CIRCLE('',#5729,4.);
#2356=CIRCLE('',#5730,4.);
#2357=CIRCLE('',#5736,4.);
#2358=CIRCLE('',#5737,4.);
#2359=CIRCLE('',#5743,2.5);
#2360=CIRCLE('',#5744,3.5);
#2361=CIRCLE('',#5745,6.);
#2362=CIRCLE('',#5747,6.);
#2363=CIRCLE('',#5748,6.);
#2364=CIRCLE('',#5749,6.);
#2365=CIRCLE('',#5750,6.);
#2366=CIRCLE('',#5751,1.5);
#2367=CIRCLE('',#5752,1.5);
#2368=CIRCLE('',#5753,1.5);
#2369=CIRCLE('',#5754,1.5);
#2370=CIRCLE('',#5755,1.49999999999999);
#2371=CIRCLE('',#5756,1.5);
#2372=CIRCLE('',#5757,1.5);
#2373=CIRCLE('',#5758,1.5);
#2374=CIRCLE('',#5759,1.5);
#2375=CIRCLE('',#5760,1.5);
#2376=CIRCLE('',#5761,1.5);
#2377=CIRCLE('',#5762,1.5);
#2378=CIRCLE('',#5763,6.);
#2379=CIRCLE('',#5764,6.);
#2380=CIRCLE('',#5765,6.);
#2381=CIRCLE('',#5767,2.5);
#2382=CIRCLE('',#5768,3.5);
#2383=CIRCLE('',#5770,2.5);
#2384=CIRCLE('',#5771,3.5);
#2385=CIRCLE('',#5773,2.5);
#2386=CIRCLE('',#5774,3.5);
#2387=CIRCLE('',#5776,2.5);
#2388=CIRCLE('',#5777,3.5);
#2389=CIRCLE('',#5779,2.5);
#2390=CIRCLE('',#5780,3.5);
#2391=CIRCLE('',#5782,2.5);
#2392=CIRCLE('',#5783,3.5);
#2393=CIRCLE('',#5785,2.5);
#2394=CIRCLE('',#5786,3.5);
#2395=CIRCLE('',#5788,0.950000000000002);
#2396=CIRCLE('',#5789,0.950000000000002);
#2397=CIRCLE('',#5792,0.949999999999998);
#2398=CIRCLE('',#5793,0.949999999999998);
#2399=CIRCLE('',#5796,0.950000000000004);
#2400=CIRCLE('',#5797,0.950000000000004);
#2401=CIRCLE('',#5800,0.95);
#2402=CIRCLE('',#5801,0.95);
#2403=CIRCLE('',#5804,0.95);
#2404=CIRCLE('',#5805,0.95);
#2405=CIRCLE('',#5808,0.950000000000006);
#2406=CIRCLE('',#5809,0.950000000000006);
#2407=CIRCLE('',#5812,0.95);
#2408=CIRCLE('',#5813,0.95);
#2409=CIRCLE('',#5816,0.95);
#2410=CIRCLE('',#5817,0.95);
#2411=CIRCLE('',#5820,1.5);
#2412=CIRCLE('',#5822,1.5);
#2413=CIRCLE('',#5824,1.5);
#2414=CIRCLE('',#5826,1.5);
#2415=CIRCLE('',#5828,1.5);
#2416=CIRCLE('',#5830,1.5);
#2417=CIRCLE('',#5832,1.5);
#2418=CIRCLE('',#5834,1.49999999999999);
#2419=CIRCLE('',#5836,1.5);
#2420=CIRCLE('',#5838,1.5);
#2421=CIRCLE('',#5840,1.5);
#2422=CIRCLE('',#5842,1.5);
#2423=CIRCLE('',#5861,4.);
#2424=CIRCLE('',#5862,4.);
#2425=CIRCLE('',#5864,4.);
#2426=CIRCLE('',#5865,4.);
#2427=CIRCLE('',#5867,4.);
#2428=CIRCLE('',#5868,4.);
#2429=CIRCLE('',#5870,4.);
#2430=CIRCLE('',#5871,4.);
#2431=CIRCLE('',#5873,4.);
#2432=CIRCLE('',#5874,4.);
#2433=CIRCLE('',#5876,4.);
#2434=CIRCLE('',#5877,4.);
#2435=CIRCLE('',#5879,4.);
#2436=CIRCLE('',#5880,4.);
#2437=CIRCLE('',#5882,4.);
#2438=CIRCLE('',#5883,4.);
#2439=CIRCLE('',#5885,4.);
#2440=CIRCLE('',#5886,4.);
#2441=CIRCLE('',#5888,4.);
#2442=CIRCLE('',#5889,4.);
#2443=CIRCLE('',#5891,3.99999999999999);
#2444=CIRCLE('',#5892,3.99999999999999);
#2445=CIRCLE('',#5894,4.);
#2446=CIRCLE('',#5895,4.);
#2447=CIRCLE('',#5897,4.);
#2448=CIRCLE('',#5898,4.);
#2449=CIRCLE('',#5900,4.);
#2450=CIRCLE('',#5901,4.);
#2451=CIRCLE('',#5903,3.99999999999999);
#2452=CIRCLE('',#5904,3.99999999999999);
#2453=CIRCLE('',#5906,4.);
#2454=CIRCLE('',#5907,4.);
#2455=CIRCLE('',#5909,3.99999999999999);
#2456=CIRCLE('',#5910,3.99999999999999);
#2457=CIRCLE('',#5912,4.);
#2458=CIRCLE('',#5913,4.);
#2459=CIRCLE('',#5915,4.);
#2460=CIRCLE('',#5916,4.);
#2461=CIRCLE('',#5918,4.);
#2462=CIRCLE('',#5919,4.);
#2463=CIRCLE('',#5921,4.);
#2464=CIRCLE('',#5922,4.);
#2465=CIRCLE('',#5924,4.);
#2466=CIRCLE('',#5925,4.);
#2467=CIRCLE('',#5927,4.);
#2468=CIRCLE('',#5928,4.);
#2469=CIRCLE('',#5930,4.);
#2470=CIRCLE('',#5931,4.);
#2471=CIRCLE('',#5933,3.99999999999999);
#2472=CIRCLE('',#5934,3.99999999999999);
#2473=CIRCLE('',#5936,4.);
#2474=CIRCLE('',#5937,4.);
#2475=CIRCLE('',#5939,3.99999999999999);
#2476=CIRCLE('',#5940,3.99999999999999);
#2477=CIRCLE('',#5942,4.);
#2478=CIRCLE('',#5943,4.);
#2479=CIRCLE('',#5945,1.5);
#2480=CIRCLE('',#5946,1.5);
#2481=CIRCLE('',#5948,1.5);
#2482=CIRCLE('',#5949,1.5);
#2483=CIRCLE('',#5951,1.5);
#2484=CIRCLE('',#5952,1.5);
#2485=CIRCLE('',#5954,1.5);
#2486=CIRCLE('',#5955,1.5);
#2487=CIRCLE('',#5957,1.5);
#2488=CIRCLE('',#5958,1.5);
#2489=CIRCLE('',#5960,1.5);
#2490=CIRCLE('',#5961,1.5);
#2491=CIRCLE('',#5963,1.5);
#2492=CIRCLE('',#5964,1.5);
#2493=CIRCLE('',#5966,1.5);
#2494=CIRCLE('',#5967,1.5);
#2495=CIRCLE('',#5969,1.5);
#2496=CIRCLE('',#5970,1.5);
#2497=CIRCLE('',#5976,1.49999999999999);
#2498=CIRCLE('',#5977,1.49999999999999);
#2499=CIRCLE('',#5979,1.5);
#2500=CIRCLE('',#5980,1.5);
#2501=CIRCLE('',#5982,1.5);
#2502=CIRCLE('',#5983,1.5);
#2503=CIRCLE('',#6003,6.);
#2504=CIRCLE('',#6004,6.);
#2505=CIRCLE('',#6006,1.5);
#2506=CIRCLE('',#6007,1.5);
#2507=CIRCLE('',#6009,1.5);
#2508=CIRCLE('',#6010,1.5);
#2509=CIRCLE('',#6012,1.5);
#2510=CIRCLE('',#6013,1.5);
#2511=CIRCLE('',#6015,1.5);
#2512=CIRCLE('',#6016,1.5);
#2513=CIRCLE('',#6018,1.13);
#2514=CIRCLE('',#6019,1.13);
#2515=CIRCLE('',#6021,1.13);
#2516=CIRCLE('',#6023,1.13);
#2517=CIRCLE('',#6030,1.5);
#2518=CIRCLE('',#6031,1.5);
#2519=CIRCLE('',#6033,6.);
#2520=CIRCLE('',#6034,6.);
#2521=CIRCLE('',#6036,1.5);
#2522=CIRCLE('',#6037,1.5);
#2523=CIRCLE('',#6039,1.5);
#2524=CIRCLE('',#6040,1.5);
#2525=CIRCLE('',#6042,1.5);
#2526=CIRCLE('',#6043,1.5);
#2527=CIRCLE('',#6045,1.13);
#2528=CIRCLE('',#6046,1.13);
#2529=CIRCLE('',#6048,1.13);
#2530=CIRCLE('',#6050,1.13);
#2531=CIRCLE('',#6057,6.00000000000001);
#2532=CIRCLE('',#6058,6.00000000000001);
#2533=CIRCLE('',#6060,1.5);
#2534=CIRCLE('',#6061,1.5);
#2535=CIRCLE('',#6063,1.5);
#2536=CIRCLE('',#6064,1.5);
#2537=CIRCLE('',#6066,1.5);
#2538=CIRCLE('',#6067,1.5);
#2539=CIRCLE('',#6069,1.5);
#2540=CIRCLE('',#6070,1.5);
#2541=CIRCLE('',#6072,1.13);
#2542=CIRCLE('',#6073,1.13);
#2543=CIRCLE('',#6075,1.13);
#2544=CIRCLE('',#6077,1.13);
#2545=CIRCLE('',#6084,1.49999999999999);
#2546=CIRCLE('',#6085,1.49999999999999);
#2547=CIRCLE('',#6087,6.00000000000001);
#2548=CIRCLE('',#6088,6.00000000000001);
#2549=CIRCLE('',#6090,1.49999999999999);
#2550=CIRCLE('',#6091,1.49999999999999);
#2551=CIRCLE('',#6093,1.5);
#2552=CIRCLE('',#6094,1.5);
#2553=CIRCLE('',#6096,1.5);
#2554=CIRCLE('',#6097,1.5);
#2555=CIRCLE('',#6099,1.13);
#2556=CIRCLE('',#6100,1.13);
#2557=CIRCLE('',#6102,1.13);
#2558=CIRCLE('',#6104,1.13);
#2559=CIRCLE('',#6111,1.5);
#2560=CIRCLE('',#6112,1.5);
#2561=CIRCLE('',#6114,6.);
#2562=CIRCLE('',#6115,6.);
#2563=CIRCLE('',#6117,1.5);
#2564=CIRCLE('',#6118,1.5);
#2565=CIRCLE('',#6120,1.49999999999999);
#2566=CIRCLE('',#6121,1.49999999999999);
#2567=CIRCLE('',#6123,1.5);
#2568=CIRCLE('',#6124,1.5);
#2569=CIRCLE('',#6126,1.13);
#2570=CIRCLE('',#6127,1.13);
#2571=CIRCLE('',#6129,1.13);
#2572=CIRCLE('',#6131,1.13);
#2573=CIRCLE('',#6138,1.5);
#2574=CIRCLE('',#6139,1.5);
#2575=CIRCLE('',#6141,6.00000000000001);
#2576=CIRCLE('',#6142,6.00000000000001);
#2577=CIRCLE('',#6144,1.49999999999999);
#2578=CIRCLE('',#6145,1.49999999999999);
#2579=CIRCLE('',#6147,1.5);
#2580=CIRCLE('',#6148,1.5);
#2581=CIRCLE('',#6150,1.5);
#2582=CIRCLE('',#6151,1.5);
#2583=CIRCLE('',#6153,1.13);
#2584=CIRCLE('',#6154,1.13);
#2585=CIRCLE('',#6156,1.13);
#2586=CIRCLE('',#6158,1.13);
#2587=VERTEX_POINT('',#7772);
#2588=VERTEX_POINT('',#7773);
#2589=VERTEX_POINT('',#7775);
#2590=VERTEX_POINT('',#7779);
#2591=VERTEX_POINT('',#7780);
#2592=VERTEX_POINT('',#7782);
#2593=VERTEX_POINT('',#7786);
#2594=VERTEX_POINT('',#7787);
#2595=VERTEX_POINT('',#7789);
#2596=VERTEX_POINT('',#7793);
#2597=VERTEX_POINT('',#7794);
#2598=VERTEX_POINT('',#7796);
#2599=VERTEX_POINT('',#7803);
#2600=VERTEX_POINT('',#7804);
#2601=VERTEX_POINT('',#7806);
#2602=VERTEX_POINT('',#7813);
#2603=VERTEX_POINT('',#7814);
#2604=VERTEX_POINT('',#7816);
#2605=VERTEX_POINT('',#7820);
#2606=VERTEX_POINT('',#7821);
#2607=VERTEX_POINT('',#7823);
#2608=VERTEX_POINT('',#7833);
#2609=VERTEX_POINT('',#7834);
#2610=VERTEX_POINT('',#7836);
#2611=VERTEX_POINT('',#7870);
#2612=VERTEX_POINT('',#7871);
#2613=VERTEX_POINT('',#7873);
#2614=VERTEX_POINT('',#7875);
#2615=VERTEX_POINT('',#7879);
#2616=VERTEX_POINT('',#7881);
#2617=VERTEX_POINT('',#7885);
#2618=VERTEX_POINT('',#7886);
#2619=VERTEX_POINT('',#7888);
#2620=VERTEX_POINT('',#7890);
#2621=VERTEX_POINT('',#7894);
#2622=VERTEX_POINT('',#7896);
#2623=VERTEX_POINT('',#7900);
#2624=VERTEX_POINT('',#7901);
#2625=VERTEX_POINT('',#7903);
#2626=VERTEX_POINT('',#7905);
#2627=VERTEX_POINT('',#7909);
#2628=VERTEX_POINT('',#7911);
#2629=VERTEX_POINT('',#7915);
#2630=VERTEX_POINT('',#7916);
#2631=VERTEX_POINT('',#7918);
#2632=VERTEX_POINT('',#7920);
#2633=VERTEX_POINT('',#7924);
#2634=VERTEX_POINT('',#7926);
#2635=VERTEX_POINT('',#7930);
#2636=VERTEX_POINT('',#7932);
#2637=VERTEX_POINT('',#7936);
#2638=VERTEX_POINT('',#7938);
#2639=VERTEX_POINT('',#7942);
#2640=VERTEX_POINT('',#7944);
#2641=VERTEX_POINT('',#7948);
#2642=VERTEX_POINT('',#7950);
#2643=VERTEX_POINT('',#7954);
#2644=VERTEX_POINT('',#7956);
#2645=VERTEX_POINT('',#7960);
#2646=VERTEX_POINT('',#7962);
#2647=VERTEX_POINT('',#7969);
#2648=VERTEX_POINT('',#7971);
#2649=VERTEX_POINT('',#7975);
#2650=VERTEX_POINT('',#7977);
#2651=VERTEX_POINT('',#7981);
#2652=VERTEX_POINT('',#7983);
#2653=VERTEX_POINT('',#7987);
#2654=VERTEX_POINT('',#7988);
#2655=VERTEX_POINT('',#7990);
#2656=VERTEX_POINT('',#7992);
#2657=VERTEX_POINT('',#7996);
#2658=VERTEX_POINT('',#7998);
#2659=VERTEX_POINT('',#8002);
#2660=VERTEX_POINT('',#8004);
#2661=VERTEX_POINT('',#8011);
#2662=VERTEX_POINT('',#8013);
#2663=VERTEX_POINT('',#8017);
#2664=VERTEX_POINT('',#8019);
#2665=VERTEX_POINT('',#8026);
#2666=VERTEX_POINT('',#8028);
#2667=VERTEX_POINT('',#8032);
#2668=VERTEX_POINT('',#8034);
#2669=VERTEX_POINT('',#8038);
#2670=VERTEX_POINT('',#8040);
#2671=VERTEX_POINT('',#8044);
#2672=VERTEX_POINT('',#8046);
#2673=VERTEX_POINT('',#8050);
#2674=VERTEX_POINT('',#8052);
#2675=VERTEX_POINT('',#8056);
#2676=VERTEX_POINT('',#8058);
#2677=VERTEX_POINT('',#8062);
#2678=VERTEX_POINT('',#8064);
#2679=VERTEX_POINT('',#8068);
#2680=VERTEX_POINT('',#8070);
#2681=VERTEX_POINT('',#8074);
#2682=VERTEX_POINT('',#8075);
#2683=VERTEX_POINT('',#8077);
#2684=VERTEX_POINT('',#8079);
#2685=VERTEX_POINT('',#8083);
#2686=VERTEX_POINT('',#8085);
#2687=VERTEX_POINT('',#8089);
#2688=VERTEX_POINT('',#8091);
#2689=VERTEX_POINT('',#8098);
#2690=VERTEX_POINT('',#8100);
#2691=VERTEX_POINT('',#8104);
#2692=VERTEX_POINT('',#8106);
#2693=VERTEX_POINT('',#8113);
#2694=VERTEX_POINT('',#8115);
#2695=VERTEX_POINT('',#8119);
#2696=VERTEX_POINT('',#8121);
#2697=VERTEX_POINT('',#8125);
#2698=VERTEX_POINT('',#8126);
#2699=VERTEX_POINT('',#8128);
#2700=VERTEX_POINT('',#8130);
#2701=VERTEX_POINT('',#8134);
#2702=VERTEX_POINT('',#8136);
#2703=VERTEX_POINT('',#8140);
#2704=VERTEX_POINT('',#8142);
#2705=VERTEX_POINT('',#8149);
#2706=VERTEX_POINT('',#8151);
#2707=VERTEX_POINT('',#8155);
#2708=VERTEX_POINT('',#8157);
#2709=VERTEX_POINT('',#8164);
#2710=VERTEX_POINT('',#8166);
#2711=VERTEX_POINT('',#8170);
#2712=VERTEX_POINT('',#8172);
#2713=VERTEX_POINT('',#8176);
#2714=VERTEX_POINT('',#8177);
#2715=VERTEX_POINT('',#8179);
#2716=VERTEX_POINT('',#8181);
#2717=VERTEX_POINT('',#8185);
#2718=VERTEX_POINT('',#8187);
#2719=VERTEX_POINT('',#8191);
#2720=VERTEX_POINT('',#8193);
#2721=VERTEX_POINT('',#8200);
#2722=VERTEX_POINT('',#8202);
#2723=VERTEX_POINT('',#8206);
#2724=VERTEX_POINT('',#8207);
#2725=VERTEX_POINT('',#8209);
#2726=VERTEX_POINT('',#8211);
#2727=VERTEX_POINT('',#8215);
#2728=VERTEX_POINT('',#8217);
#2729=VERTEX_POINT('',#8221);
#2730=VERTEX_POINT('',#8223);
#2731=VERTEX_POINT('',#8230);
#2732=VERTEX_POINT('',#8232);
#2733=VERTEX_POINT('',#8236);
#2734=VERTEX_POINT('',#8237);
#2735=VERTEX_POINT('',#8239);
#2736=VERTEX_POINT('',#8241);
#2737=VERTEX_POINT('',#8243);
#2738=VERTEX_POINT('',#8245);
#2739=VERTEX_POINT('',#8247);
#2740=VERTEX_POINT('',#8249);
#2741=VERTEX_POINT('',#8251);
#2742=VERTEX_POINT('',#8253);
#2743=VERTEX_POINT('',#8255);
#2744=VERTEX_POINT('',#8257);
#2745=VERTEX_POINT('',#8259);
#2746=VERTEX_POINT('',#8261);
#2747=VERTEX_POINT('',#8263);
#2748=VERTEX_POINT('',#8265);
#2749=VERTEX_POINT('',#8268);
#2750=VERTEX_POINT('',#8270);
#2751=VERTEX_POINT('',#8272);
#2752=VERTEX_POINT('',#8274);
#2753=VERTEX_POINT('',#8276);
#2754=VERTEX_POINT('',#8278);
#2755=VERTEX_POINT('',#8280);
#2756=VERTEX_POINT('',#8282);
#2757=VERTEX_POINT('',#8284);
#2758=VERTEX_POINT('',#8286);
#2759=VERTEX_POINT('',#8288);
#2760=VERTEX_POINT('',#8290);
#2761=VERTEX_POINT('',#8292);
#2762=VERTEX_POINT('',#8294);
#2763=VERTEX_POINT('',#8296);
#2764=VERTEX_POINT('',#8298);
#2765=VERTEX_POINT('',#8300);
#2766=VERTEX_POINT('',#8302);
#2767=VERTEX_POINT('',#8304);
#2768=VERTEX_POINT('',#8307);
#2769=VERTEX_POINT('',#8311);
#2770=VERTEX_POINT('',#8315);
#2771=VERTEX_POINT('',#8319);
#2772=VERTEX_POINT('',#8323);
#2773=VERTEX_POINT('',#8327);
#2774=VERTEX_POINT('',#8331);
#2775=VERTEX_POINT('',#8335);
#2776=VERTEX_POINT('',#8337);
#2777=VERTEX_POINT('',#8342);
#2778=VERTEX_POINT('',#8344);
#2779=VERTEX_POINT('',#8349);
#2780=VERTEX_POINT('',#8351);
#2781=VERTEX_POINT('',#8356);
#2782=VERTEX_POINT('',#8358);
#2783=VERTEX_POINT('',#8363);
#2784=VERTEX_POINT('',#8365);
#2785=VERTEX_POINT('',#8370);
#2786=VERTEX_POINT('',#8372);
#2787=VERTEX_POINT('',#8377);
#2788=VERTEX_POINT('',#8379);
#2789=VERTEX_POINT('',#8384);
#2790=VERTEX_POINT('',#8386);
#2791=VERTEX_POINT('',#8391);
#2792=VERTEX_POINT('',#8395);
#2793=VERTEX_POINT('',#8399);
#2794=VERTEX_POINT('',#8403);
#2795=VERTEX_POINT('',#8407);
#2796=VERTEX_POINT('',#8411);
#2797=VERTEX_POINT('',#8415);
#2798=VERTEX_POINT('',#8419);
#2799=VERTEX_POINT('',#8423);
#2800=VERTEX_POINT('',#8427);
#2801=VERTEX_POINT('',#8431);
#2802=VERTEX_POINT('',#8435);
#2803=VERTEX_POINT('',#8439);
#2804=VERTEX_POINT('',#8440);
#2805=VERTEX_POINT('',#8445);
#2806=VERTEX_POINT('',#8449);
#2807=VERTEX_POINT('',#8453);
#2808=VERTEX_POINT('',#8457);
#2809=VERTEX_POINT('',#8461);
#2810=VERTEX_POINT('',#8465);
#2811=VERTEX_POINT('',#8469);
#2812=VERTEX_POINT('',#8473);
#2813=VERTEX_POINT('',#8477);
#2814=VERTEX_POINT('',#8481);
#2815=VERTEX_POINT('',#8485);
#2816=VERTEX_POINT('',#8489);
#2817=VERTEX_POINT('',#8493);
#2818=VERTEX_POINT('',#8497);
#2819=VERTEX_POINT('',#8504);
#2820=VERTEX_POINT('',#8506);
#2821=VERTEX_POINT('',#8510);
#2822=VERTEX_POINT('',#8512);
#2823=VERTEX_POINT('',#8516);
#2824=VERTEX_POINT('',#8518);
#2825=VERTEX_POINT('',#8522);
#2826=VERTEX_POINT('',#8524);
#2827=VERTEX_POINT('',#8528);
#2828=VERTEX_POINT('',#8530);
#2829=VERTEX_POINT('',#8534);
#2830=VERTEX_POINT('',#8536);
#2831=VERTEX_POINT('',#8540);
#2832=VERTEX_POINT('',#8542);
#2833=VERTEX_POINT('',#8546);
#2834=VERTEX_POINT('',#8548);
#2835=VERTEX_POINT('',#8552);
#2836=VERTEX_POINT('',#8554);
#2837=VERTEX_POINT('',#8558);
#2838=VERTEX_POINT('',#8560);
#2839=VERTEX_POINT('',#8564);
#2840=VERTEX_POINT('',#8566);
#2841=VERTEX_POINT('',#8570);
#2842=VERTEX_POINT('',#8572);
#2843=VERTEX_POINT('',#8576);
#2844=VERTEX_POINT('',#8578);
#2845=VERTEX_POINT('',#8582);
#2846=VERTEX_POINT('',#8584);
#2847=VERTEX_POINT('',#8588);
#2848=VERTEX_POINT('',#8590);
#2849=VERTEX_POINT('',#8594);
#2850=VERTEX_POINT('',#8596);
#2851=VERTEX_POINT('',#8600);
#2852=VERTEX_POINT('',#8602);
#2853=VERTEX_POINT('',#8606);
#2854=VERTEX_POINT('',#8608);
#2855=VERTEX_POINT('',#8612);
#2856=VERTEX_POINT('',#8614);
#2857=VERTEX_POINT('',#8618);
#2858=VERTEX_POINT('',#8620);
#2859=VERTEX_POINT('',#8624);
#2860=VERTEX_POINT('',#8626);
#2861=VERTEX_POINT('',#8630);
#2862=VERTEX_POINT('',#8632);
#2863=VERTEX_POINT('',#8636);
#2864=VERTEX_POINT('',#8638);
#2865=VERTEX_POINT('',#8642);
#2866=VERTEX_POINT('',#8644);
#2867=VERTEX_POINT('',#8648);
#2868=VERTEX_POINT('',#8650);
#2869=VERTEX_POINT('',#8654);
#2870=VERTEX_POINT('',#8656);
#2871=VERTEX_POINT('',#8660);
#2872=VERTEX_POINT('',#8662);
#2873=VERTEX_POINT('',#8666);
#2874=VERTEX_POINT('',#8668);
#2875=VERTEX_POINT('',#8672);
#2876=VERTEX_POINT('',#8674);
#2877=VERTEX_POINT('',#8678);
#2878=VERTEX_POINT('',#8680);
#2879=VERTEX_POINT('',#8684);
#2880=VERTEX_POINT('',#8686);
#2881=VERTEX_POINT('',#8690);
#2882=VERTEX_POINT('',#8692);
#2883=VERTEX_POINT('',#8696);
#2884=VERTEX_POINT('',#8698);
#2885=VERTEX_POINT('',#8702);
#2886=VERTEX_POINT('',#8704);
#2887=VERTEX_POINT('',#8708);
#2888=VERTEX_POINT('',#8710);
#2889=VERTEX_POINT('',#8714);
#2890=VERTEX_POINT('',#8716);
#2891=VERTEX_POINT('',#8720);
#2892=VERTEX_POINT('',#8722);
#2893=VERTEX_POINT('',#8726);
#2894=VERTEX_POINT('',#8727);
#2895=VERTEX_POINT('',#8729);
#2896=VERTEX_POINT('',#8731);
#2897=VERTEX_POINT('',#8735);
#2898=VERTEX_POINT('',#8737);
#2899=VERTEX_POINT('',#8741);
#2900=VERTEX_POINT('',#8743);
#2901=VERTEX_POINT('',#8750);
#2902=VERTEX_POINT('',#8752);
#2903=VERTEX_POINT('',#8756);
#2904=VERTEX_POINT('',#8758);
#2905=VERTEX_POINT('',#8762);
#2906=VERTEX_POINT('',#8764);
#2907=VERTEX_POINT('',#8768);
#2908=VERTEX_POINT('',#8769);
#2909=VERTEX_POINT('',#8771);
#2910=VERTEX_POINT('',#8773);
#2911=VERTEX_POINT('',#8777);
#2912=VERTEX_POINT('',#8779);
#2913=VERTEX_POINT('',#8783);
#2914=VERTEX_POINT('',#8785);
#2915=VERTEX_POINT('',#8789);
#2916=VERTEX_POINT('',#8791);
#2917=VERTEX_POINT('',#8795);
#2918=VERTEX_POINT('',#8797);
#2919=VERTEX_POINT('',#8801);
#2920=VERTEX_POINT('',#8803);
#2921=VERTEX_POINT('',#8807);
#2922=VERTEX_POINT('',#8809);
#2923=VERTEX_POINT('',#8813);
#2924=VERTEX_POINT('',#8815);
#2925=VERTEX_POINT('',#8819);
#2926=VERTEX_POINT('',#8821);
#2927=VERTEX_POINT('',#8825);
#2928=VERTEX_POINT('',#8827);
#2929=VERTEX_POINT('',#8831);
#2930=VERTEX_POINT('',#8833);
#2931=VERTEX_POINT('',#8837);
#2932=VERTEX_POINT('',#8839);
#2933=VERTEX_POINT('',#8843);
#2934=VERTEX_POINT('',#8845);
#2935=VERTEX_POINT('',#8849);
#2936=VERTEX_POINT('',#8851);
#2937=VERTEX_POINT('',#8855);
#2938=VERTEX_POINT('',#8857);
#2939=VERTEX_POINT('',#8866);
#2940=VERTEX_POINT('',#8868);
#2941=VERTEX_POINT('',#8872);
#2942=VERTEX_POINT('',#8874);
#2943=VERTEX_POINT('',#8878);
#2944=VERTEX_POINT('',#8880);
#2945=VERTEX_POINT('',#8884);
#2946=VERTEX_POINT('',#8886);
#2947=VERTEX_POINT('',#8890);
#2948=VERTEX_POINT('',#8892);
#2949=VERTEX_POINT('',#8896);
#2950=VERTEX_POINT('',#8897);
#2951=VERTEX_POINT('',#8899);
#2952=VERTEX_POINT('',#8901);
#2953=VERTEX_POINT('',#8904);
#2954=VERTEX_POINT('',#8906);
#2955=VERTEX_POINT('',#8909);
#2956=VERTEX_POINT('',#8913);
#2957=VERTEX_POINT('',#8917);
#2958=VERTEX_POINT('',#8919);
#2959=VERTEX_POINT('',#8923);
#2960=VERTEX_POINT('',#8927);
#2961=VERTEX_POINT('',#8934);
#2962=VERTEX_POINT('',#8936);
#2963=VERTEX_POINT('',#8940);
#2964=VERTEX_POINT('',#8942);
#2965=VERTEX_POINT('',#8946);
#2966=VERTEX_POINT('',#8948);
#2967=VERTEX_POINT('',#8952);
#2968=VERTEX_POINT('',#8954);
#2969=VERTEX_POINT('',#8958);
#2970=VERTEX_POINT('',#8960);
#2971=VERTEX_POINT('',#8964);
#2972=VERTEX_POINT('',#8965);
#2973=VERTEX_POINT('',#8967);
#2974=VERTEX_POINT('',#8969);
#2975=VERTEX_POINT('',#8972);
#2976=VERTEX_POINT('',#8974);
#2977=VERTEX_POINT('',#8977);
#2978=VERTEX_POINT('',#8981);
#2979=VERTEX_POINT('',#8985);
#2980=VERTEX_POINT('',#8987);
#2981=VERTEX_POINT('',#8991);
#2982=VERTEX_POINT('',#8995);
#2983=VERTEX_POINT('',#9002);
#2984=VERTEX_POINT('',#9004);
#2985=VERTEX_POINT('',#9008);
#2986=VERTEX_POINT('',#9010);
#2987=VERTEX_POINT('',#9014);
#2988=VERTEX_POINT('',#9016);
#2989=VERTEX_POINT('',#9020);
#2990=VERTEX_POINT('',#9022);
#2991=VERTEX_POINT('',#9026);
#2992=VERTEX_POINT('',#9028);
#2993=VERTEX_POINT('',#9032);
#2994=VERTEX_POINT('',#9033);
#2995=VERTEX_POINT('',#9035);
#2996=VERTEX_POINT('',#9037);
#2997=VERTEX_POINT('',#9040);
#2998=VERTEX_POINT('',#9042);
#2999=VERTEX_POINT('',#9045);
#3000=VERTEX_POINT('',#9049);
#3001=VERTEX_POINT('',#9053);
#3002=VERTEX_POINT('',#9055);
#3003=VERTEX_POINT('',#9059);
#3004=VERTEX_POINT('',#9063);
#3005=VERTEX_POINT('',#9070);
#3006=VERTEX_POINT('',#9072);
#3007=VERTEX_POINT('',#9076);
#3008=VERTEX_POINT('',#9078);
#3009=VERTEX_POINT('',#9082);
#3010=VERTEX_POINT('',#9084);
#3011=VERTEX_POINT('',#9088);
#3012=VERTEX_POINT('',#9090);
#3013=VERTEX_POINT('',#9094);
#3014=VERTEX_POINT('',#9096);
#3015=VERTEX_POINT('',#9100);
#3016=VERTEX_POINT('',#9101);
#3017=VERTEX_POINT('',#9103);
#3018=VERTEX_POINT('',#9105);
#3019=VERTEX_POINT('',#9108);
#3020=VERTEX_POINT('',#9110);
#3021=VERTEX_POINT('',#9113);
#3022=VERTEX_POINT('',#9117);
#3023=VERTEX_POINT('',#9121);
#3024=VERTEX_POINT('',#9123);
#3025=VERTEX_POINT('',#9127);
#3026=VERTEX_POINT('',#9131);
#3027=VERTEX_POINT('',#9138);
#3028=VERTEX_POINT('',#9140);
#3029=VERTEX_POINT('',#9144);
#3030=VERTEX_POINT('',#9146);
#3031=VERTEX_POINT('',#9150);
#3032=VERTEX_POINT('',#9152);
#3033=VERTEX_POINT('',#9156);
#3034=VERTEX_POINT('',#9158);
#3035=VERTEX_POINT('',#9162);
#3036=VERTEX_POINT('',#9164);
#3037=VERTEX_POINT('',#9168);
#3038=VERTEX_POINT('',#9169);
#3039=VERTEX_POINT('',#9171);
#3040=VERTEX_POINT('',#9173);
#3041=VERTEX_POINT('',#9176);
#3042=VERTEX_POINT('',#9178);
#3043=VERTEX_POINT('',#9181);
#3044=VERTEX_POINT('',#9185);
#3045=VERTEX_POINT('',#9189);
#3046=VERTEX_POINT('',#9191);
#3047=VERTEX_POINT('',#9195);
#3048=VERTEX_POINT('',#9199);
#3049=VERTEX_POINT('',#9206);
#3050=VERTEX_POINT('',#9208);
#3051=VERTEX_POINT('',#9212);
#3052=VERTEX_POINT('',#9214);
#3053=VERTEX_POINT('',#9218);
#3054=VERTEX_POINT('',#9220);
#3055=VERTEX_POINT('',#9224);
#3056=VERTEX_POINT('',#9226);
#3057=VERTEX_POINT('',#9230);
#3058=VERTEX_POINT('',#9232);
#3059=VERTEX_POINT('',#9236);
#3060=VERTEX_POINT('',#9237);
#3061=VERTEX_POINT('',#9239);
#3062=VERTEX_POINT('',#9241);
#3063=VERTEX_POINT('',#9244);
#3064=VERTEX_POINT('',#9246);
#3065=VERTEX_POINT('',#9249);
#3066=VERTEX_POINT('',#9253);
#3067=VERTEX_POINT('',#9257);
#3068=VERTEX_POINT('',#9259);
#3069=VERTEX_POINT('',#9263);
#3070=VERTEX_POINT('',#9267);
#3071=EDGE_CURVE('',#2587,#2588,#2287,.F.);
#3072=EDGE_CURVE('',#2589,#2587,#2288,.F.);
#3073=EDGE_CURVE('',#2588,#2589,#2289,.F.);
#3074=EDGE_CURVE('',#2590,#2591,#2290,.F.);
#3075=EDGE_CURVE('',#2592,#2590,#2291,.F.);
#3076=EDGE_CURVE('',#2591,#2592,#2292,.F.);
#3077=EDGE_CURVE('',#2593,#2594,#2293,.F.);
#3078=EDGE_CURVE('',#2595,#2593,#2294,.F.);
#3079=EDGE_CURVE('',#2594,#2595,#2295,.F.);
#3080=EDGE_CURVE('',#2596,#2597,#2296,.F.);
#3081=EDGE_CURVE('',#2598,#2596,#2297,.F.);
#3082=EDGE_CURVE('',#2597,#2598,#2298,.F.);
#3083=EDGE_CURVE('',#2596,#2589,#441,.T.);
#3084=EDGE_CURVE('',#2587,#2598,#442,.T.);
#3085=EDGE_CURVE('',#2599,#2600,#2299,.F.);
#3086=EDGE_CURVE('',#2601,#2599,#2300,.F.);
#3087=EDGE_CURVE('',#2600,#2601,#2301,.F.);
#3088=EDGE_CURVE('',#2599,#2592,#443,.T.);
#3089=EDGE_CURVE('',#2590,#2601,#444,.T.);
#3090=EDGE_CURVE('',#2602,#2603,#2302,.F.);
#3091=EDGE_CURVE('',#2604,#2602,#2303,.F.);
#3092=EDGE_CURVE('',#2603,#2604,#2304,.F.);
#3093=EDGE_CURVE('',#2605,#2606,#2305,.F.);
#3094=EDGE_CURVE('',#2607,#2605,#2306,.F.);
#3095=EDGE_CURVE('',#2606,#2607,#2307,.F.);
#3096=EDGE_CURVE('',#2605,#2595,#445,.T.);
#3097=EDGE_CURVE('',#2593,#2607,#446,.T.);
#3098=EDGE_CURVE('',#2597,#2606,#447,.T.);
#3099=EDGE_CURVE('',#2607,#2596,#448,.T.);
#3100=EDGE_CURVE('',#2608,#2609,#2308,.F.);
#3101=EDGE_CURVE('',#2610,#2608,#2309,.F.);
#3102=EDGE_CURVE('',#2609,#2610,#2310,.F.);
#3103=EDGE_CURVE('',#2602,#2610,#449,.T.);
#3104=EDGE_CURVE('',#2608,#2604,#450,.T.);
#3105=EDGE_CURVE('',#2606,#2609,#451,.T.);
#3106=EDGE_CURVE('',#2610,#2605,#452,.T.);
#3107=EDGE_CURVE('',#2609,#2600,#453,.T.);
#3108=EDGE_CURVE('',#2601,#2608,#454,.T.);
#3109=EDGE_CURVE('',#2591,#2603,#455,.T.);
#3110=EDGE_CURVE('',#2604,#2590,#456,.T.);
#3111=EDGE_CURVE('',#2603,#2594,#457,.T.);
#3112=EDGE_CURVE('',#2595,#2602,#458,.T.);
#3113=EDGE_CURVE('',#2600,#2597,#459,.T.);
#3114=EDGE_CURVE('',#2598,#2599,#460,.T.);
#3115=EDGE_CURVE('',#2594,#2588,#461,.T.);
#3116=EDGE_CURVE('',#2589,#2593,#462,.T.);
#3117=EDGE_CURVE('',#2588,#2591,#463,.T.);
#3118=EDGE_CURVE('',#2592,#2587,#464,.T.);
#3119=EDGE_CURVE('',#2611,#2612,#2311,.F.);
#3120=EDGE_CURVE('',#2612,#2613,#465,.T.);
#3121=EDGE_CURVE('',#2613,#2614,#2312,.F.);
#3122=EDGE_CURVE('',#2614,#2611,#466,.T.);
#3123=EDGE_CURVE('',#2612,#2615,#467,.T.);
#3124=EDGE_CURVE('',#2616,#2615,#468,.T.);
#3125=EDGE_CURVE('',#2613,#2616,#469,.T.);
#3126=EDGE_CURVE('',#2617,#2618,#2313,.F.);
#3127=EDGE_CURVE('',#2618,#2619,#470,.T.);
#3128=EDGE_CURVE('',#2619,#2620,#2314,.F.);
#3129=EDGE_CURVE('',#2620,#2617,#471,.T.);
#3130=EDGE_CURVE('',#2618,#2621,#472,.T.);
#3131=EDGE_CURVE('',#2622,#2621,#473,.T.);
#3132=EDGE_CURVE('',#2619,#2622,#474,.T.);
#3133=EDGE_CURVE('',#2623,#2624,#2315,.F.);
#3134=EDGE_CURVE('',#2624,#2625,#475,.T.);
#3135=EDGE_CURVE('',#2625,#2626,#2316,.F.);
#3136=EDGE_CURVE('',#2626,#2623,#476,.T.);
#3137=EDGE_CURVE('',#2624,#2627,#477,.T.);
#3138=EDGE_CURVE('',#2628,#2627,#478,.T.);
#3139=EDGE_CURVE('',#2625,#2628,#479,.T.);
#3140=EDGE_CURVE('',#2629,#2630,#2317,.F.);
#3141=EDGE_CURVE('',#2630,#2631,#480,.T.);
#3142=EDGE_CURVE('',#2631,#2632,#2318,.F.);
#3143=EDGE_CURVE('',#2632,#2629,#481,.T.);
#3144=EDGE_CURVE('',#2630,#2633,#482,.T.);
#3145=EDGE_CURVE('',#2634,#2633,#483,.T.);
#3146=EDGE_CURVE('',#2631,#2634,#484,.T.);
#3147=EDGE_CURVE('',#2635,#2635,#2319,.T.);
#3148=EDGE_CURVE('',#2635,#2636,#485,.T.);
#3149=EDGE_CURVE('',#2636,#2636,#2320,.T.);
#3150=EDGE_CURVE('',#2637,#2637,#2321,.T.);
#3151=EDGE_CURVE('',#2637,#2638,#486,.T.);
#3152=EDGE_CURVE('',#2638,#2638,#2322,.T.);
#3153=EDGE_CURVE('',#2639,#2639,#2323,.T.);
#3154=EDGE_CURVE('',#2639,#2640,#487,.T.);
#3155=EDGE_CURVE('',#2640,#2640,#2324,.T.);
#3156=EDGE_CURVE('',#2641,#2641,#2325,.T.);
#3157=EDGE_CURVE('',#2641,#2642,#488,.T.);
#3158=EDGE_CURVE('',#2642,#2642,#2326,.T.);
#3159=EDGE_CURVE('',#2643,#2611,#489,.T.);
#3160=EDGE_CURVE('',#2643,#2644,#490,.T.);
#3161=EDGE_CURVE('',#2615,#2644,#491,.T.);
#3162=EDGE_CURVE('',#2645,#2643,#492,.T.);
#3163=EDGE_CURVE('',#2645,#2646,#493,.T.);
#3164=EDGE_CURVE('',#2644,#2646,#494,.T.);
#3165=EDGE_CURVE('',#2614,#2645,#495,.T.);
#3166=EDGE_CURVE('',#2646,#2616,#496,.T.);
#3167=EDGE_CURVE('',#2647,#2647,#2327,.T.);
#3168=EDGE_CURVE('',#2647,#2648,#497,.T.);
#3169=EDGE_CURVE('',#2648,#2648,#2328,.T.);
#3170=EDGE_CURVE('',#2649,#2649,#2329,.T.);
#3171=EDGE_CURVE('',#2649,#2650,#498,.T.);
#3172=EDGE_CURVE('',#2650,#2650,#2330,.T.);
#3173=EDGE_CURVE('',#2651,#2651,#2331,.T.);
#3174=EDGE_CURVE('',#2651,#2652,#499,.T.);
#3175=EDGE_CURVE('',#2652,#2652,#2332,.T.);
#3176=EDGE_CURVE('',#2653,#2654,#500,.T.);
#3177=EDGE_CURVE('',#2653,#2655,#501,.T.);
#3178=EDGE_CURVE('',#2656,#2655,#502,.T.);
#3179=EDGE_CURVE('',#2654,#2656,#503,.T.);
#3180=EDGE_CURVE('',#2657,#2653,#504,.T.);
#3181=EDGE_CURVE('',#2657,#2658,#505,.T.);
#3182=EDGE_CURVE('',#2655,#2658,#506,.T.);
#3183=EDGE_CURVE('',#2659,#2657,#507,.T.);
#3184=EDGE_CURVE('',#2659,#2660,#508,.T.);
#3185=EDGE_CURVE('',#2658,#2660,#509,.T.);
#3186=EDGE_CURVE('',#2654,#2659,#510,.T.);
#3187=EDGE_CURVE('',#2660,#2656,#511,.T.);
#3188=EDGE_CURVE('',#2620,#2661,#512,.T.);
#3189=EDGE_CURVE('',#2662,#2622,#513,.T.);
#3190=EDGE_CURVE('',#2661,#2662,#514,.T.);
#3191=EDGE_CURVE('',#2663,#2617,#515,.T.);
#3192=EDGE_CURVE('',#2663,#2664,#516,.T.);
#3193=EDGE_CURVE('',#2621,#2664,#517,.T.);
#3194=EDGE_CURVE('',#2661,#2663,#518,.T.);
#3195=EDGE_CURVE('',#2664,#2662,#519,.T.);
#3196=EDGE_CURVE('',#2665,#2665,#2333,.T.);
#3197=EDGE_CURVE('',#2665,#2666,#520,.T.);
#3198=EDGE_CURVE('',#2666,#2666,#2334,.T.);
#3199=EDGE_CURVE('',#2667,#2667,#2335,.T.);
#3200=EDGE_CURVE('',#2667,#2668,#521,.T.);
#3201=EDGE_CURVE('',#2668,#2668,#2336,.T.);
#3202=EDGE_CURVE('',#2669,#2669,#2337,.T.);
#3203=EDGE_CURVE('',#2669,#2670,#522,.T.);
#3204=EDGE_CURVE('',#2670,#2670,#2338,.T.);
#3205=EDGE_CURVE('',#2671,#2671,#2339,.T.);
#3206=EDGE_CURVE('',#2671,#2672,#523,.T.);
#3207=EDGE_CURVE('',#2672,#2672,#2340,.T.);
#3208=EDGE_CURVE('',#2673,#2673,#2341,.T.);
#3209=EDGE_CURVE('',#2673,#2674,#524,.T.);
#3210=EDGE_CURVE('',#2674,#2674,#2342,.T.);
#3211=EDGE_CURVE('',#2675,#2675,#2343,.T.);
#3212=EDGE_CURVE('',#2675,#2676,#525,.T.);
#3213=EDGE_CURVE('',#2676,#2676,#2344,.T.);
#3214=EDGE_CURVE('',#2677,#2677,#2345,.T.);
#3215=EDGE_CURVE('',#2677,#2678,#526,.T.);
#3216=EDGE_CURVE('',#2678,#2678,#2346,.T.);
#3217=EDGE_CURVE('',#2679,#2679,#2347,.T.);
#3218=EDGE_CURVE('',#2679,#2680,#527,.T.);
#3219=EDGE_CURVE('',#2680,#2680,#2348,.T.);
#3220=EDGE_CURVE('',#2681,#2682,#528,.T.);
#3221=EDGE_CURVE('',#2681,#2683,#529,.T.);
#3222=EDGE_CURVE('',#2684,#2683,#530,.T.);
#3223=EDGE_CURVE('',#2682,#2684,#531,.T.);
#3224=EDGE_CURVE('',#2685,#2681,#532,.T.);
#3225=EDGE_CURVE('',#2685,#2686,#533,.T.);
#3226=EDGE_CURVE('',#2683,#2686,#534,.T.);
#3227=EDGE_CURVE('',#2687,#2685,#535,.T.);
#3228=EDGE_CURVE('',#2687,#2688,#536,.T.);
#3229=EDGE_CURVE('',#2686,#2688,#537,.T.);
#3230=EDGE_CURVE('',#2682,#2687,#538,.T.);
#3231=EDGE_CURVE('',#2688,#2684,#539,.T.);
#3232=EDGE_CURVE('',#2626,#2689,#540,.T.);
#3233=EDGE_CURVE('',#2690,#2628,#541,.T.);
#3234=EDGE_CURVE('',#2689,#2690,#542,.T.);
#3235=EDGE_CURVE('',#2691,#2623,#543,.T.);
#3236=EDGE_CURVE('',#2691,#2692,#544,.T.);
#3237=EDGE_CURVE('',#2627,#2692,#545,.T.);
#3238=EDGE_CURVE('',#2689,#2691,#546,.T.);
#3239=EDGE_CURVE('',#2692,#2690,#547,.T.);
#3240=EDGE_CURVE('',#2693,#2693,#2349,.T.);
#3241=EDGE_CURVE('',#2693,#2694,#548,.T.);
#3242=EDGE_CURVE('',#2694,#2694,#2350,.T.);
#3243=EDGE_CURVE('',#2695,#2695,#2351,.T.);
#3244=EDGE_CURVE('',#2695,#2696,#549,.T.);
#3245=EDGE_CURVE('',#2696,#2696,#2352,.T.);
#3246=EDGE_CURVE('',#2697,#2698,#550,.T.);
#3247=EDGE_CURVE('',#2697,#2699,#551,.T.);
#3248=EDGE_CURVE('',#2700,#2699,#552,.T.);
#3249=EDGE_CURVE('',#2698,#2700,#553,.T.);
#3250=EDGE_CURVE('',#2701,#2697,#554,.T.);
#3251=EDGE_CURVE('',#2701,#2702,#555,.T.);
#3252=EDGE_CURVE('',#2699,#2702,#556,.T.);
#3253=EDGE_CURVE('',#2703,#2701,#557,.T.);
#3254=EDGE_CURVE('',#2703,#2704,#558,.T.);
#3255=EDGE_CURVE('',#2702,#2704,#559,.T.);
#3256=EDGE_CURVE('',#2698,#2703,#560,.T.);
#3257=EDGE_CURVE('',#2704,#2700,#561,.T.);
#3258=EDGE_CURVE('',#2632,#2705,#562,.T.);
#3259=EDGE_CURVE('',#2706,#2634,#563,.T.);
#3260=EDGE_CURVE('',#2705,#2706,#564,.T.);
#3261=EDGE_CURVE('',#2707,#2629,#565,.T.);
#3262=EDGE_CURVE('',#2707,#2708,#566,.T.);
#3263=EDGE_CURVE('',#2633,#2708,#567,.T.);
#3264=EDGE_CURVE('',#2705,#2707,#568,.T.);
#3265=EDGE_CURVE('',#2708,#2706,#569,.T.);
#3266=EDGE_CURVE('',#2709,#2709,#2353,.T.);
#3267=EDGE_CURVE('',#2709,#2710,#570,.T.);
#3268=EDGE_CURVE('',#2710,#2710,#2354,.T.);
#3269=EDGE_CURVE('',#2711,#2711,#2355,.T.);
#3270=EDGE_CURVE('',#2711,#2712,#571,.T.);
#3271=EDGE_CURVE('',#2712,#2712,#2356,.T.);
#3272=EDGE_CURVE('',#2713,#2714,#572,.T.);
#3273=EDGE_CURVE('',#2713,#2715,#573,.T.);
#3274=EDGE_CURVE('',#2716,#2715,#574,.T.);
#3275=EDGE_CURVE('',#2714,#2716,#575,.T.);
#3276=EDGE_CURVE('',#2717,#2713,#576,.T.);
#3277=EDGE_CURVE('',#2717,#2718,#577,.T.);
#3278=EDGE_CURVE('',#2715,#2718,#578,.T.);
#3279=EDGE_CURVE('',#2719,#2717,#579,.T.);
#3280=EDGE_CURVE('',#2719,#2720,#580,.T.);
#3281=EDGE_CURVE('',#2718,#2720,#581,.T.);
#3282=EDGE_CURVE('',#2714,#2719,#582,.T.);
#3283=EDGE_CURVE('',#2720,#2716,#583,.T.);
#3284=EDGE_CURVE('',#2721,#2721,#2357,.T.);
#3285=EDGE_CURVE('',#2721,#2722,#584,.T.);
#3286=EDGE_CURVE('',#2722,#2722,#2358,.T.);
#3287=EDGE_CURVE('',#2723,#2724,#585,.T.);
#3288=EDGE_CURVE('',#2723,#2725,#586,.T.);
#3289=EDGE_CURVE('',#2726,#2725,#587,.T.);
#3290=EDGE_CURVE('',#2724,#2726,#588,.T.);
#3291=EDGE_CURVE('',#2727,#2723,#589,.T.);
#3292=EDGE_CURVE('',#2727,#2728,#590,.T.);
#3293=EDGE_CURVE('',#2725,#2728,#591,.T.);
#3294=EDGE_CURVE('',#2729,#2727,#592,.T.);
#3295=EDGE_CURVE('',#2729,#2730,#593,.T.);
#3296=EDGE_CURVE('',#2728,#2730,#594,.T.);
#3297=EDGE_CURVE('',#2724,#2729,#595,.T.);
#3298=EDGE_CURVE('',#2730,#2726,#596,.T.);
#3299=EDGE_CURVE('',#2731,#2731,#2359,.T.);
#3300=EDGE_CURVE('',#2731,#2732,#2360,.T.);
#3301=EDGE_CURVE('',#2732,#2732,#2361,.T.);
#3302=EDGE_CURVE('',#2733,#2734,#597,.T.);
#3303=EDGE_CURVE('',#2734,#2735,#598,.T.);
#3304=EDGE_CURVE('',#2735,#2736,#599,.T.);
#3305=EDGE_CURVE('',#2736,#2737,#600,.T.);
#3306=EDGE_CURVE('',#2737,#2738,#601,.T.);
#3307=EDGE_CURVE('',#2738,#2739,#602,.T.);
#3308=EDGE_CURVE('',#2739,#2740,#603,.T.);
#3309=EDGE_CURVE('',#2740,#2741,#604,.T.);
#3310=EDGE_CURVE('',#2741,#2742,#605,.T.);
#3311=EDGE_CURVE('',#2742,#2743,#606,.T.);
#3312=EDGE_CURVE('',#2743,#2744,#607,.T.);
#3313=EDGE_CURVE('',#2744,#2745,#608,.T.);
#3314=EDGE_CURVE('',#2745,#2746,#609,.T.);
#3315=EDGE_CURVE('',#2746,#2747,#610,.T.);
#3316=EDGE_CURVE('',#2747,#2748,#611,.T.);
#3317=EDGE_CURVE('',#2748,#2733,#612,.T.);
#3318=EDGE_CURVE('',#2749,#2749,#2362,.T.);
#3319=EDGE_CURVE('',#2750,#2750,#2363,.T.);
#3320=EDGE_CURVE('',#2751,#2751,#2364,.T.);
#3321=EDGE_CURVE('',#2752,#2752,#2365,.T.);
#3322=EDGE_CURVE('',#2753,#2753,#2366,.T.);
#3323=EDGE_CURVE('',#2754,#2754,#2367,.T.);
#3324=EDGE_CURVE('',#2755,#2755,#2368,.T.);
#3325=EDGE_CURVE('',#2756,#2756,#2369,.T.);
#3326=EDGE_CURVE('',#2757,#2757,#2370,.T.);
#3327=EDGE_CURVE('',#2758,#2758,#2371,.T.);
#3328=EDGE_CURVE('',#2759,#2759,#2372,.T.);
#3329=EDGE_CURVE('',#2760,#2760,#2373,.T.);
#3330=EDGE_CURVE('',#2761,#2761,#2374,.T.);
#3331=EDGE_CURVE('',#2762,#2762,#2375,.T.);
#3332=EDGE_CURVE('',#2763,#2763,#2376,.T.);
#3333=EDGE_CURVE('',#2764,#2764,#2377,.T.);
#3334=EDGE_CURVE('',#2765,#2765,#2378,.T.);
#3335=EDGE_CURVE('',#2766,#2766,#2379,.T.);
#3336=EDGE_CURVE('',#2767,#2767,#2380,.T.);
#3337=EDGE_CURVE('',#2768,#2768,#2381,.T.);
#3338=EDGE_CURVE('',#2768,#2749,#2382,.T.);
#3339=EDGE_CURVE('',#2769,#2769,#2383,.T.);
#3340=EDGE_CURVE('',#2769,#2767,#2384,.T.);
#3341=EDGE_CURVE('',#2770,#2770,#2385,.T.);
#3342=EDGE_CURVE('',#2770,#2750,#2386,.T.);
#3343=EDGE_CURVE('',#2771,#2771,#2387,.T.);
#3344=EDGE_CURVE('',#2771,#2766,#2388,.T.);
#3345=EDGE_CURVE('',#2772,#2772,#2389,.T.);
#3346=EDGE_CURVE('',#2772,#2751,#2390,.T.);
#3347=EDGE_CURVE('',#2773,#2773,#2391,.T.);
#3348=EDGE_CURVE('',#2773,#2765,#2392,.T.);
#3349=EDGE_CURVE('',#2774,#2774,#2393,.T.);
#3350=EDGE_CURVE('',#2774,#2752,#2394,.T.);
#3351=EDGE_CURVE('',#2775,#2775,#2395,.T.);
#3352=EDGE_CURVE('',#2775,#2776,#613,.T.);
#3353=EDGE_CURVE('',#2776,#2776,#2396,.T.);
#3354=EDGE_CURVE('',#2777,#2777,#2397,.T.);
#3355=EDGE_CURVE('',#2777,#2778,#614,.T.);
#3356=EDGE_CURVE('',#2778,#2778,#2398,.T.);
#3357=EDGE_CURVE('',#2779,#2779,#2399,.T.);
#3358=EDGE_CURVE('',#2779,#2780,#615,.T.);
#3359=EDGE_CURVE('',#2780,#2780,#2400,.T.);
#3360=EDGE_CURVE('',#2781,#2781,#2401,.T.);
#3361=EDGE_CURVE('',#2781,#2782,#616,.T.);
#3362=EDGE_CURVE('',#2782,#2782,#2402,.T.);
#3363=EDGE_CURVE('',#2783,#2783,#2403,.T.);
#3364=EDGE_CURVE('',#2783,#2784,#617,.T.);
#3365=EDGE_CURVE('',#2784,#2784,#2404,.T.);
#3366=EDGE_CURVE('',#2785,#2785,#2405,.T.);
#3367=EDGE_CURVE('',#2785,#2786,#618,.T.);
#3368=EDGE_CURVE('',#2786,#2786,#2406,.T.);
#3369=EDGE_CURVE('',#2787,#2787,#2407,.T.);
#3370=EDGE_CURVE('',#2787,#2788,#619,.T.);
#3371=EDGE_CURVE('',#2788,#2788,#2408,.T.);
#3372=EDGE_CURVE('',#2789,#2789,#2409,.T.);
#3373=EDGE_CURVE('',#2789,#2790,#620,.T.);
#3374=EDGE_CURVE('',#2790,#2790,#2410,.T.);
#3375=EDGE_CURVE('',#2764,#2791,#621,.T.);
#3376=EDGE_CURVE('',#2791,#2791,#2411,.T.);
#3377=EDGE_CURVE('',#2763,#2792,#622,.T.);
#3378=EDGE_CURVE('',#2792,#2792,#2412,.T.);
#3379=EDGE_CURVE('',#2762,#2793,#623,.T.);
#3380=EDGE_CURVE('',#2793,#2793,#2413,.T.);
#3381=EDGE_CURVE('',#2761,#2794,#624,.T.);
#3382=EDGE_CURVE('',#2794,#2794,#2414,.T.);
#3383=EDGE_CURVE('',#2760,#2795,#625,.T.);
#3384=EDGE_CURVE('',#2795,#2795,#2415,.T.);
#3385=EDGE_CURVE('',#2759,#2796,#626,.T.);
#3386=EDGE_CURVE('',#2796,#2796,#2416,.T.);
#3387=EDGE_CURVE('',#2758,#2797,#627,.T.);
#3388=EDGE_CURVE('',#2797,#2797,#2417,.T.);
#3389=EDGE_CURVE('',#2757,#2798,#628,.T.);
#3390=EDGE_CURVE('',#2798,#2798,#2418,.T.);
#3391=EDGE_CURVE('',#2756,#2799,#629,.T.);
#3392=EDGE_CURVE('',#2799,#2799,#2419,.T.);
#3393=EDGE_CURVE('',#2755,#2800,#630,.T.);
#3394=EDGE_CURVE('',#2800,#2800,#2420,.T.);
#3395=EDGE_CURVE('',#2754,#2801,#631,.T.);
#3396=EDGE_CURVE('',#2801,#2801,#2421,.T.);
#3397=EDGE_CURVE('',#2753,#2802,#632,.T.);
#3398=EDGE_CURVE('',#2802,#2802,#2422,.T.);
#3399=EDGE_CURVE('',#2803,#2804,#633,.T.);
#3400=EDGE_CURVE('',#2803,#2733,#634,.T.);
#3401=EDGE_CURVE('',#2804,#2748,#635,.T.);
#3402=EDGE_CURVE('',#2804,#2805,#636,.T.);
#3403=EDGE_CURVE('',#2805,#2747,#637,.T.);
#3404=EDGE_CURVE('',#2806,#2805,#638,.T.);
#3405=EDGE_CURVE('',#2806,#2746,#639,.T.);
#3406=EDGE_CURVE('',#2806,#2807,#640,.T.);
#3407=EDGE_CURVE('',#2807,#2745,#641,.T.);
#3408=EDGE_CURVE('',#2807,#2808,#642,.T.);
#3409=EDGE_CURVE('',#2808,#2744,#643,.T.);
#3410=EDGE_CURVE('',#2808,#2809,#644,.T.);
#3411=EDGE_CURVE('',#2809,#2743,#645,.T.);
#3412=EDGE_CURVE('',#2809,#2810,#646,.T.);
#3413=EDGE_CURVE('',#2810,#2742,#647,.T.);
#3414=EDGE_CURVE('',#2810,#2811,#648,.T.);
#3415=EDGE_CURVE('',#2811,#2741,#649,.T.);
#3416=EDGE_CURVE('',#2811,#2812,#650,.T.);
#3417=EDGE_CURVE('',#2812,#2740,#651,.T.);
#3418=EDGE_CURVE('',#2812,#2813,#652,.T.);
#3419=EDGE_CURVE('',#2813,#2739,#653,.T.);
#3420=EDGE_CURVE('',#2813,#2814,#654,.T.);
#3421=EDGE_CURVE('',#2814,#2738,#655,.T.);
#3422=EDGE_CURVE('',#2815,#2814,#656,.T.);
#3423=EDGE_CURVE('',#2815,#2737,#657,.T.);
#3424=EDGE_CURVE('',#2815,#2816,#658,.T.);
#3425=EDGE_CURVE('',#2816,#2736,#659,.T.);
#3426=EDGE_CURVE('',#2816,#2817,#660,.T.);
#3427=EDGE_CURVE('',#2817,#2735,#661,.T.);
#3428=EDGE_CURVE('',#2817,#2818,#662,.T.);
#3429=EDGE_CURVE('',#2818,#2734,#663,.T.);
#3430=EDGE_CURVE('',#2803,#2818,#664,.T.);
#3431=EDGE_CURVE('',#2819,#2819,#2423,.T.);
#3432=EDGE_CURVE('',#2819,#2820,#665,.T.);
#3433=EDGE_CURVE('',#2820,#2820,#2424,.T.);
#3434=EDGE_CURVE('',#2821,#2821,#2425,.T.);
#3435=EDGE_CURVE('',#2821,#2822,#666,.T.);
#3436=EDGE_CURVE('',#2822,#2822,#2426,.T.);
#3437=EDGE_CURVE('',#2823,#2823,#2427,.T.);
#3438=EDGE_CURVE('',#2823,#2824,#667,.T.);
#3439=EDGE_CURVE('',#2824,#2824,#2428,.T.);
#3440=EDGE_CURVE('',#2825,#2825,#2429,.T.);
#3441=EDGE_CURVE('',#2825,#2826,#668,.T.);
#3442=EDGE_CURVE('',#2826,#2826,#2430,.T.);
#3443=EDGE_CURVE('',#2827,#2827,#2431,.T.);
#3444=EDGE_CURVE('',#2827,#2828,#669,.T.);
#3445=EDGE_CURVE('',#2828,#2828,#2432,.T.);
#3446=EDGE_CURVE('',#2829,#2829,#2433,.T.);
#3447=EDGE_CURVE('',#2829,#2830,#670,.T.);
#3448=EDGE_CURVE('',#2830,#2830,#2434,.T.);
#3449=EDGE_CURVE('',#2831,#2831,#2435,.T.);
#3450=EDGE_CURVE('',#2831,#2832,#671,.T.);
#3451=EDGE_CURVE('',#2832,#2832,#2436,.T.);
#3452=EDGE_CURVE('',#2833,#2833,#2437,.T.);
#3453=EDGE_CURVE('',#2833,#2834,#672,.T.);
#3454=EDGE_CURVE('',#2834,#2834,#2438,.T.);
#3455=EDGE_CURVE('',#2835,#2835,#2439,.T.);
#3456=EDGE_CURVE('',#2835,#2836,#673,.T.);
#3457=EDGE_CURVE('',#2836,#2836,#2440,.T.);
#3458=EDGE_CURVE('',#2837,#2837,#2441,.T.);
#3459=EDGE_CURVE('',#2837,#2838,#674,.T.);
#3460=EDGE_CURVE('',#2838,#2838,#2442,.T.);
#3461=EDGE_CURVE('',#2839,#2839,#2443,.T.);
#3462=EDGE_CURVE('',#2839,#2840,#675,.T.);
#3463=EDGE_CURVE('',#2840,#2840,#2444,.T.);
#3464=EDGE_CURVE('',#2841,#2841,#2445,.T.);
#3465=EDGE_CURVE('',#2841,#2842,#676,.T.);
#3466=EDGE_CURVE('',#2842,#2842,#2446,.T.);
#3467=EDGE_CURVE('',#2843,#2843,#2447,.T.);
#3468=EDGE_CURVE('',#2843,#2844,#677,.T.);
#3469=EDGE_CURVE('',#2844,#2844,#2448,.T.);
#3470=EDGE_CURVE('',#2845,#2845,#2449,.T.);
#3471=EDGE_CURVE('',#2845,#2846,#678,.T.);
#3472=EDGE_CURVE('',#2846,#2846,#2450,.T.);
#3473=EDGE_CURVE('',#2847,#2847,#2451,.T.);
#3474=EDGE_CURVE('',#2847,#2848,#679,.T.);
#3475=EDGE_CURVE('',#2848,#2848,#2452,.T.);
#3476=EDGE_CURVE('',#2849,#2849,#2453,.T.);
#3477=EDGE_CURVE('',#2849,#2850,#680,.T.);
#3478=EDGE_CURVE('',#2850,#2850,#2454,.T.);
#3479=EDGE_CURVE('',#2851,#2851,#2455,.T.);
#3480=EDGE_CURVE('',#2851,#2852,#681,.T.);
#3481=EDGE_CURVE('',#2852,#2852,#2456,.T.);
#3482=EDGE_CURVE('',#2853,#2853,#2457,.T.);
#3483=EDGE_CURVE('',#2853,#2854,#682,.T.);
#3484=EDGE_CURVE('',#2854,#2854,#2458,.T.);
#3485=EDGE_CURVE('',#2855,#2855,#2459,.T.);
#3486=EDGE_CURVE('',#2855,#2856,#683,.T.);
#3487=EDGE_CURVE('',#2856,#2856,#2460,.T.);
#3488=EDGE_CURVE('',#2857,#2857,#2461,.T.);
#3489=EDGE_CURVE('',#2857,#2858,#684,.T.);
#3490=EDGE_CURVE('',#2858,#2858,#2462,.T.);
#3491=EDGE_CURVE('',#2859,#2859,#2463,.T.);
#3492=EDGE_CURVE('',#2859,#2860,#685,.T.);
#3493=EDGE_CURVE('',#2860,#2860,#2464,.T.);
#3494=EDGE_CURVE('',#2861,#2861,#2465,.T.);
#3495=EDGE_CURVE('',#2861,#2862,#686,.T.);
#3496=EDGE_CURVE('',#2862,#2862,#2466,.T.);
#3497=EDGE_CURVE('',#2863,#2863,#2467,.T.);
#3498=EDGE_CURVE('',#2863,#2864,#687,.T.);
#3499=EDGE_CURVE('',#2864,#2864,#2468,.T.);
#3500=EDGE_CURVE('',#2865,#2865,#2469,.T.);
#3501=EDGE_CURVE('',#2865,#2866,#688,.T.);
#3502=EDGE_CURVE('',#2866,#2866,#2470,.T.);
#3503=EDGE_CURVE('',#2867,#2867,#2471,.T.);
#3504=EDGE_CURVE('',#2867,#2868,#689,.T.);
#3505=EDGE_CURVE('',#2868,#2868,#2472,.T.);
#3506=EDGE_CURVE('',#2869,#2869,#2473,.T.);
#3507=EDGE_CURVE('',#2869,#2870,#690,.T.);
#3508=EDGE_CURVE('',#2870,#2870,#2474,.T.);
#3509=EDGE_CURVE('',#2871,#2871,#2475,.T.);
#3510=EDGE_CURVE('',#2871,#2872,#691,.T.);
#3511=EDGE_CURVE('',#2872,#2872,#2476,.T.);
#3512=EDGE_CURVE('',#2873,#2873,#2477,.T.);
#3513=EDGE_CURVE('',#2873,#2874,#692,.T.);
#3514=EDGE_CURVE('',#2874,#2874,#2478,.T.);
#3515=EDGE_CURVE('',#2875,#2875,#2479,.T.);
#3516=EDGE_CURVE('',#2875,#2876,#693,.T.);
#3517=EDGE_CURVE('',#2876,#2876,#2480,.T.);
#3518=EDGE_CURVE('',#2877,#2877,#2481,.T.);
#3519=EDGE_CURVE('',#2877,#2878,#694,.T.);
#3520=EDGE_CURVE('',#2878,#2878,#2482,.T.);
#3521=EDGE_CURVE('',#2879,#2879,#2483,.T.);
#3522=EDGE_CURVE('',#2879,#2880,#695,.T.);
#3523=EDGE_CURVE('',#2880,#2880,#2484,.T.);
#3524=EDGE_CURVE('',#2881,#2881,#2485,.T.);
#3525=EDGE_CURVE('',#2881,#2882,#696,.T.);
#3526=EDGE_CURVE('',#2882,#2882,#2486,.T.);
#3527=EDGE_CURVE('',#2883,#2883,#2487,.T.);
#3528=EDGE_CURVE('',#2883,#2884,#697,.T.);
#3529=EDGE_CURVE('',#2884,#2884,#2488,.T.);
#3530=EDGE_CURVE('',#2885,#2885,#2489,.T.);
#3531=EDGE_CURVE('',#2885,#2886,#698,.T.);
#3532=EDGE_CURVE('',#2886,#2886,#2490,.T.);
#3533=EDGE_CURVE('',#2887,#2887,#2491,.T.);
#3534=EDGE_CURVE('',#2887,#2888,#699,.T.);
#3535=EDGE_CURVE('',#2888,#2888,#2492,.T.);
#3536=EDGE_CURVE('',#2889,#2889,#2493,.T.);
#3537=EDGE_CURVE('',#2889,#2890,#700,.T.);
#3538=EDGE_CURVE('',#2890,#2890,#2494,.T.);
#3539=EDGE_CURVE('',#2891,#2891,#2495,.T.);
#3540=EDGE_CURVE('',#2891,#2892,#701,.T.);
#3541=EDGE_CURVE('',#2892,#2892,#2496,.T.);
#3542=EDGE_CURVE('',#2893,#2894,#702,.T.);
#3543=EDGE_CURVE('',#2893,#2895,#703,.T.);
#3544=EDGE_CURVE('',#2896,#2895,#704,.T.);
#3545=EDGE_CURVE('',#2894,#2896,#705,.T.);
#3546=EDGE_CURVE('',#2894,#2897,#706,.T.);
#3547=EDGE_CURVE('',#2898,#2896,#707,.T.);
#3548=EDGE_CURVE('',#2897,#2898,#708,.T.);
#3549=EDGE_CURVE('',#2897,#2899,#709,.T.);
#3550=EDGE_CURVE('',#2900,#2898,#710,.T.);
#3551=EDGE_CURVE('',#2899,#2900,#711,.T.);
#3552=EDGE_CURVE('',#2899,#2893,#712,.T.);
#3553=EDGE_CURVE('',#2895,#2900,#713,.T.);
#3554=EDGE_CURVE('',#2901,#2901,#2497,.T.);
#3555=EDGE_CURVE('',#2901,#2902,#714,.T.);
#3556=EDGE_CURVE('',#2902,#2902,#2498,.T.);
#3557=EDGE_CURVE('',#2903,#2903,#2499,.T.);
#3558=EDGE_CURVE('',#2903,#2904,#715,.T.);
#3559=EDGE_CURVE('',#2904,#2904,#2500,.T.);
#3560=EDGE_CURVE('',#2905,#2905,#2501,.T.);
#3561=EDGE_CURVE('',#2905,#2906,#716,.T.);
#3562=EDGE_CURVE('',#2906,#2906,#2502,.T.);
#3563=EDGE_CURVE('',#2907,#2908,#717,.T.);
#3564=EDGE_CURVE('',#2908,#2909,#718,.T.);
#3565=EDGE_CURVE('',#2910,#2909,#719,.T.);
#3566=EDGE_CURVE('',#2907,#2910,#720,.T.);
#3567=EDGE_CURVE('',#2911,#2907,#721,.T.);
#3568=EDGE_CURVE('',#2912,#2910,#722,.T.);
#3569=EDGE_CURVE('',#2911,#2912,#723,.T.);
#3570=EDGE_CURVE('',#2913,#2911,#724,.T.);
#3571=EDGE_CURVE('',#2914,#2912,#725,.T.);
#3572=EDGE_CURVE('',#2913,#2914,#726,.T.);
#3573=EDGE_CURVE('',#2913,#2915,#727,.T.);
#3574=EDGE_CURVE('',#2916,#2914,#728,.T.);
#3575=EDGE_CURVE('',#2915,#2916,#729,.T.);
#3576=EDGE_CURVE('',#2917,#2915,#730,.T.);
#3577=EDGE_CURVE('',#2918,#2916,#731,.T.);
#3578=EDGE_CURVE('',#2917,#2918,#732,.T.);
#3579=EDGE_CURVE('',#2919,#2917,#733,.T.);
#3580=EDGE_CURVE('',#2920,#2918,#734,.T.);
#3581=EDGE_CURVE('',#2919,#2920,#735,.T.);
#3582=EDGE_CURVE('',#2921,#2919,#736,.T.);
#3583=EDGE_CURVE('',#2922,#2920,#737,.T.);
#3584=EDGE_CURVE('',#2921,#2922,#738,.T.);
#3585=EDGE_CURVE('',#2923,#2921,#739,.T.);
#3586=EDGE_CURVE('',#2924,#2922,#740,.T.);
#3587=EDGE_CURVE('',#2923,#2924,#741,.T.);
#3588=EDGE_CURVE('',#2925,#2923,#742,.T.);
#3589=EDGE_CURVE('',#2926,#2924,#743,.T.);
#3590=EDGE_CURVE('',#2925,#2926,#744,.T.);
#3591=EDGE_CURVE('',#2927,#2925,#745,.T.);
#3592=EDGE_CURVE('',#2928,#2926,#746,.T.);
#3593=EDGE_CURVE('',#2927,#2928,#747,.T.);
#3594=EDGE_CURVE('',#2929,#2927,#748,.T.);
#3595=EDGE_CURVE('',#2930,#2928,#749,.T.);
#3596=EDGE_CURVE('',#2929,#2930,#750,.T.);
#3597=EDGE_CURVE('',#2931,#2929,#751,.T.);
#3598=EDGE_CURVE('',#2932,#2930,#752,.T.);
#3599=EDGE_CURVE('',#2931,#2932,#753,.T.);
#3600=EDGE_CURVE('',#2931,#2933,#754,.T.);
#3601=EDGE_CURVE('',#2934,#2932,#755,.T.);
#3602=EDGE_CURVE('',#2933,#2934,#756,.T.);
#3603=EDGE_CURVE('',#2935,#2933,#757,.T.);
#3604=EDGE_CURVE('',#2936,#2934,#758,.T.);
#3605=EDGE_CURVE('',#2935,#2936,#759,.T.);
#3606=EDGE_CURVE('',#2937,#2935,#760,.T.);
#3607=EDGE_CURVE('',#2938,#2936,#761,.T.);
#3608=EDGE_CURVE('',#2937,#2938,#762,.T.);
#3609=EDGE_CURVE('',#2937,#2908,#763,.T.);
#3610=EDGE_CURVE('',#2909,#2938,#764,.T.);
#3611=EDGE_CURVE('',#2939,#2939,#2503,.T.);
#3612=EDGE_CURVE('',#2939,#2940,#765,.T.);
#3613=EDGE_CURVE('',#2940,#2940,#2504,.T.);
#3614=EDGE_CURVE('',#2941,#2941,#2505,.T.);
#3615=EDGE_CURVE('',#2941,#2942,#766,.T.);
#3616=EDGE_CURVE('',#2942,#2942,#2506,.T.);
#3617=EDGE_CURVE('',#2943,#2943,#2507,.T.);
#3618=EDGE_CURVE('',#2943,#2944,#767,.T.);
#3619=EDGE_CURVE('',#2944,#2944,#2508,.T.);
#3620=EDGE_CURVE('',#2945,#2945,#2509,.T.);
#3621=EDGE_CURVE('',#2945,#2946,#768,.T.);
#3622=EDGE_CURVE('',#2946,#2946,#2510,.T.);
#3623=EDGE_CURVE('',#2947,#2947,#2511,.T.);
#3624=EDGE_CURVE('',#2947,#2948,#769,.T.);
#3625=EDGE_CURVE('',#2948,#2948,#2512,.T.);
#3626=EDGE_CURVE('',#2949,#2950,#770,.T.);
#3627=EDGE_CURVE('',#2950,#2951,#771,.T.);
#3628=EDGE_CURVE('',#2951,#2952,#772,.T.);
#3629=EDGE_CURVE('',#2952,#2949,#773,.T.);
#3630=EDGE_CURVE('',#2953,#2953,#2513,.T.);
#3631=EDGE_CURVE('',#2954,#2954,#2514,.T.);
#3632=EDGE_CURVE('',#2955,#2955,#2515,.T.);
#3633=EDGE_CURVE('',#2955,#2954,#774,.T.);
#3634=EDGE_CURVE('',#2956,#2956,#2516,.T.);
#3635=EDGE_CURVE('',#2956,#2953,#775,.T.);
#3636=EDGE_CURVE('',#2957,#2950,#776,.T.);
#3637=EDGE_CURVE('',#2958,#2957,#777,.T.);
#3638=EDGE_CURVE('',#2951,#2958,#778,.T.);
#3639=EDGE_CURVE('',#2959,#2958,#779,.T.);
#3640=EDGE_CURVE('',#2952,#2959,#780,.T.);
#3641=EDGE_CURVE('',#2960,#2959,#781,.T.);
#3642=EDGE_CURVE('',#2949,#2960,#782,.T.);
#3643=EDGE_CURVE('',#2957,#2960,#783,.T.);
#3644=EDGE_CURVE('',#2961,#2961,#2517,.T.);
#3645=EDGE_CURVE('',#2961,#2962,#784,.T.);
#3646=EDGE_CURVE('',#2962,#2962,#2518,.T.);
#3647=EDGE_CURVE('',#2963,#2963,#2519,.T.);
#3648=EDGE_CURVE('',#2963,#2964,#785,.T.);
#3649=EDGE_CURVE('',#2964,#2964,#2520,.T.);
#3650=EDGE_CURVE('',#2965,#2965,#2521,.T.);
#3651=EDGE_CURVE('',#2965,#2966,#786,.T.);
#3652=EDGE_CURVE('',#2966,#2966,#2522,.T.);
#3653=EDGE_CURVE('',#2967,#2967,#2523,.T.);
#3654=EDGE_CURVE('',#2967,#2968,#787,.T.);
#3655=EDGE_CURVE('',#2968,#2968,#2524,.T.);
#3656=EDGE_CURVE('',#2969,#2969,#2525,.T.);
#3657=EDGE_CURVE('',#2969,#2970,#788,.T.);
#3658=EDGE_CURVE('',#2970,#2970,#2526,.T.);
#3659=EDGE_CURVE('',#2971,#2972,#789,.T.);
#3660=EDGE_CURVE('',#2972,#2973,#790,.T.);
#3661=EDGE_CURVE('',#2973,#2974,#791,.T.);
#3662=EDGE_CURVE('',#2974,#2971,#792,.T.);
#3663=EDGE_CURVE('',#2975,#2975,#2527,.T.);
#3664=EDGE_CURVE('',#2976,#2976,#2528,.T.);
#3665=EDGE_CURVE('',#2977,#2977,#2529,.T.);
#3666=EDGE_CURVE('',#2977,#2976,#793,.T.);
#3667=EDGE_CURVE('',#2978,#2978,#2530,.T.);
#3668=EDGE_CURVE('',#2978,#2975,#794,.T.);
#3669=EDGE_CURVE('',#2979,#2972,#795,.T.);
#3670=EDGE_CURVE('',#2980,#2979,#796,.T.);
#3671=EDGE_CURVE('',#2973,#2980,#797,.T.);
#3672=EDGE_CURVE('',#2981,#2980,#798,.T.);
#3673=EDGE_CURVE('',#2974,#2981,#799,.T.);
#3674=EDGE_CURVE('',#2982,#2981,#800,.T.);
#3675=EDGE_CURVE('',#2971,#2982,#801,.T.);
#3676=EDGE_CURVE('',#2979,#2982,#802,.T.);
#3677=EDGE_CURVE('',#2983,#2983,#2531,.T.);
#3678=EDGE_CURVE('',#2983,#2984,#803,.T.);
#3679=EDGE_CURVE('',#2984,#2984,#2532,.T.);
#3680=EDGE_CURVE('',#2985,#2985,#2533,.T.);
#3681=EDGE_CURVE('',#2985,#2986,#804,.T.);
#3682=EDGE_CURVE('',#2986,#2986,#2534,.T.);
#3683=EDGE_CURVE('',#2987,#2987,#2535,.T.);
#3684=EDGE_CURVE('',#2987,#2988,#805,.T.);
#3685=EDGE_CURVE('',#2988,#2988,#2536,.T.);
#3686=EDGE_CURVE('',#2989,#2989,#2537,.T.);
#3687=EDGE_CURVE('',#2989,#2990,#806,.T.);
#3688=EDGE_CURVE('',#2990,#2990,#2538,.T.);
#3689=EDGE_CURVE('',#2991,#2991,#2539,.T.);
#3690=EDGE_CURVE('',#2991,#2992,#807,.T.);
#3691=EDGE_CURVE('',#2992,#2992,#2540,.T.);
#3692=EDGE_CURVE('',#2993,#2994,#808,.T.);
#3693=EDGE_CURVE('',#2994,#2995,#809,.T.);
#3694=EDGE_CURVE('',#2995,#2996,#810,.T.);
#3695=EDGE_CURVE('',#2996,#2993,#811,.T.);
#3696=EDGE_CURVE('',#2997,#2997,#2541,.T.);
#3697=EDGE_CURVE('',#2998,#2998,#2542,.T.);
#3698=EDGE_CURVE('',#2999,#2999,#2543,.T.);
#3699=EDGE_CURVE('',#2999,#2998,#812,.T.);
#3700=EDGE_CURVE('',#3000,#3000,#2544,.T.);
#3701=EDGE_CURVE('',#3000,#2997,#813,.T.);
#3702=EDGE_CURVE('',#3001,#2994,#814,.T.);
#3703=EDGE_CURVE('',#3002,#3001,#815,.T.);
#3704=EDGE_CURVE('',#2995,#3002,#816,.T.);
#3705=EDGE_CURVE('',#3003,#3002,#817,.T.);
#3706=EDGE_CURVE('',#2996,#3003,#818,.T.);
#3707=EDGE_CURVE('',#3004,#3003,#819,.T.);
#3708=EDGE_CURVE('',#2993,#3004,#820,.T.);
#3709=EDGE_CURVE('',#3001,#3004,#821,.T.);
#3710=EDGE_CURVE('',#3005,#3005,#2545,.T.);
#3711=EDGE_CURVE('',#3005,#3006,#822,.T.);
#3712=EDGE_CURVE('',#3006,#3006,#2546,.T.);
#3713=EDGE_CURVE('',#3007,#3007,#2547,.T.);
#3714=EDGE_CURVE('',#3007,#3008,#823,.T.);
#3715=EDGE_CURVE('',#3008,#3008,#2548,.T.);
#3716=EDGE_CURVE('',#3009,#3009,#2549,.T.);
#3717=EDGE_CURVE('',#3009,#3010,#824,.T.);
#3718=EDGE_CURVE('',#3010,#3010,#2550,.T.);
#3719=EDGE_CURVE('',#3011,#3011,#2551,.T.);
#3720=EDGE_CURVE('',#3011,#3012,#825,.T.);
#3721=EDGE_CURVE('',#3012,#3012,#2552,.T.);
#3722=EDGE_CURVE('',#3013,#3013,#2553,.T.);
#3723=EDGE_CURVE('',#3013,#3014,#826,.T.);
#3724=EDGE_CURVE('',#3014,#3014,#2554,.T.);
#3725=EDGE_CURVE('',#3015,#3016,#827,.T.);
#3726=EDGE_CURVE('',#3016,#3017,#828,.T.);
#3727=EDGE_CURVE('',#3017,#3018,#829,.T.);
#3728=EDGE_CURVE('',#3018,#3015,#830,.T.);
#3729=EDGE_CURVE('',#3019,#3019,#2555,.T.);
#3730=EDGE_CURVE('',#3020,#3020,#2556,.T.);
#3731=EDGE_CURVE('',#3021,#3021,#2557,.T.);
#3732=EDGE_CURVE('',#3021,#3020,#831,.T.);
#3733=EDGE_CURVE('',#3022,#3022,#2558,.T.);
#3734=EDGE_CURVE('',#3022,#3019,#832,.T.);
#3735=EDGE_CURVE('',#3023,#3016,#833,.T.);
#3736=EDGE_CURVE('',#3024,#3023,#834,.T.);
#3737=EDGE_CURVE('',#3017,#3024,#835,.T.);
#3738=EDGE_CURVE('',#3025,#3024,#836,.T.);
#3739=EDGE_CURVE('',#3018,#3025,#837,.T.);
#3740=EDGE_CURVE('',#3026,#3025,#838,.T.);
#3741=EDGE_CURVE('',#3015,#3026,#839,.T.);
#3742=EDGE_CURVE('',#3023,#3026,#840,.T.);
#3743=EDGE_CURVE('',#3027,#3027,#2559,.T.);
#3744=EDGE_CURVE('',#3027,#3028,#841,.T.);
#3745=EDGE_CURVE('',#3028,#3028,#2560,.T.);
#3746=EDGE_CURVE('',#3029,#3029,#2561,.T.);
#3747=EDGE_CURVE('',#3029,#3030,#842,.T.);
#3748=EDGE_CURVE('',#3030,#3030,#2562,.T.);
#3749=EDGE_CURVE('',#3031,#3031,#2563,.T.);
#3750=EDGE_CURVE('',#3031,#3032,#843,.T.);
#3751=EDGE_CURVE('',#3032,#3032,#2564,.T.);
#3752=EDGE_CURVE('',#3033,#3033,#2565,.T.);
#3753=EDGE_CURVE('',#3033,#3034,#844,.T.);
#3754=EDGE_CURVE('',#3034,#3034,#2566,.T.);
#3755=EDGE_CURVE('',#3035,#3035,#2567,.T.);
#3756=EDGE_CURVE('',#3035,#3036,#845,.T.);
#3757=EDGE_CURVE('',#3036,#3036,#2568,.T.);
#3758=EDGE_CURVE('',#3037,#3038,#846,.T.);
#3759=EDGE_CURVE('',#3038,#3039,#847,.T.);
#3760=EDGE_CURVE('',#3039,#3040,#848,.T.);
#3761=EDGE_CURVE('',#3040,#3037,#849,.T.);
#3762=EDGE_CURVE('',#3041,#3041,#2569,.T.);
#3763=EDGE_CURVE('',#3042,#3042,#2570,.T.);
#3764=EDGE_CURVE('',#3043,#3043,#2571,.T.);
#3765=EDGE_CURVE('',#3043,#3042,#850,.T.);
#3766=EDGE_CURVE('',#3044,#3044,#2572,.T.);
#3767=EDGE_CURVE('',#3044,#3041,#851,.T.);
#3768=EDGE_CURVE('',#3045,#3038,#852,.T.);
#3769=EDGE_CURVE('',#3046,#3045,#853,.T.);
#3770=EDGE_CURVE('',#3039,#3046,#854,.T.);
#3771=EDGE_CURVE('',#3047,#3046,#855,.T.);
#3772=EDGE_CURVE('',#3040,#3047,#856,.T.);
#3773=EDGE_CURVE('',#3048,#3047,#857,.T.);
#3774=EDGE_CURVE('',#3037,#3048,#858,.T.);
#3775=EDGE_CURVE('',#3045,#3048,#859,.T.);
#3776=EDGE_CURVE('',#3049,#3049,#2573,.T.);
#3777=EDGE_CURVE('',#3049,#3050,#860,.T.);
#3778=EDGE_CURVE('',#3050,#3050,#2574,.T.);
#3779=EDGE_CURVE('',#3051,#3051,#2575,.T.);
#3780=EDGE_CURVE('',#3051,#3052,#861,.T.);
#3781=EDGE_CURVE('',#3052,#3052,#2576,.T.);
#3782=EDGE_CURVE('',#3053,#3053,#2577,.T.);
#3783=EDGE_CURVE('',#3053,#3054,#862,.T.);
#3784=EDGE_CURVE('',#3054,#3054,#2578,.T.);
#3785=EDGE_CURVE('',#3055,#3055,#2579,.T.);
#3786=EDGE_CURVE('',#3055,#3056,#863,.T.);
#3787=EDGE_CURVE('',#3056,#3056,#2580,.T.);
#3788=EDGE_CURVE('',#3057,#3057,#2581,.T.);
#3789=EDGE_CURVE('',#3057,#3058,#864,.T.);
#3790=EDGE_CURVE('',#3058,#3058,#2582,.T.);
#3791=EDGE_CURVE('',#3059,#3060,#865,.T.);
#3792=EDGE_CURVE('',#3060,#3061,#866,.T.);
#3793=EDGE_CURVE('',#3061,#3062,#867,.T.);
#3794=EDGE_CURVE('',#3062,#3059,#868,.T.);
#3795=EDGE_CURVE('',#3063,#3063,#2583,.T.);
#3796=EDGE_CURVE('',#3064,#3064,#2584,.T.);
#3797=EDGE_CURVE('',#3065,#3065,#2585,.T.);
#3798=EDGE_CURVE('',#3065,#3064,#869,.T.);
#3799=EDGE_CURVE('',#3066,#3066,#2586,.T.);
#3800=EDGE_CURVE('',#3066,#3063,#870,.T.);
#3801=EDGE_CURVE('',#3067,#3060,#871,.T.);
#3802=EDGE_CURVE('',#3068,#3067,#872,.T.);
#3803=EDGE_CURVE('',#3061,#3068,#873,.T.);
#3804=EDGE_CURVE('',#3069,#3068,#874,.T.);
#3805=EDGE_CURVE('',#3062,#3069,#875,.T.);
#3806=EDGE_CURVE('',#3070,#3069,#876,.T.);
#3807=EDGE_CURVE('',#3059,#3070,#877,.T.);
#3808=EDGE_CURVE('',#3067,#3070,#878,.T.);
#3809=ORIENTED_EDGE('',*,*,#3071,.F.);
#3810=ORIENTED_EDGE('',*,*,#3072,.F.);
#3811=ORIENTED_EDGE('',*,*,#3073,.F.);
#3812=ORIENTED_EDGE('',*,*,#3074,.F.);
#3813=ORIENTED_EDGE('',*,*,#3075,.F.);
#3814=ORIENTED_EDGE('',*,*,#3076,.F.);
#3815=ORIENTED_EDGE('',*,*,#3077,.F.);
#3816=ORIENTED_EDGE('',*,*,#3078,.F.);
#3817=ORIENTED_EDGE('',*,*,#3079,.F.);
#3818=ORIENTED_EDGE('',*,*,#3080,.F.);
#3819=ORIENTED_EDGE('',*,*,#3081,.F.);
#3820=ORIENTED_EDGE('',*,*,#3082,.F.);
#3821=ORIENTED_EDGE('',*,*,#3081,.T.);
#3822=ORIENTED_EDGE('',*,*,#3083,.T.);
#3823=ORIENTED_EDGE('',*,*,#3072,.T.);
#3824=ORIENTED_EDGE('',*,*,#3084,.T.);
#3825=ORIENTED_EDGE('',*,*,#3085,.F.);
#3826=ORIENTED_EDGE('',*,*,#3086,.F.);
#3827=ORIENTED_EDGE('',*,*,#3087,.F.);
#3828=ORIENTED_EDGE('',*,*,#3086,.T.);
#3829=ORIENTED_EDGE('',*,*,#3088,.T.);
#3830=ORIENTED_EDGE('',*,*,#3075,.T.);
#3831=ORIENTED_EDGE('',*,*,#3089,.T.);
#3832=ORIENTED_EDGE('',*,*,#3090,.F.);
#3833=ORIENTED_EDGE('',*,*,#3091,.F.);
#3834=ORIENTED_EDGE('',*,*,#3092,.F.);
#3835=ORIENTED_EDGE('',*,*,#3093,.F.);
#3836=ORIENTED_EDGE('',*,*,#3094,.F.);
#3837=ORIENTED_EDGE('',*,*,#3095,.F.);
#3838=ORIENTED_EDGE('',*,*,#3094,.T.);
#3839=ORIENTED_EDGE('',*,*,#3096,.T.);
#3840=ORIENTED_EDGE('',*,*,#3078,.T.);
#3841=ORIENTED_EDGE('',*,*,#3097,.T.);
#3842=ORIENTED_EDGE('',*,*,#3080,.T.);
#3843=ORIENTED_EDGE('',*,*,#3098,.T.);
#3844=ORIENTED_EDGE('',*,*,#3095,.T.);
#3845=ORIENTED_EDGE('',*,*,#3099,.T.);
#3846=ORIENTED_EDGE('',*,*,#3100,.F.);
#3847=ORIENTED_EDGE('',*,*,#3101,.F.);
#3848=ORIENTED_EDGE('',*,*,#3102,.F.);
#3849=ORIENTED_EDGE('',*,*,#3091,.T.);
#3850=ORIENTED_EDGE('',*,*,#3103,.T.);
#3851=ORIENTED_EDGE('',*,*,#3101,.T.);
#3852=ORIENTED_EDGE('',*,*,#3104,.T.);
#3853=ORIENTED_EDGE('',*,*,#3093,.T.);
#3854=ORIENTED_EDGE('',*,*,#3105,.T.);
#3855=ORIENTED_EDGE('',*,*,#3102,.T.);
#3856=ORIENTED_EDGE('',*,*,#3106,.T.);
#3857=ORIENTED_EDGE('',*,*,#3100,.T.);
#3858=ORIENTED_EDGE('',*,*,#3107,.T.);
#3859=ORIENTED_EDGE('',*,*,#3087,.T.);
#3860=ORIENTED_EDGE('',*,*,#3108,.T.);
#3861=ORIENTED_EDGE('',*,*,#3074,.T.);
#3862=ORIENTED_EDGE('',*,*,#3109,.T.);
#3863=ORIENTED_EDGE('',*,*,#3092,.T.);
#3864=ORIENTED_EDGE('',*,*,#3110,.T.);
#3865=ORIENTED_EDGE('',*,*,#3090,.T.);
#3866=ORIENTED_EDGE('',*,*,#3111,.T.);
#3867=ORIENTED_EDGE('',*,*,#3079,.T.);
#3868=ORIENTED_EDGE('',*,*,#3112,.T.);
#3869=ORIENTED_EDGE('',*,*,#3085,.T.);
#3870=ORIENTED_EDGE('',*,*,#3113,.T.);
#3871=ORIENTED_EDGE('',*,*,#3082,.T.);
#3872=ORIENTED_EDGE('',*,*,#3114,.T.);
#3873=ORIENTED_EDGE('',*,*,#3077,.T.);
#3874=ORIENTED_EDGE('',*,*,#3115,.T.);
#3875=ORIENTED_EDGE('',*,*,#3073,.T.);
#3876=ORIENTED_EDGE('',*,*,#3116,.T.);
#3877=ORIENTED_EDGE('',*,*,#3071,.T.);
#3878=ORIENTED_EDGE('',*,*,#3117,.T.);
#3879=ORIENTED_EDGE('',*,*,#3076,.T.);
#3880=ORIENTED_EDGE('',*,*,#3118,.T.);
#3881=ORIENTED_EDGE('',*,*,#3088,.F.);
#3882=ORIENTED_EDGE('',*,*,#3114,.F.);
#3883=ORIENTED_EDGE('',*,*,#3084,.F.);
#3884=ORIENTED_EDGE('',*,*,#3118,.F.);
#3885=ORIENTED_EDGE('',*,*,#3097,.F.);
#3886=ORIENTED_EDGE('',*,*,#3116,.F.);
#3887=ORIENTED_EDGE('',*,*,#3083,.F.);
#3888=ORIENTED_EDGE('',*,*,#3099,.F.);
#3889=ORIENTED_EDGE('',*,*,#3098,.F.);
#3890=ORIENTED_EDGE('',*,*,#3113,.F.);
#3891=ORIENTED_EDGE('',*,*,#3107,.F.);
#3892=ORIENTED_EDGE('',*,*,#3105,.F.);
#3893=ORIENTED_EDGE('',*,*,#3104,.F.);
#3894=ORIENTED_EDGE('',*,*,#3108,.F.);
#3895=ORIENTED_EDGE('',*,*,#3089,.F.);
#3896=ORIENTED_EDGE('',*,*,#3110,.F.);
#3897=ORIENTED_EDGE('',*,*,#3103,.F.);
#3898=ORIENTED_EDGE('',*,*,#3112,.F.);
#3899=ORIENTED_EDGE('',*,*,#3096,.F.);
#3900=ORIENTED_EDGE('',*,*,#3106,.F.);
#3901=ORIENTED_EDGE('',*,*,#3109,.F.);
#3902=ORIENTED_EDGE('',*,*,#3117,.F.);
#3903=ORIENTED_EDGE('',*,*,#3115,.F.);
#3904=ORIENTED_EDGE('',*,*,#3111,.F.);
#3905=ORIENTED_EDGE('',*,*,#3119,.T.);
#3906=ORIENTED_EDGE('',*,*,#3120,.T.);
#3907=ORIENTED_EDGE('',*,*,#3121,.T.);
#3908=ORIENTED_EDGE('',*,*,#3122,.T.);
#3909=ORIENTED_EDGE('',*,*,#3120,.F.);
#3910=ORIENTED_EDGE('',*,*,#3123,.T.);
#3911=ORIENTED_EDGE('',*,*,#3124,.F.);
#3912=ORIENTED_EDGE('',*,*,#3125,.F.);
#3913=ORIENTED_EDGE('',*,*,#3126,.T.);
#3914=ORIENTED_EDGE('',*,*,#3127,.T.);
#3915=ORIENTED_EDGE('',*,*,#3128,.T.);
#3916=ORIENTED_EDGE('',*,*,#3129,.T.);
#3917=ORIENTED_EDGE('',*,*,#3127,.F.);
#3918=ORIENTED_EDGE('',*,*,#3130,.T.);
#3919=ORIENTED_EDGE('',*,*,#3131,.F.);
#3920=ORIENTED_EDGE('',*,*,#3132,.F.);
#3921=ORIENTED_EDGE('',*,*,#3133,.T.);
#3922=ORIENTED_EDGE('',*,*,#3134,.T.);
#3923=ORIENTED_EDGE('',*,*,#3135,.T.);
#3924=ORIENTED_EDGE('',*,*,#3136,.T.);
#3925=ORIENTED_EDGE('',*,*,#3134,.F.);
#3926=ORIENTED_EDGE('',*,*,#3137,.T.);
#3927=ORIENTED_EDGE('',*,*,#3138,.F.);
#3928=ORIENTED_EDGE('',*,*,#3139,.F.);
#3929=ORIENTED_EDGE('',*,*,#3140,.T.);
#3930=ORIENTED_EDGE('',*,*,#3141,.T.);
#3931=ORIENTED_EDGE('',*,*,#3142,.T.);
#3932=ORIENTED_EDGE('',*,*,#3143,.T.);
#3933=ORIENTED_EDGE('',*,*,#3141,.F.);
#3934=ORIENTED_EDGE('',*,*,#3144,.T.);
#3935=ORIENTED_EDGE('',*,*,#3145,.F.);
#3936=ORIENTED_EDGE('',*,*,#3146,.F.);
#3937=ORIENTED_EDGE('',*,*,#3147,.F.);
#3938=ORIENTED_EDGE('',*,*,#3148,.T.);
#3939=ORIENTED_EDGE('',*,*,#3149,.F.);
#3940=ORIENTED_EDGE('',*,*,#3148,.F.);
#3941=ORIENTED_EDGE('',*,*,#3150,.F.);
#3942=ORIENTED_EDGE('',*,*,#3151,.T.);
#3943=ORIENTED_EDGE('',*,*,#3152,.F.);
#3944=ORIENTED_EDGE('',*,*,#3151,.F.);
#3945=ORIENTED_EDGE('',*,*,#3153,.F.);
#3946=ORIENTED_EDGE('',*,*,#3154,.T.);
#3947=ORIENTED_EDGE('',*,*,#3155,.F.);
#3948=ORIENTED_EDGE('',*,*,#3154,.F.);
#3949=ORIENTED_EDGE('',*,*,#3156,.F.);
#3950=ORIENTED_EDGE('',*,*,#3157,.T.);
#3951=ORIENTED_EDGE('',*,*,#3158,.F.);
#3952=ORIENTED_EDGE('',*,*,#3157,.F.);
#3953=ORIENTED_EDGE('',*,*,#3159,.F.);
#3954=ORIENTED_EDGE('',*,*,#3160,.T.);
#3955=ORIENTED_EDGE('',*,*,#3161,.F.);
#3956=ORIENTED_EDGE('',*,*,#3123,.F.);
#3957=ORIENTED_EDGE('',*,*,#3119,.F.);
#3958=ORIENTED_EDGE('',*,*,#3162,.F.);
#3959=ORIENTED_EDGE('',*,*,#3163,.T.);
#3960=ORIENTED_EDGE('',*,*,#3164,.F.);
#3961=ORIENTED_EDGE('',*,*,#3160,.F.);
#3962=ORIENTED_EDGE('',*,*,#3165,.F.);
#3963=ORIENTED_EDGE('',*,*,#3121,.F.);
#3964=ORIENTED_EDGE('',*,*,#3125,.T.);
#3965=ORIENTED_EDGE('',*,*,#3166,.F.);
#3966=ORIENTED_EDGE('',*,*,#3163,.F.);
#3967=ORIENTED_EDGE('',*,*,#3167,.F.);
#3968=ORIENTED_EDGE('',*,*,#3168,.T.);
#3969=ORIENTED_EDGE('',*,*,#3169,.F.);
#3970=ORIENTED_EDGE('',*,*,#3168,.F.);
#3971=ORIENTED_EDGE('',*,*,#3170,.F.);
#3972=ORIENTED_EDGE('',*,*,#3171,.T.);
#3973=ORIENTED_EDGE('',*,*,#3172,.F.);
#3974=ORIENTED_EDGE('',*,*,#3171,.F.);
#3975=ORIENTED_EDGE('',*,*,#3173,.F.);
#3976=ORIENTED_EDGE('',*,*,#3174,.T.);
#3977=ORIENTED_EDGE('',*,*,#3175,.F.);
#3978=ORIENTED_EDGE('',*,*,#3174,.F.);
#3979=ORIENTED_EDGE('',*,*,#3176,.F.);
#3980=ORIENTED_EDGE('',*,*,#3177,.T.);
#3981=ORIENTED_EDGE('',*,*,#3178,.F.);
#3982=ORIENTED_EDGE('',*,*,#3179,.F.);
#3983=ORIENTED_EDGE('',*,*,#3180,.F.);
#3984=ORIENTED_EDGE('',*,*,#3181,.T.);
#3985=ORIENTED_EDGE('',*,*,#3182,.F.);
#3986=ORIENTED_EDGE('',*,*,#3177,.F.);
#3987=ORIENTED_EDGE('',*,*,#3183,.F.);
#3988=ORIENTED_EDGE('',*,*,#3184,.T.);
#3989=ORIENTED_EDGE('',*,*,#3185,.F.);
#3990=ORIENTED_EDGE('',*,*,#3181,.F.);
#3991=ORIENTED_EDGE('',*,*,#3186,.F.);
#3992=ORIENTED_EDGE('',*,*,#3179,.T.);
#3993=ORIENTED_EDGE('',*,*,#3187,.F.);
#3994=ORIENTED_EDGE('',*,*,#3184,.F.);
#3995=ORIENTED_EDGE('',*,*,#3188,.F.);
#3996=ORIENTED_EDGE('',*,*,#3128,.F.);
#3997=ORIENTED_EDGE('',*,*,#3132,.T.);
#3998=ORIENTED_EDGE('',*,*,#3189,.F.);
#3999=ORIENTED_EDGE('',*,*,#3190,.F.);
#4000=ORIENTED_EDGE('',*,*,#3191,.F.);
#4001=ORIENTED_EDGE('',*,*,#3192,.T.);
#4002=ORIENTED_EDGE('',*,*,#3193,.F.);
#4003=ORIENTED_EDGE('',*,*,#3130,.F.);
#4004=ORIENTED_EDGE('',*,*,#3126,.F.);
#4005=ORIENTED_EDGE('',*,*,#3194,.F.);
#4006=ORIENTED_EDGE('',*,*,#3190,.T.);
#4007=ORIENTED_EDGE('',*,*,#3195,.F.);
#4008=ORIENTED_EDGE('',*,*,#3192,.F.);
#4009=ORIENTED_EDGE('',*,*,#3196,.F.);
#4010=ORIENTED_EDGE('',*,*,#3197,.T.);
#4011=ORIENTED_EDGE('',*,*,#3198,.F.);
#4012=ORIENTED_EDGE('',*,*,#3197,.F.);
#4013=ORIENTED_EDGE('',*,*,#3199,.F.);
#4014=ORIENTED_EDGE('',*,*,#3200,.T.);
#4015=ORIENTED_EDGE('',*,*,#3201,.F.);
#4016=ORIENTED_EDGE('',*,*,#3200,.F.);
#4017=ORIENTED_EDGE('',*,*,#3202,.F.);
#4018=ORIENTED_EDGE('',*,*,#3203,.T.);
#4019=ORIENTED_EDGE('',*,*,#3204,.F.);
#4020=ORIENTED_EDGE('',*,*,#3203,.F.);
#4021=ORIENTED_EDGE('',*,*,#3205,.F.);
#4022=ORIENTED_EDGE('',*,*,#3206,.T.);
#4023=ORIENTED_EDGE('',*,*,#3207,.F.);
#4024=ORIENTED_EDGE('',*,*,#3206,.F.);
#4025=ORIENTED_EDGE('',*,*,#3208,.F.);
#4026=ORIENTED_EDGE('',*,*,#3209,.T.);
#4027=ORIENTED_EDGE('',*,*,#3210,.F.);
#4028=ORIENTED_EDGE('',*,*,#3209,.F.);
#4029=ORIENTED_EDGE('',*,*,#3211,.F.);
#4030=ORIENTED_EDGE('',*,*,#3212,.T.);
#4031=ORIENTED_EDGE('',*,*,#3213,.F.);
#4032=ORIENTED_EDGE('',*,*,#3212,.F.);
#4033=ORIENTED_EDGE('',*,*,#3214,.F.);
#4034=ORIENTED_EDGE('',*,*,#3215,.T.);
#4035=ORIENTED_EDGE('',*,*,#3216,.F.);
#4036=ORIENTED_EDGE('',*,*,#3215,.F.);
#4037=ORIENTED_EDGE('',*,*,#3217,.F.);
#4038=ORIENTED_EDGE('',*,*,#3218,.T.);
#4039=ORIENTED_EDGE('',*,*,#3219,.F.);
#4040=ORIENTED_EDGE('',*,*,#3218,.F.);
#4041=ORIENTED_EDGE('',*,*,#3220,.F.);
#4042=ORIENTED_EDGE('',*,*,#3221,.T.);
#4043=ORIENTED_EDGE('',*,*,#3222,.F.);
#4044=ORIENTED_EDGE('',*,*,#3223,.F.);
#4045=ORIENTED_EDGE('',*,*,#3224,.F.);
#4046=ORIENTED_EDGE('',*,*,#3225,.T.);
#4047=ORIENTED_EDGE('',*,*,#3226,.F.);
#4048=ORIENTED_EDGE('',*,*,#3221,.F.);
#4049=ORIENTED_EDGE('',*,*,#3227,.F.);
#4050=ORIENTED_EDGE('',*,*,#3228,.T.);
#4051=ORIENTED_EDGE('',*,*,#3229,.F.);
#4052=ORIENTED_EDGE('',*,*,#3225,.F.);
#4053=ORIENTED_EDGE('',*,*,#3230,.F.);
#4054=ORIENTED_EDGE('',*,*,#3223,.T.);
#4055=ORIENTED_EDGE('',*,*,#3231,.F.);
#4056=ORIENTED_EDGE('',*,*,#3228,.F.);
#4057=ORIENTED_EDGE('',*,*,#3232,.F.);
#4058=ORIENTED_EDGE('',*,*,#3135,.F.);
#4059=ORIENTED_EDGE('',*,*,#3139,.T.);
#4060=ORIENTED_EDGE('',*,*,#3233,.F.);
#4061=ORIENTED_EDGE('',*,*,#3234,.F.);
#4062=ORIENTED_EDGE('',*,*,#3235,.F.);
#4063=ORIENTED_EDGE('',*,*,#3236,.T.);
#4064=ORIENTED_EDGE('',*,*,#3237,.F.);
#4065=ORIENTED_EDGE('',*,*,#3137,.F.);
#4066=ORIENTED_EDGE('',*,*,#3133,.F.);
#4067=ORIENTED_EDGE('',*,*,#3238,.F.);
#4068=ORIENTED_EDGE('',*,*,#3234,.T.);
#4069=ORIENTED_EDGE('',*,*,#3239,.F.);
#4070=ORIENTED_EDGE('',*,*,#3236,.F.);
#4071=ORIENTED_EDGE('',*,*,#3240,.F.);
#4072=ORIENTED_EDGE('',*,*,#3241,.T.);
#4073=ORIENTED_EDGE('',*,*,#3242,.F.);
#4074=ORIENTED_EDGE('',*,*,#3241,.F.);
#4075=ORIENTED_EDGE('',*,*,#3243,.F.);
#4076=ORIENTED_EDGE('',*,*,#3244,.T.);
#4077=ORIENTED_EDGE('',*,*,#3245,.F.);
#4078=ORIENTED_EDGE('',*,*,#3244,.F.);
#4079=ORIENTED_EDGE('',*,*,#3246,.F.);
#4080=ORIENTED_EDGE('',*,*,#3247,.T.);
#4081=ORIENTED_EDGE('',*,*,#3248,.F.);
#4082=ORIENTED_EDGE('',*,*,#3249,.F.);
#4083=ORIENTED_EDGE('',*,*,#3250,.F.);
#4084=ORIENTED_EDGE('',*,*,#3251,.T.);
#4085=ORIENTED_EDGE('',*,*,#3252,.F.);
#4086=ORIENTED_EDGE('',*,*,#3247,.F.);
#4087=ORIENTED_EDGE('',*,*,#3253,.F.);
#4088=ORIENTED_EDGE('',*,*,#3254,.T.);
#4089=ORIENTED_EDGE('',*,*,#3255,.F.);
#4090=ORIENTED_EDGE('',*,*,#3251,.F.);
#4091=ORIENTED_EDGE('',*,*,#3256,.F.);
#4092=ORIENTED_EDGE('',*,*,#3249,.T.);
#4093=ORIENTED_EDGE('',*,*,#3257,.F.);
#4094=ORIENTED_EDGE('',*,*,#3254,.F.);
#4095=ORIENTED_EDGE('',*,*,#3258,.F.);
#4096=ORIENTED_EDGE('',*,*,#3142,.F.);
#4097=ORIENTED_EDGE('',*,*,#3146,.T.);
#4098=ORIENTED_EDGE('',*,*,#3259,.F.);
#4099=ORIENTED_EDGE('',*,*,#3260,.F.);
#4100=ORIENTED_EDGE('',*,*,#3261,.F.);
#4101=ORIENTED_EDGE('',*,*,#3262,.T.);
#4102=ORIENTED_EDGE('',*,*,#3263,.F.);
#4103=ORIENTED_EDGE('',*,*,#3144,.F.);
#4104=ORIENTED_EDGE('',*,*,#3140,.F.);
#4105=ORIENTED_EDGE('',*,*,#3264,.F.);
#4106=ORIENTED_EDGE('',*,*,#3260,.T.);
#4107=ORIENTED_EDGE('',*,*,#3265,.F.);
#4108=ORIENTED_EDGE('',*,*,#3262,.F.);
#4109=ORIENTED_EDGE('',*,*,#3266,.F.);
#4110=ORIENTED_EDGE('',*,*,#3267,.T.);
#4111=ORIENTED_EDGE('',*,*,#3268,.F.);
#4112=ORIENTED_EDGE('',*,*,#3267,.F.);
#4113=ORIENTED_EDGE('',*,*,#3269,.F.);
#4114=ORIENTED_EDGE('',*,*,#3270,.T.);
#4115=ORIENTED_EDGE('',*,*,#3271,.F.);
#4116=ORIENTED_EDGE('',*,*,#3270,.F.);
#4117=ORIENTED_EDGE('',*,*,#3272,.F.);
#4118=ORIENTED_EDGE('',*,*,#3273,.T.);
#4119=ORIENTED_EDGE('',*,*,#3274,.F.);
#4120=ORIENTED_EDGE('',*,*,#3275,.F.);
#4121=ORIENTED_EDGE('',*,*,#3276,.F.);
#4122=ORIENTED_EDGE('',*,*,#3277,.T.);
#4123=ORIENTED_EDGE('',*,*,#3278,.F.);
#4124=ORIENTED_EDGE('',*,*,#3273,.F.);
#4125=ORIENTED_EDGE('',*,*,#3279,.F.);
#4126=ORIENTED_EDGE('',*,*,#3280,.T.);
#4127=ORIENTED_EDGE('',*,*,#3281,.F.);
#4128=ORIENTED_EDGE('',*,*,#3277,.F.);
#4129=ORIENTED_EDGE('',*,*,#3282,.F.);
#4130=ORIENTED_EDGE('',*,*,#3275,.T.);
#4131=ORIENTED_EDGE('',*,*,#3283,.F.);
#4132=ORIENTED_EDGE('',*,*,#3280,.F.);
#4133=ORIENTED_EDGE('',*,*,#3284,.F.);
#4134=ORIENTED_EDGE('',*,*,#3285,.T.);
#4135=ORIENTED_EDGE('',*,*,#3286,.F.);
#4136=ORIENTED_EDGE('',*,*,#3285,.F.);
#4137=ORIENTED_EDGE('',*,*,#3287,.F.);
#4138=ORIENTED_EDGE('',*,*,#3288,.T.);
#4139=ORIENTED_EDGE('',*,*,#3289,.F.);
#4140=ORIENTED_EDGE('',*,*,#3290,.F.);
#4141=ORIENTED_EDGE('',*,*,#3291,.F.);
#4142=ORIENTED_EDGE('',*,*,#3292,.T.);
#4143=ORIENTED_EDGE('',*,*,#3293,.F.);
#4144=ORIENTED_EDGE('',*,*,#3288,.F.);
#4145=ORIENTED_EDGE('',*,*,#3294,.F.);
#4146=ORIENTED_EDGE('',*,*,#3295,.T.);
#4147=ORIENTED_EDGE('',*,*,#3296,.F.);
#4148=ORIENTED_EDGE('',*,*,#3292,.F.);
#4149=ORIENTED_EDGE('',*,*,#3297,.F.);
#4150=ORIENTED_EDGE('',*,*,#3290,.T.);
#4151=ORIENTED_EDGE('',*,*,#3298,.F.);
#4152=ORIENTED_EDGE('',*,*,#3295,.F.);
#4153=ORIENTED_EDGE('',*,*,#3299,.F.);
#4154=ORIENTED_EDGE('',*,*,#3300,.T.);
#4155=ORIENTED_EDGE('',*,*,#3301,.T.);
#4156=ORIENTED_EDGE('',*,*,#3300,.F.);
#4157=ORIENTED_EDGE('',*,*,#3302,.T.);
#4158=ORIENTED_EDGE('',*,*,#3303,.T.);
#4159=ORIENTED_EDGE('',*,*,#3304,.T.);
#4160=ORIENTED_EDGE('',*,*,#3305,.T.);
#4161=ORIENTED_EDGE('',*,*,#3306,.T.);
#4162=ORIENTED_EDGE('',*,*,#3307,.T.);
#4163=ORIENTED_EDGE('',*,*,#3308,.T.);
#4164=ORIENTED_EDGE('',*,*,#3309,.T.);
#4165=ORIENTED_EDGE('',*,*,#3310,.T.);
#4166=ORIENTED_EDGE('',*,*,#3311,.T.);
#4167=ORIENTED_EDGE('',*,*,#3312,.T.);
#4168=ORIENTED_EDGE('',*,*,#3313,.T.);
#4169=ORIENTED_EDGE('',*,*,#3314,.T.);
#4170=ORIENTED_EDGE('',*,*,#3315,.T.);
#4171=ORIENTED_EDGE('',*,*,#3316,.T.);
#4172=ORIENTED_EDGE('',*,*,#3317,.T.);
#4173=ORIENTED_EDGE('',*,*,#3165,.T.);
#4174=ORIENTED_EDGE('',*,*,#3162,.T.);
#4175=ORIENTED_EDGE('',*,*,#3159,.T.);
#4176=ORIENTED_EDGE('',*,*,#3122,.F.);
#4177=ORIENTED_EDGE('',*,*,#3188,.T.);
#4178=ORIENTED_EDGE('',*,*,#3194,.T.);
#4179=ORIENTED_EDGE('',*,*,#3191,.T.);
#4180=ORIENTED_EDGE('',*,*,#3129,.F.);
#4181=ORIENTED_EDGE('',*,*,#3232,.T.);
#4182=ORIENTED_EDGE('',*,*,#3238,.T.);
#4183=ORIENTED_EDGE('',*,*,#3235,.T.);
#4184=ORIENTED_EDGE('',*,*,#3136,.F.);
#4185=ORIENTED_EDGE('',*,*,#3258,.T.);
#4186=ORIENTED_EDGE('',*,*,#3264,.T.);
#4187=ORIENTED_EDGE('',*,*,#3261,.T.);
#4188=ORIENTED_EDGE('',*,*,#3143,.F.);
#4189=ORIENTED_EDGE('',*,*,#3147,.T.);
#4190=ORIENTED_EDGE('',*,*,#3150,.T.);
#4191=ORIENTED_EDGE('',*,*,#3153,.T.);
#4192=ORIENTED_EDGE('',*,*,#3156,.T.);
#4193=ORIENTED_EDGE('',*,*,#3167,.T.);
#4194=ORIENTED_EDGE('',*,*,#3170,.T.);
#4195=ORIENTED_EDGE('',*,*,#3173,.T.);
#4196=ORIENTED_EDGE('',*,*,#3176,.T.);
#4197=ORIENTED_EDGE('',*,*,#3186,.T.);
#4198=ORIENTED_EDGE('',*,*,#3183,.T.);
#4199=ORIENTED_EDGE('',*,*,#3180,.T.);
#4200=ORIENTED_EDGE('',*,*,#3196,.T.);
#4201=ORIENTED_EDGE('',*,*,#3199,.T.);
#4202=ORIENTED_EDGE('',*,*,#3202,.T.);
#4203=ORIENTED_EDGE('',*,*,#3205,.T.);
#4204=ORIENTED_EDGE('',*,*,#3208,.T.);
#4205=ORIENTED_EDGE('',*,*,#3211,.T.);
#4206=ORIENTED_EDGE('',*,*,#3214,.T.);
#4207=ORIENTED_EDGE('',*,*,#3217,.T.);
#4208=ORIENTED_EDGE('',*,*,#3220,.T.);
#4209=ORIENTED_EDGE('',*,*,#3230,.T.);
#4210=ORIENTED_EDGE('',*,*,#3227,.T.);
#4211=ORIENTED_EDGE('',*,*,#3224,.T.);
#4212=ORIENTED_EDGE('',*,*,#3240,.T.);
#4213=ORIENTED_EDGE('',*,*,#3243,.T.);
#4214=ORIENTED_EDGE('',*,*,#3246,.T.);
#4215=ORIENTED_EDGE('',*,*,#3256,.T.);
#4216=ORIENTED_EDGE('',*,*,#3253,.T.);
#4217=ORIENTED_EDGE('',*,*,#3250,.T.);
#4218=ORIENTED_EDGE('',*,*,#3266,.T.);
#4219=ORIENTED_EDGE('',*,*,#3269,.T.);
#4220=ORIENTED_EDGE('',*,*,#3272,.T.);
#4221=ORIENTED_EDGE('',*,*,#3282,.T.);
#4222=ORIENTED_EDGE('',*,*,#3279,.T.);
#4223=ORIENTED_EDGE('',*,*,#3276,.T.);
#4224=ORIENTED_EDGE('',*,*,#3284,.T.);
#4225=ORIENTED_EDGE('',*,*,#3287,.T.);
#4226=ORIENTED_EDGE('',*,*,#3297,.T.);
#4227=ORIENTED_EDGE('',*,*,#3294,.T.);
#4228=ORIENTED_EDGE('',*,*,#3291,.T.);
#4229=ORIENTED_EDGE('',*,*,#3318,.F.);
#4230=ORIENTED_EDGE('',*,*,#3319,.F.);
#4231=ORIENTED_EDGE('',*,*,#3320,.F.);
#4232=ORIENTED_EDGE('',*,*,#3321,.F.);
#4233=ORIENTED_EDGE('',*,*,#3322,.T.);
#4234=ORIENTED_EDGE('',*,*,#3323,.T.);
#4235=ORIENTED_EDGE('',*,*,#3324,.T.);
#4236=ORIENTED_EDGE('',*,*,#3325,.T.);
#4237=ORIENTED_EDGE('',*,*,#3326,.T.);
#4238=ORIENTED_EDGE('',*,*,#3327,.T.);
#4239=ORIENTED_EDGE('',*,*,#3328,.T.);
#4240=ORIENTED_EDGE('',*,*,#3329,.T.);
#4241=ORIENTED_EDGE('',*,*,#3330,.T.);
#4242=ORIENTED_EDGE('',*,*,#3331,.T.);
#4243=ORIENTED_EDGE('',*,*,#3332,.T.);
#4244=ORIENTED_EDGE('',*,*,#3333,.T.);
#4245=ORIENTED_EDGE('',*,*,#3334,.F.);
#4246=ORIENTED_EDGE('',*,*,#3335,.F.);
#4247=ORIENTED_EDGE('',*,*,#3336,.F.);
#4248=ORIENTED_EDGE('',*,*,#3301,.F.);
#4249=ORIENTED_EDGE('',*,*,#3337,.F.);
#4250=ORIENTED_EDGE('',*,*,#3338,.T.);
#4251=ORIENTED_EDGE('',*,*,#3318,.T.);
#4252=ORIENTED_EDGE('',*,*,#3338,.F.);
#4253=ORIENTED_EDGE('',*,*,#3339,.F.);
#4254=ORIENTED_EDGE('',*,*,#3340,.T.);
#4255=ORIENTED_EDGE('',*,*,#3336,.T.);
#4256=ORIENTED_EDGE('',*,*,#3340,.F.);
#4257=ORIENTED_EDGE('',*,*,#3341,.F.);
#4258=ORIENTED_EDGE('',*,*,#3342,.T.);
#4259=ORIENTED_EDGE('',*,*,#3319,.T.);
#4260=ORIENTED_EDGE('',*,*,#3342,.F.);
#4261=ORIENTED_EDGE('',*,*,#3343,.F.);
#4262=ORIENTED_EDGE('',*,*,#3344,.T.);
#4263=ORIENTED_EDGE('',*,*,#3335,.T.);
#4264=ORIENTED_EDGE('',*,*,#3344,.F.);
#4265=ORIENTED_EDGE('',*,*,#3345,.F.);
#4266=ORIENTED_EDGE('',*,*,#3346,.T.);
#4267=ORIENTED_EDGE('',*,*,#3320,.T.);
#4268=ORIENTED_EDGE('',*,*,#3346,.F.);
#4269=ORIENTED_EDGE('',*,*,#3347,.F.);
#4270=ORIENTED_EDGE('',*,*,#3348,.T.);
#4271=ORIENTED_EDGE('',*,*,#3334,.T.);
#4272=ORIENTED_EDGE('',*,*,#3348,.F.);
#4273=ORIENTED_EDGE('',*,*,#3349,.F.);
#4274=ORIENTED_EDGE('',*,*,#3350,.T.);
#4275=ORIENTED_EDGE('',*,*,#3321,.T.);
#4276=ORIENTED_EDGE('',*,*,#3350,.F.);
#4277=ORIENTED_EDGE('',*,*,#3351,.F.);
#4278=ORIENTED_EDGE('',*,*,#3352,.T.);
#4279=ORIENTED_EDGE('',*,*,#3353,.F.);
#4280=ORIENTED_EDGE('',*,*,#3352,.F.);
#4281=ORIENTED_EDGE('',*,*,#3337,.T.);
#4282=ORIENTED_EDGE('',*,*,#3351,.T.);
#4283=ORIENTED_EDGE('',*,*,#3354,.F.);
#4284=ORIENTED_EDGE('',*,*,#3355,.T.);
#4285=ORIENTED_EDGE('',*,*,#3356,.F.);
#4286=ORIENTED_EDGE('',*,*,#3355,.F.);
#4287=ORIENTED_EDGE('',*,*,#3345,.T.);
#4288=ORIENTED_EDGE('',*,*,#3354,.T.);
#4289=ORIENTED_EDGE('',*,*,#3357,.F.);
#4290=ORIENTED_EDGE('',*,*,#3358,.T.);
#4291=ORIENTED_EDGE('',*,*,#3359,.F.);
#4292=ORIENTED_EDGE('',*,*,#3358,.F.);
#4293=ORIENTED_EDGE('',*,*,#3349,.T.);
#4294=ORIENTED_EDGE('',*,*,#3357,.T.);
#4295=ORIENTED_EDGE('',*,*,#3360,.F.);
#4296=ORIENTED_EDGE('',*,*,#3361,.T.);
#4297=ORIENTED_EDGE('',*,*,#3362,.F.);
#4298=ORIENTED_EDGE('',*,*,#3361,.F.);
#4299=ORIENTED_EDGE('',*,*,#3341,.T.);
#4300=ORIENTED_EDGE('',*,*,#3360,.T.);
#4301=ORIENTED_EDGE('',*,*,#3363,.F.);
#4302=ORIENTED_EDGE('',*,*,#3364,.T.);
#4303=ORIENTED_EDGE('',*,*,#3365,.F.);
#4304=ORIENTED_EDGE('',*,*,#3364,.F.);
#4305=ORIENTED_EDGE('',*,*,#3299,.T.);
#4306=ORIENTED_EDGE('',*,*,#3363,.T.);
#4307=ORIENTED_EDGE('',*,*,#3366,.F.);
#4308=ORIENTED_EDGE('',*,*,#3367,.T.);
#4309=ORIENTED_EDGE('',*,*,#3368,.F.);
#4310=ORIENTED_EDGE('',*,*,#3367,.F.);
#4311=ORIENTED_EDGE('',*,*,#3343,.T.);
#4312=ORIENTED_EDGE('',*,*,#3366,.T.);
#4313=ORIENTED_EDGE('',*,*,#3369,.F.);
#4314=ORIENTED_EDGE('',*,*,#3370,.T.);
#4315=ORIENTED_EDGE('',*,*,#3371,.F.);
#4316=ORIENTED_EDGE('',*,*,#3370,.F.);
#4317=ORIENTED_EDGE('',*,*,#3347,.T.);
#4318=ORIENTED_EDGE('',*,*,#3369,.T.);
#4319=ORIENTED_EDGE('',*,*,#3372,.F.);
#4320=ORIENTED_EDGE('',*,*,#3373,.T.);
#4321=ORIENTED_EDGE('',*,*,#3374,.F.);
#4322=ORIENTED_EDGE('',*,*,#3373,.F.);
#4323=ORIENTED_EDGE('',*,*,#3339,.T.);
#4324=ORIENTED_EDGE('',*,*,#3372,.T.);
#4325=ORIENTED_EDGE('',*,*,#3333,.F.);
#4326=ORIENTED_EDGE('',*,*,#3375,.T.);
#4327=ORIENTED_EDGE('',*,*,#3376,.T.);
#4328=ORIENTED_EDGE('',*,*,#3375,.F.);
#4329=ORIENTED_EDGE('',*,*,#3332,.F.);
#4330=ORIENTED_EDGE('',*,*,#3377,.T.);
#4331=ORIENTED_EDGE('',*,*,#3378,.T.);
#4332=ORIENTED_EDGE('',*,*,#3377,.F.);
#4333=ORIENTED_EDGE('',*,*,#3331,.F.);
#4334=ORIENTED_EDGE('',*,*,#3379,.T.);
#4335=ORIENTED_EDGE('',*,*,#3380,.T.);
#4336=ORIENTED_EDGE('',*,*,#3379,.F.);
#4337=ORIENTED_EDGE('',*,*,#3330,.F.);
#4338=ORIENTED_EDGE('',*,*,#3381,.T.);
#4339=ORIENTED_EDGE('',*,*,#3382,.T.);
#4340=ORIENTED_EDGE('',*,*,#3381,.F.);
#4341=ORIENTED_EDGE('',*,*,#3329,.F.);
#4342=ORIENTED_EDGE('',*,*,#3383,.T.);
#4343=ORIENTED_EDGE('',*,*,#3384,.T.);
#4344=ORIENTED_EDGE('',*,*,#3383,.F.);
#4345=ORIENTED_EDGE('',*,*,#3328,.F.);
#4346=ORIENTED_EDGE('',*,*,#3385,.T.);
#4347=ORIENTED_EDGE('',*,*,#3386,.T.);
#4348=ORIENTED_EDGE('',*,*,#3385,.F.);
#4349=ORIENTED_EDGE('',*,*,#3327,.F.);
#4350=ORIENTED_EDGE('',*,*,#3387,.T.);
#4351=ORIENTED_EDGE('',*,*,#3388,.T.);
#4352=ORIENTED_EDGE('',*,*,#3387,.F.);
#4353=ORIENTED_EDGE('',*,*,#3326,.F.);
#4354=ORIENTED_EDGE('',*,*,#3389,.T.);
#4355=ORIENTED_EDGE('',*,*,#3390,.T.);
#4356=ORIENTED_EDGE('',*,*,#3389,.F.);
#4357=ORIENTED_EDGE('',*,*,#3325,.F.);
#4358=ORIENTED_EDGE('',*,*,#3391,.T.);
#4359=ORIENTED_EDGE('',*,*,#3392,.T.);
#4360=ORIENTED_EDGE('',*,*,#3391,.F.);
#4361=ORIENTED_EDGE('',*,*,#3324,.F.);
#4362=ORIENTED_EDGE('',*,*,#3393,.T.);
#4363=ORIENTED_EDGE('',*,*,#3394,.T.);
#4364=ORIENTED_EDGE('',*,*,#3393,.F.);
#4365=ORIENTED_EDGE('',*,*,#3323,.F.);
#4366=ORIENTED_EDGE('',*,*,#3395,.T.);
#4367=ORIENTED_EDGE('',*,*,#3396,.T.);
#4368=ORIENTED_EDGE('',*,*,#3395,.F.);
#4369=ORIENTED_EDGE('',*,*,#3322,.F.);
#4370=ORIENTED_EDGE('',*,*,#3397,.T.);
#4371=ORIENTED_EDGE('',*,*,#3398,.T.);
#4372=ORIENTED_EDGE('',*,*,#3397,.F.);
#4373=ORIENTED_EDGE('',*,*,#3399,.F.);
#4374=ORIENTED_EDGE('',*,*,#3400,.T.);
#4375=ORIENTED_EDGE('',*,*,#3317,.F.);
#4376=ORIENTED_EDGE('',*,*,#3401,.F.);
#4377=ORIENTED_EDGE('',*,*,#3402,.F.);
#4378=ORIENTED_EDGE('',*,*,#3401,.T.);
#4379=ORIENTED_EDGE('',*,*,#3316,.F.);
#4380=ORIENTED_EDGE('',*,*,#3403,.F.);
#4381=ORIENTED_EDGE('',*,*,#3404,.T.);
#4382=ORIENTED_EDGE('',*,*,#3403,.T.);
#4383=ORIENTED_EDGE('',*,*,#3315,.F.);
#4384=ORIENTED_EDGE('',*,*,#3405,.F.);
#4385=ORIENTED_EDGE('',*,*,#3406,.F.);
#4386=ORIENTED_EDGE('',*,*,#3405,.T.);
#4387=ORIENTED_EDGE('',*,*,#3314,.F.);
#4388=ORIENTED_EDGE('',*,*,#3407,.F.);
#4389=ORIENTED_EDGE('',*,*,#3408,.F.);
#4390=ORIENTED_EDGE('',*,*,#3407,.T.);
#4391=ORIENTED_EDGE('',*,*,#3313,.F.);
#4392=ORIENTED_EDGE('',*,*,#3409,.F.);
#4393=ORIENTED_EDGE('',*,*,#3410,.F.);
#4394=ORIENTED_EDGE('',*,*,#3409,.T.);
#4395=ORIENTED_EDGE('',*,*,#3312,.F.);
#4396=ORIENTED_EDGE('',*,*,#3411,.F.);
#4397=ORIENTED_EDGE('',*,*,#3412,.F.);
#4398=ORIENTED_EDGE('',*,*,#3411,.T.);
#4399=ORIENTED_EDGE('',*,*,#3311,.F.);
#4400=ORIENTED_EDGE('',*,*,#3413,.F.);
#4401=ORIENTED_EDGE('',*,*,#3414,.F.);
#4402=ORIENTED_EDGE('',*,*,#3413,.T.);
#4403=ORIENTED_EDGE('',*,*,#3310,.F.);
#4404=ORIENTED_EDGE('',*,*,#3415,.F.);
#4405=ORIENTED_EDGE('',*,*,#3416,.F.);
#4406=ORIENTED_EDGE('',*,*,#3415,.T.);
#4407=ORIENTED_EDGE('',*,*,#3309,.F.);
#4408=ORIENTED_EDGE('',*,*,#3417,.F.);
#4409=ORIENTED_EDGE('',*,*,#3418,.F.);
#4410=ORIENTED_EDGE('',*,*,#3417,.T.);
#4411=ORIENTED_EDGE('',*,*,#3308,.F.);
#4412=ORIENTED_EDGE('',*,*,#3419,.F.);
#4413=ORIENTED_EDGE('',*,*,#3420,.F.);
#4414=ORIENTED_EDGE('',*,*,#3419,.T.);
#4415=ORIENTED_EDGE('',*,*,#3307,.F.);
#4416=ORIENTED_EDGE('',*,*,#3421,.F.);
#4417=ORIENTED_EDGE('',*,*,#3422,.T.);
#4418=ORIENTED_EDGE('',*,*,#3421,.T.);
#4419=ORIENTED_EDGE('',*,*,#3306,.F.);
#4420=ORIENTED_EDGE('',*,*,#3423,.F.);
#4421=ORIENTED_EDGE('',*,*,#3424,.F.);
#4422=ORIENTED_EDGE('',*,*,#3423,.T.);
#4423=ORIENTED_EDGE('',*,*,#3305,.F.);
#4424=ORIENTED_EDGE('',*,*,#3425,.F.);
#4425=ORIENTED_EDGE('',*,*,#3426,.F.);
#4426=ORIENTED_EDGE('',*,*,#3425,.T.);
#4427=ORIENTED_EDGE('',*,*,#3304,.F.);
#4428=ORIENTED_EDGE('',*,*,#3427,.F.);
#4429=ORIENTED_EDGE('',*,*,#3428,.F.);
#4430=ORIENTED_EDGE('',*,*,#3427,.T.);
#4431=ORIENTED_EDGE('',*,*,#3303,.F.);
#4432=ORIENTED_EDGE('',*,*,#3429,.F.);
#4433=ORIENTED_EDGE('',*,*,#3430,.T.);
#4434=ORIENTED_EDGE('',*,*,#3429,.T.);
#4435=ORIENTED_EDGE('',*,*,#3302,.F.);
#4436=ORIENTED_EDGE('',*,*,#3400,.F.);
#4437=ORIENTED_EDGE('',*,*,#3430,.F.);
#4438=ORIENTED_EDGE('',*,*,#3399,.T.);
#4439=ORIENTED_EDGE('',*,*,#3402,.T.);
#4440=ORIENTED_EDGE('',*,*,#3404,.F.);
#4441=ORIENTED_EDGE('',*,*,#3406,.T.);
#4442=ORIENTED_EDGE('',*,*,#3408,.T.);
#4443=ORIENTED_EDGE('',*,*,#3410,.T.);
#4444=ORIENTED_EDGE('',*,*,#3412,.T.);
#4445=ORIENTED_EDGE('',*,*,#3414,.T.);
#4446=ORIENTED_EDGE('',*,*,#3416,.T.);
#4447=ORIENTED_EDGE('',*,*,#3418,.T.);
#4448=ORIENTED_EDGE('',*,*,#3420,.T.);
#4449=ORIENTED_EDGE('',*,*,#3422,.F.);
#4450=ORIENTED_EDGE('',*,*,#3424,.T.);
#4451=ORIENTED_EDGE('',*,*,#3426,.T.);
#4452=ORIENTED_EDGE('',*,*,#3428,.T.);
#4453=ORIENTED_EDGE('',*,*,#3149,.T.);
#4454=ORIENTED_EDGE('',*,*,#3152,.T.);
#4455=ORIENTED_EDGE('',*,*,#3155,.T.);
#4456=ORIENTED_EDGE('',*,*,#3158,.T.);
#4457=ORIENTED_EDGE('',*,*,#3353,.T.);
#4458=ORIENTED_EDGE('',*,*,#3124,.T.);
#4459=ORIENTED_EDGE('',*,*,#3161,.T.);
#4460=ORIENTED_EDGE('',*,*,#3164,.T.);
#4461=ORIENTED_EDGE('',*,*,#3166,.T.);
#4462=ORIENTED_EDGE('',*,*,#3169,.T.);
#4463=ORIENTED_EDGE('',*,*,#3172,.T.);
#4464=ORIENTED_EDGE('',*,*,#3359,.T.);
#4465=ORIENTED_EDGE('',*,*,#3175,.T.);
#4466=ORIENTED_EDGE('',*,*,#3368,.T.);
#4467=ORIENTED_EDGE('',*,*,#3178,.T.);
#4468=ORIENTED_EDGE('',*,*,#3182,.T.);
#4469=ORIENTED_EDGE('',*,*,#3185,.T.);
#4470=ORIENTED_EDGE('',*,*,#3187,.T.);
#4471=ORIENTED_EDGE('',*,*,#3189,.T.);
#4472=ORIENTED_EDGE('',*,*,#3131,.T.);
#4473=ORIENTED_EDGE('',*,*,#3193,.T.);
#4474=ORIENTED_EDGE('',*,*,#3195,.T.);
#4475=ORIENTED_EDGE('',*,*,#3365,.T.);
#4476=ORIENTED_EDGE('',*,*,#3198,.T.);
#4477=ORIENTED_EDGE('',*,*,#3201,.T.);
#4478=ORIENTED_EDGE('',*,*,#3204,.T.);
#4479=ORIENTED_EDGE('',*,*,#3207,.T.);
#4480=ORIENTED_EDGE('',*,*,#3210,.T.);
#4481=ORIENTED_EDGE('',*,*,#3213,.T.);
#4482=ORIENTED_EDGE('',*,*,#3216,.T.);
#4483=ORIENTED_EDGE('',*,*,#3219,.T.);
#4484=ORIENTED_EDGE('',*,*,#3222,.T.);
#4485=ORIENTED_EDGE('',*,*,#3226,.T.);
#4486=ORIENTED_EDGE('',*,*,#3229,.T.);
#4487=ORIENTED_EDGE('',*,*,#3231,.T.);
#4488=ORIENTED_EDGE('',*,*,#3362,.T.);
#4489=ORIENTED_EDGE('',*,*,#3233,.T.);
#4490=ORIENTED_EDGE('',*,*,#3138,.T.);
#4491=ORIENTED_EDGE('',*,*,#3237,.T.);
#4492=ORIENTED_EDGE('',*,*,#3239,.T.);
#4493=ORIENTED_EDGE('',*,*,#3242,.T.);
#4494=ORIENTED_EDGE('',*,*,#3371,.T.);
#4495=ORIENTED_EDGE('',*,*,#3245,.T.);
#4496=ORIENTED_EDGE('',*,*,#3356,.T.);
#4497=ORIENTED_EDGE('',*,*,#3248,.T.);
#4498=ORIENTED_EDGE('',*,*,#3252,.T.);
#4499=ORIENTED_EDGE('',*,*,#3255,.T.);
#4500=ORIENTED_EDGE('',*,*,#3257,.T.);
#4501=ORIENTED_EDGE('',*,*,#3259,.T.);
#4502=ORIENTED_EDGE('',*,*,#3145,.T.);
#4503=ORIENTED_EDGE('',*,*,#3263,.T.);
#4504=ORIENTED_EDGE('',*,*,#3265,.T.);
#4505=ORIENTED_EDGE('',*,*,#3374,.T.);
#4506=ORIENTED_EDGE('',*,*,#3268,.T.);
#4507=ORIENTED_EDGE('',*,*,#3271,.T.);
#4508=ORIENTED_EDGE('',*,*,#3274,.T.);
#4509=ORIENTED_EDGE('',*,*,#3278,.T.);
#4510=ORIENTED_EDGE('',*,*,#3281,.T.);
#4511=ORIENTED_EDGE('',*,*,#3283,.T.);
#4512=ORIENTED_EDGE('',*,*,#3286,.T.);
#4513=ORIENTED_EDGE('',*,*,#3289,.T.);
#4514=ORIENTED_EDGE('',*,*,#3293,.T.);
#4515=ORIENTED_EDGE('',*,*,#3296,.T.);
#4516=ORIENTED_EDGE('',*,*,#3298,.T.);
#4517=ORIENTED_EDGE('',*,*,#3398,.F.);
#4518=ORIENTED_EDGE('',*,*,#3396,.F.);
#4519=ORIENTED_EDGE('',*,*,#3394,.F.);
#4520=ORIENTED_EDGE('',*,*,#3392,.F.);
#4521=ORIENTED_EDGE('',*,*,#3390,.F.);
#4522=ORIENTED_EDGE('',*,*,#3388,.F.);
#4523=ORIENTED_EDGE('',*,*,#3386,.F.);
#4524=ORIENTED_EDGE('',*,*,#3384,.F.);
#4525=ORIENTED_EDGE('',*,*,#3382,.F.);
#4526=ORIENTED_EDGE('',*,*,#3380,.F.);
#4527=ORIENTED_EDGE('',*,*,#3378,.F.);
#4528=ORIENTED_EDGE('',*,*,#3376,.F.);
#4529=ORIENTED_EDGE('',*,*,#3431,.F.);
#4530=ORIENTED_EDGE('',*,*,#3432,.T.);
#4531=ORIENTED_EDGE('',*,*,#3433,.F.);
#4532=ORIENTED_EDGE('',*,*,#3432,.F.);
#4533=ORIENTED_EDGE('',*,*,#3434,.F.);
#4534=ORIENTED_EDGE('',*,*,#3435,.T.);
#4535=ORIENTED_EDGE('',*,*,#3436,.F.);
#4536=ORIENTED_EDGE('',*,*,#3435,.F.);
#4537=ORIENTED_EDGE('',*,*,#3437,.F.);
#4538=ORIENTED_EDGE('',*,*,#3438,.T.);
#4539=ORIENTED_EDGE('',*,*,#3439,.F.);
#4540=ORIENTED_EDGE('',*,*,#3438,.F.);
#4541=ORIENTED_EDGE('',*,*,#3440,.F.);
#4542=ORIENTED_EDGE('',*,*,#3441,.T.);
#4543=ORIENTED_EDGE('',*,*,#3442,.F.);
#4544=ORIENTED_EDGE('',*,*,#3441,.F.);
#4545=ORIENTED_EDGE('',*,*,#3443,.F.);
#4546=ORIENTED_EDGE('',*,*,#3444,.T.);
#4547=ORIENTED_EDGE('',*,*,#3445,.F.);
#4548=ORIENTED_EDGE('',*,*,#3444,.F.);
#4549=ORIENTED_EDGE('',*,*,#3446,.F.);
#4550=ORIENTED_EDGE('',*,*,#3447,.T.);
#4551=ORIENTED_EDGE('',*,*,#3448,.F.);
#4552=ORIENTED_EDGE('',*,*,#3447,.F.);
#4553=ORIENTED_EDGE('',*,*,#3449,.F.);
#4554=ORIENTED_EDGE('',*,*,#3450,.T.);
#4555=ORIENTED_EDGE('',*,*,#3451,.F.);
#4556=ORIENTED_EDGE('',*,*,#3450,.F.);
#4557=ORIENTED_EDGE('',*,*,#3452,.F.);
#4558=ORIENTED_EDGE('',*,*,#3453,.T.);
#4559=ORIENTED_EDGE('',*,*,#3454,.F.);
#4560=ORIENTED_EDGE('',*,*,#3453,.F.);
#4561=ORIENTED_EDGE('',*,*,#3455,.F.);
#4562=ORIENTED_EDGE('',*,*,#3456,.T.);
#4563=ORIENTED_EDGE('',*,*,#3457,.F.);
#4564=ORIENTED_EDGE('',*,*,#3456,.F.);
#4565=ORIENTED_EDGE('',*,*,#3458,.F.);
#4566=ORIENTED_EDGE('',*,*,#3459,.T.);
#4567=ORIENTED_EDGE('',*,*,#3460,.F.);
#4568=ORIENTED_EDGE('',*,*,#3459,.F.);
#4569=ORIENTED_EDGE('',*,*,#3461,.F.);
#4570=ORIENTED_EDGE('',*,*,#3462,.T.);
#4571=ORIENTED_EDGE('',*,*,#3463,.F.);
#4572=ORIENTED_EDGE('',*,*,#3462,.F.);
#4573=ORIENTED_EDGE('',*,*,#3464,.F.);
#4574=ORIENTED_EDGE('',*,*,#3465,.T.);
#4575=ORIENTED_EDGE('',*,*,#3466,.F.);
#4576=ORIENTED_EDGE('',*,*,#3465,.F.);
#4577=ORIENTED_EDGE('',*,*,#3467,.F.);
#4578=ORIENTED_EDGE('',*,*,#3468,.T.);
#4579=ORIENTED_EDGE('',*,*,#3469,.F.);
#4580=ORIENTED_EDGE('',*,*,#3468,.F.);
#4581=ORIENTED_EDGE('',*,*,#3470,.F.);
#4582=ORIENTED_EDGE('',*,*,#3471,.T.);
#4583=ORIENTED_EDGE('',*,*,#3472,.F.);
#4584=ORIENTED_EDGE('',*,*,#3471,.F.);
#4585=ORIENTED_EDGE('',*,*,#3473,.F.);
#4586=ORIENTED_EDGE('',*,*,#3474,.T.);
#4587=ORIENTED_EDGE('',*,*,#3475,.F.);
#4588=ORIENTED_EDGE('',*,*,#3474,.F.);
#4589=ORIENTED_EDGE('',*,*,#3476,.F.);
#4590=ORIENTED_EDGE('',*,*,#3477,.T.);
#4591=ORIENTED_EDGE('',*,*,#3478,.F.);
#4592=ORIENTED_EDGE('',*,*,#3477,.F.);
#4593=ORIENTED_EDGE('',*,*,#3479,.F.);
#4594=ORIENTED_EDGE('',*,*,#3480,.T.);
#4595=ORIENTED_EDGE('',*,*,#3481,.F.);
#4596=ORIENTED_EDGE('',*,*,#3480,.F.);
#4597=ORIENTED_EDGE('',*,*,#3482,.F.);
#4598=ORIENTED_EDGE('',*,*,#3483,.T.);
#4599=ORIENTED_EDGE('',*,*,#3484,.F.);
#4600=ORIENTED_EDGE('',*,*,#3483,.F.);
#4601=ORIENTED_EDGE('',*,*,#3485,.F.);
#4602=ORIENTED_EDGE('',*,*,#3486,.T.);
#4603=ORIENTED_EDGE('',*,*,#3487,.F.);
#4604=ORIENTED_EDGE('',*,*,#3486,.F.);
#4605=ORIENTED_EDGE('',*,*,#3488,.F.);
#4606=ORIENTED_EDGE('',*,*,#3489,.T.);
#4607=ORIENTED_EDGE('',*,*,#3490,.F.);
#4608=ORIENTED_EDGE('',*,*,#3489,.F.);
#4609=ORIENTED_EDGE('',*,*,#3491,.F.);
#4610=ORIENTED_EDGE('',*,*,#3492,.T.);
#4611=ORIENTED_EDGE('',*,*,#3493,.F.);
#4612=ORIENTED_EDGE('',*,*,#3492,.F.);
#4613=ORIENTED_EDGE('',*,*,#3494,.F.);
#4614=ORIENTED_EDGE('',*,*,#3495,.T.);
#4615=ORIENTED_EDGE('',*,*,#3496,.F.);
#4616=ORIENTED_EDGE('',*,*,#3495,.F.);
#4617=ORIENTED_EDGE('',*,*,#3497,.F.);
#4618=ORIENTED_EDGE('',*,*,#3498,.T.);
#4619=ORIENTED_EDGE('',*,*,#3499,.F.);
#4620=ORIENTED_EDGE('',*,*,#3498,.F.);
#4621=ORIENTED_EDGE('',*,*,#3500,.F.);
#4622=ORIENTED_EDGE('',*,*,#3501,.T.);
#4623=ORIENTED_EDGE('',*,*,#3502,.F.);
#4624=ORIENTED_EDGE('',*,*,#3501,.F.);
#4625=ORIENTED_EDGE('',*,*,#3503,.F.);
#4626=ORIENTED_EDGE('',*,*,#3504,.T.);
#4627=ORIENTED_EDGE('',*,*,#3505,.F.);
#4628=ORIENTED_EDGE('',*,*,#3504,.F.);
#4629=ORIENTED_EDGE('',*,*,#3506,.F.);
#4630=ORIENTED_EDGE('',*,*,#3507,.T.);
#4631=ORIENTED_EDGE('',*,*,#3508,.F.);
#4632=ORIENTED_EDGE('',*,*,#3507,.F.);
#4633=ORIENTED_EDGE('',*,*,#3509,.F.);
#4634=ORIENTED_EDGE('',*,*,#3510,.T.);
#4635=ORIENTED_EDGE('',*,*,#3511,.F.);
#4636=ORIENTED_EDGE('',*,*,#3510,.F.);
#4637=ORIENTED_EDGE('',*,*,#3512,.F.);
#4638=ORIENTED_EDGE('',*,*,#3513,.T.);
#4639=ORIENTED_EDGE('',*,*,#3514,.F.);
#4640=ORIENTED_EDGE('',*,*,#3513,.F.);
#4641=ORIENTED_EDGE('',*,*,#3515,.F.);
#4642=ORIENTED_EDGE('',*,*,#3516,.T.);
#4643=ORIENTED_EDGE('',*,*,#3517,.F.);
#4644=ORIENTED_EDGE('',*,*,#3516,.F.);
#4645=ORIENTED_EDGE('',*,*,#3518,.F.);
#4646=ORIENTED_EDGE('',*,*,#3519,.T.);
#4647=ORIENTED_EDGE('',*,*,#3520,.F.);
#4648=ORIENTED_EDGE('',*,*,#3519,.F.);
#4649=ORIENTED_EDGE('',*,*,#3521,.F.);
#4650=ORIENTED_EDGE('',*,*,#3522,.T.);
#4651=ORIENTED_EDGE('',*,*,#3523,.F.);
#4652=ORIENTED_EDGE('',*,*,#3522,.F.);
#4653=ORIENTED_EDGE('',*,*,#3524,.F.);
#4654=ORIENTED_EDGE('',*,*,#3525,.T.);
#4655=ORIENTED_EDGE('',*,*,#3526,.F.);
#4656=ORIENTED_EDGE('',*,*,#3525,.F.);
#4657=ORIENTED_EDGE('',*,*,#3527,.F.);
#4658=ORIENTED_EDGE('',*,*,#3528,.T.);
#4659=ORIENTED_EDGE('',*,*,#3529,.F.);
#4660=ORIENTED_EDGE('',*,*,#3528,.F.);
#4661=ORIENTED_EDGE('',*,*,#3530,.F.);
#4662=ORIENTED_EDGE('',*,*,#3531,.T.);
#4663=ORIENTED_EDGE('',*,*,#3532,.F.);
#4664=ORIENTED_EDGE('',*,*,#3531,.F.);
#4665=ORIENTED_EDGE('',*,*,#3533,.F.);
#4666=ORIENTED_EDGE('',*,*,#3534,.T.);
#4667=ORIENTED_EDGE('',*,*,#3535,.F.);
#4668=ORIENTED_EDGE('',*,*,#3534,.F.);
#4669=ORIENTED_EDGE('',*,*,#3536,.F.);
#4670=ORIENTED_EDGE('',*,*,#3537,.T.);
#4671=ORIENTED_EDGE('',*,*,#3538,.F.);
#4672=ORIENTED_EDGE('',*,*,#3537,.F.);
#4673=ORIENTED_EDGE('',*,*,#3539,.F.);
#4674=ORIENTED_EDGE('',*,*,#3540,.T.);
#4675=ORIENTED_EDGE('',*,*,#3541,.F.);
#4676=ORIENTED_EDGE('',*,*,#3540,.F.);
#4677=ORIENTED_EDGE('',*,*,#3542,.F.);
#4678=ORIENTED_EDGE('',*,*,#3543,.T.);
#4679=ORIENTED_EDGE('',*,*,#3544,.F.);
#4680=ORIENTED_EDGE('',*,*,#3545,.F.);
#4681=ORIENTED_EDGE('',*,*,#3546,.F.);
#4682=ORIENTED_EDGE('',*,*,#3545,.T.);
#4683=ORIENTED_EDGE('',*,*,#3547,.F.);
#4684=ORIENTED_EDGE('',*,*,#3548,.F.);
#4685=ORIENTED_EDGE('',*,*,#3549,.F.);
#4686=ORIENTED_EDGE('',*,*,#3548,.T.);
#4687=ORIENTED_EDGE('',*,*,#3550,.F.);
#4688=ORIENTED_EDGE('',*,*,#3551,.F.);
#4689=ORIENTED_EDGE('',*,*,#3552,.F.);
#4690=ORIENTED_EDGE('',*,*,#3551,.T.);
#4691=ORIENTED_EDGE('',*,*,#3553,.F.);
#4692=ORIENTED_EDGE('',*,*,#3543,.F.);
#4693=ORIENTED_EDGE('',*,*,#3554,.F.);
#4694=ORIENTED_EDGE('',*,*,#3555,.T.);
#4695=ORIENTED_EDGE('',*,*,#3556,.F.);
#4696=ORIENTED_EDGE('',*,*,#3555,.F.);
#4697=ORIENTED_EDGE('',*,*,#3557,.F.);
#4698=ORIENTED_EDGE('',*,*,#3558,.T.);
#4699=ORIENTED_EDGE('',*,*,#3559,.F.);
#4700=ORIENTED_EDGE('',*,*,#3558,.F.);
#4701=ORIENTED_EDGE('',*,*,#3560,.F.);
#4702=ORIENTED_EDGE('',*,*,#3561,.T.);
#4703=ORIENTED_EDGE('',*,*,#3562,.F.);
#4704=ORIENTED_EDGE('',*,*,#3561,.F.);
#4705=ORIENTED_EDGE('',*,*,#3563,.T.);
#4706=ORIENTED_EDGE('',*,*,#3564,.T.);
#4707=ORIENTED_EDGE('',*,*,#3565,.F.);
#4708=ORIENTED_EDGE('',*,*,#3566,.F.);
#4709=ORIENTED_EDGE('',*,*,#3567,.T.);
#4710=ORIENTED_EDGE('',*,*,#3566,.T.);
#4711=ORIENTED_EDGE('',*,*,#3568,.F.);
#4712=ORIENTED_EDGE('',*,*,#3569,.F.);
#4713=ORIENTED_EDGE('',*,*,#3570,.T.);
#4714=ORIENTED_EDGE('',*,*,#3569,.T.);
#4715=ORIENTED_EDGE('',*,*,#3571,.F.);
#4716=ORIENTED_EDGE('',*,*,#3572,.F.);
#4717=ORIENTED_EDGE('',*,*,#3573,.F.);
#4718=ORIENTED_EDGE('',*,*,#3572,.T.);
#4719=ORIENTED_EDGE('',*,*,#3574,.F.);
#4720=ORIENTED_EDGE('',*,*,#3575,.F.);
#4721=ORIENTED_EDGE('',*,*,#3576,.T.);
#4722=ORIENTED_EDGE('',*,*,#3575,.T.);
#4723=ORIENTED_EDGE('',*,*,#3577,.F.);
#4724=ORIENTED_EDGE('',*,*,#3578,.F.);
#4725=ORIENTED_EDGE('',*,*,#3579,.T.);
#4726=ORIENTED_EDGE('',*,*,#3578,.T.);
#4727=ORIENTED_EDGE('',*,*,#3580,.F.);
#4728=ORIENTED_EDGE('',*,*,#3581,.F.);
#4729=ORIENTED_EDGE('',*,*,#3582,.T.);
#4730=ORIENTED_EDGE('',*,*,#3581,.T.);
#4731=ORIENTED_EDGE('',*,*,#3583,.F.);
#4732=ORIENTED_EDGE('',*,*,#3584,.F.);
#4733=ORIENTED_EDGE('',*,*,#3585,.T.);
#4734=ORIENTED_EDGE('',*,*,#3584,.T.);
#4735=ORIENTED_EDGE('',*,*,#3586,.F.);
#4736=ORIENTED_EDGE('',*,*,#3587,.F.);
#4737=ORIENTED_EDGE('',*,*,#3588,.T.);
#4738=ORIENTED_EDGE('',*,*,#3587,.T.);
#4739=ORIENTED_EDGE('',*,*,#3589,.F.);
#4740=ORIENTED_EDGE('',*,*,#3590,.F.);
#4741=ORIENTED_EDGE('',*,*,#3591,.T.);
#4742=ORIENTED_EDGE('',*,*,#3590,.T.);
#4743=ORIENTED_EDGE('',*,*,#3592,.F.);
#4744=ORIENTED_EDGE('',*,*,#3593,.F.);
#4745=ORIENTED_EDGE('',*,*,#3594,.T.);
#4746=ORIENTED_EDGE('',*,*,#3593,.T.);
#4747=ORIENTED_EDGE('',*,*,#3595,.F.);
#4748=ORIENTED_EDGE('',*,*,#3596,.F.);
#4749=ORIENTED_EDGE('',*,*,#3597,.T.);
#4750=ORIENTED_EDGE('',*,*,#3596,.T.);
#4751=ORIENTED_EDGE('',*,*,#3598,.F.);
#4752=ORIENTED_EDGE('',*,*,#3599,.F.);
#4753=ORIENTED_EDGE('',*,*,#3600,.F.);
#4754=ORIENTED_EDGE('',*,*,#3599,.T.);
#4755=ORIENTED_EDGE('',*,*,#3601,.F.);
#4756=ORIENTED_EDGE('',*,*,#3602,.F.);
#4757=ORIENTED_EDGE('',*,*,#3603,.T.);
#4758=ORIENTED_EDGE('',*,*,#3602,.T.);
#4759=ORIENTED_EDGE('',*,*,#3604,.F.);
#4760=ORIENTED_EDGE('',*,*,#3605,.F.);
#4761=ORIENTED_EDGE('',*,*,#3606,.T.);
#4762=ORIENTED_EDGE('',*,*,#3605,.T.);
#4763=ORIENTED_EDGE('',*,*,#3607,.F.);
#4764=ORIENTED_EDGE('',*,*,#3608,.F.);
#4765=ORIENTED_EDGE('',*,*,#3609,.F.);
#4766=ORIENTED_EDGE('',*,*,#3608,.T.);
#4767=ORIENTED_EDGE('',*,*,#3610,.F.);
#4768=ORIENTED_EDGE('',*,*,#3564,.F.);
#4769=ORIENTED_EDGE('',*,*,#3609,.T.);
#4770=ORIENTED_EDGE('',*,*,#3563,.F.);
#4771=ORIENTED_EDGE('',*,*,#3567,.F.);
#4772=ORIENTED_EDGE('',*,*,#3570,.F.);
#4773=ORIENTED_EDGE('',*,*,#3573,.T.);
#4774=ORIENTED_EDGE('',*,*,#3576,.F.);
#4775=ORIENTED_EDGE('',*,*,#3579,.F.);
#4776=ORIENTED_EDGE('',*,*,#3582,.F.);
#4777=ORIENTED_EDGE('',*,*,#3585,.F.);
#4778=ORIENTED_EDGE('',*,*,#3588,.F.);
#4779=ORIENTED_EDGE('',*,*,#3591,.F.);
#4780=ORIENTED_EDGE('',*,*,#3594,.F.);
#4781=ORIENTED_EDGE('',*,*,#3597,.F.);
#4782=ORIENTED_EDGE('',*,*,#3600,.T.);
#4783=ORIENTED_EDGE('',*,*,#3603,.F.);
#4784=ORIENTED_EDGE('',*,*,#3606,.F.);
#4785=ORIENTED_EDGE('',*,*,#3433,.T.);
#4786=ORIENTED_EDGE('',*,*,#3436,.T.);
#4787=ORIENTED_EDGE('',*,*,#3439,.T.);
#4788=ORIENTED_EDGE('',*,*,#3442,.T.);
#4789=ORIENTED_EDGE('',*,*,#3445,.T.);
#4790=ORIENTED_EDGE('',*,*,#3448,.T.);
#4791=ORIENTED_EDGE('',*,*,#3451,.T.);
#4792=ORIENTED_EDGE('',*,*,#3454,.T.);
#4793=ORIENTED_EDGE('',*,*,#3457,.T.);
#4794=ORIENTED_EDGE('',*,*,#3460,.T.);
#4795=ORIENTED_EDGE('',*,*,#3463,.T.);
#4796=ORIENTED_EDGE('',*,*,#3466,.T.);
#4797=ORIENTED_EDGE('',*,*,#3469,.T.);
#4798=ORIENTED_EDGE('',*,*,#3472,.T.);
#4799=ORIENTED_EDGE('',*,*,#3475,.T.);
#4800=ORIENTED_EDGE('',*,*,#3478,.T.);
#4801=ORIENTED_EDGE('',*,*,#3481,.T.);
#4802=ORIENTED_EDGE('',*,*,#3484,.T.);
#4803=ORIENTED_EDGE('',*,*,#3487,.T.);
#4804=ORIENTED_EDGE('',*,*,#3490,.T.);
#4805=ORIENTED_EDGE('',*,*,#3493,.T.);
#4806=ORIENTED_EDGE('',*,*,#3496,.T.);
#4807=ORIENTED_EDGE('',*,*,#3499,.T.);
#4808=ORIENTED_EDGE('',*,*,#3502,.T.);
#4809=ORIENTED_EDGE('',*,*,#3505,.T.);
#4810=ORIENTED_EDGE('',*,*,#3508,.T.);
#4811=ORIENTED_EDGE('',*,*,#3511,.T.);
#4812=ORIENTED_EDGE('',*,*,#3514,.T.);
#4813=ORIENTED_EDGE('',*,*,#3562,.T.);
#4814=ORIENTED_EDGE('',*,*,#3559,.T.);
#4815=ORIENTED_EDGE('',*,*,#3556,.T.);
#4816=ORIENTED_EDGE('',*,*,#3552,.T.);
#4817=ORIENTED_EDGE('',*,*,#3542,.T.);
#4818=ORIENTED_EDGE('',*,*,#3546,.T.);
#4819=ORIENTED_EDGE('',*,*,#3549,.T.);
#4820=ORIENTED_EDGE('',*,*,#3541,.T.);
#4821=ORIENTED_EDGE('',*,*,#3538,.T.);
#4822=ORIENTED_EDGE('',*,*,#3535,.T.);
#4823=ORIENTED_EDGE('',*,*,#3532,.T.);
#4824=ORIENTED_EDGE('',*,*,#3529,.T.);
#4825=ORIENTED_EDGE('',*,*,#3526,.T.);
#4826=ORIENTED_EDGE('',*,*,#3523,.T.);
#4827=ORIENTED_EDGE('',*,*,#3520,.T.);
#4828=ORIENTED_EDGE('',*,*,#3517,.T.);
#4829=ORIENTED_EDGE('',*,*,#3610,.T.);
#4830=ORIENTED_EDGE('',*,*,#3607,.T.);
#4831=ORIENTED_EDGE('',*,*,#3604,.T.);
#4832=ORIENTED_EDGE('',*,*,#3601,.T.);
#4833=ORIENTED_EDGE('',*,*,#3598,.T.);
#4834=ORIENTED_EDGE('',*,*,#3595,.T.);
#4835=ORIENTED_EDGE('',*,*,#3592,.T.);
#4836=ORIENTED_EDGE('',*,*,#3589,.T.);
#4837=ORIENTED_EDGE('',*,*,#3586,.T.);
#4838=ORIENTED_EDGE('',*,*,#3583,.T.);
#4839=ORIENTED_EDGE('',*,*,#3580,.T.);
#4840=ORIENTED_EDGE('',*,*,#3577,.T.);
#4841=ORIENTED_EDGE('',*,*,#3574,.T.);
#4842=ORIENTED_EDGE('',*,*,#3571,.T.);
#4843=ORIENTED_EDGE('',*,*,#3568,.T.);
#4844=ORIENTED_EDGE('',*,*,#3565,.T.);
#4845=ORIENTED_EDGE('',*,*,#3431,.T.);
#4846=ORIENTED_EDGE('',*,*,#3434,.T.);
#4847=ORIENTED_EDGE('',*,*,#3437,.T.);
#4848=ORIENTED_EDGE('',*,*,#3440,.T.);
#4849=ORIENTED_EDGE('',*,*,#3443,.T.);
#4850=ORIENTED_EDGE('',*,*,#3446,.T.);
#4851=ORIENTED_EDGE('',*,*,#3449,.T.);
#4852=ORIENTED_EDGE('',*,*,#3452,.T.);
#4853=ORIENTED_EDGE('',*,*,#3455,.T.);
#4854=ORIENTED_EDGE('',*,*,#3458,.T.);
#4855=ORIENTED_EDGE('',*,*,#3461,.T.);
#4856=ORIENTED_EDGE('',*,*,#3464,.T.);
#4857=ORIENTED_EDGE('',*,*,#3467,.T.);
#4858=ORIENTED_EDGE('',*,*,#3470,.T.);
#4859=ORIENTED_EDGE('',*,*,#3473,.T.);
#4860=ORIENTED_EDGE('',*,*,#3476,.T.);
#4861=ORIENTED_EDGE('',*,*,#3479,.T.);
#4862=ORIENTED_EDGE('',*,*,#3482,.T.);
#4863=ORIENTED_EDGE('',*,*,#3485,.T.);
#4864=ORIENTED_EDGE('',*,*,#3488,.T.);
#4865=ORIENTED_EDGE('',*,*,#3491,.T.);
#4866=ORIENTED_EDGE('',*,*,#3494,.T.);
#4867=ORIENTED_EDGE('',*,*,#3497,.T.);
#4868=ORIENTED_EDGE('',*,*,#3500,.T.);
#4869=ORIENTED_EDGE('',*,*,#3503,.T.);
#4870=ORIENTED_EDGE('',*,*,#3506,.T.);
#4871=ORIENTED_EDGE('',*,*,#3509,.T.);
#4872=ORIENTED_EDGE('',*,*,#3512,.T.);
#4873=ORIENTED_EDGE('',*,*,#3560,.T.);
#4874=ORIENTED_EDGE('',*,*,#3557,.T.);
#4875=ORIENTED_EDGE('',*,*,#3554,.T.);
#4876=ORIENTED_EDGE('',*,*,#3553,.T.);
#4877=ORIENTED_EDGE('',*,*,#3550,.T.);
#4878=ORIENTED_EDGE('',*,*,#3547,.T.);
#4879=ORIENTED_EDGE('',*,*,#3544,.T.);
#4880=ORIENTED_EDGE('',*,*,#3539,.T.);
#4881=ORIENTED_EDGE('',*,*,#3536,.T.);
#4882=ORIENTED_EDGE('',*,*,#3533,.T.);
#4883=ORIENTED_EDGE('',*,*,#3530,.T.);
#4884=ORIENTED_EDGE('',*,*,#3527,.T.);
#4885=ORIENTED_EDGE('',*,*,#3524,.T.);
#4886=ORIENTED_EDGE('',*,*,#3521,.T.);
#4887=ORIENTED_EDGE('',*,*,#3518,.T.);
#4888=ORIENTED_EDGE('',*,*,#3515,.T.);
#4889=ORIENTED_EDGE('',*,*,#3611,.F.);
#4890=ORIENTED_EDGE('',*,*,#3612,.T.);
#4891=ORIENTED_EDGE('',*,*,#3613,.F.);
#4892=ORIENTED_EDGE('',*,*,#3612,.F.);
#4893=ORIENTED_EDGE('',*,*,#3614,.F.);
#4894=ORIENTED_EDGE('',*,*,#3615,.T.);
#4895=ORIENTED_EDGE('',*,*,#3616,.F.);
#4896=ORIENTED_EDGE('',*,*,#3615,.F.);
#4897=ORIENTED_EDGE('',*,*,#3617,.F.);
#4898=ORIENTED_EDGE('',*,*,#3618,.T.);
#4899=ORIENTED_EDGE('',*,*,#3619,.F.);
#4900=ORIENTED_EDGE('',*,*,#3618,.F.);
#4901=ORIENTED_EDGE('',*,*,#3620,.F.);
#4902=ORIENTED_EDGE('',*,*,#3621,.T.);
#4903=ORIENTED_EDGE('',*,*,#3622,.F.);
#4904=ORIENTED_EDGE('',*,*,#3621,.F.);
#4905=ORIENTED_EDGE('',*,*,#3623,.F.);
#4906=ORIENTED_EDGE('',*,*,#3624,.T.);
#4907=ORIENTED_EDGE('',*,*,#3625,.F.);
#4908=ORIENTED_EDGE('',*,*,#3624,.F.);
#4909=ORIENTED_EDGE('',*,*,#3626,.T.);
#4910=ORIENTED_EDGE('',*,*,#3627,.T.);
#4911=ORIENTED_EDGE('',*,*,#3628,.T.);
#4912=ORIENTED_EDGE('',*,*,#3629,.T.);
#4913=ORIENTED_EDGE('',*,*,#3630,.T.);
#4914=ORIENTED_EDGE('',*,*,#3631,.T.);
#4915=ORIENTED_EDGE('',*,*,#3632,.F.);
#4916=ORIENTED_EDGE('',*,*,#3633,.T.);
#4917=ORIENTED_EDGE('',*,*,#3631,.F.);
#4918=ORIENTED_EDGE('',*,*,#3633,.F.);
#4919=ORIENTED_EDGE('',*,*,#3634,.F.);
#4920=ORIENTED_EDGE('',*,*,#3635,.T.);
#4921=ORIENTED_EDGE('',*,*,#3630,.F.);
#4922=ORIENTED_EDGE('',*,*,#3635,.F.);
#4923=ORIENTED_EDGE('',*,*,#3636,.F.);
#4924=ORIENTED_EDGE('',*,*,#3637,.F.);
#4925=ORIENTED_EDGE('',*,*,#3638,.F.);
#4926=ORIENTED_EDGE('',*,*,#3627,.F.);
#4927=ORIENTED_EDGE('',*,*,#3611,.T.);
#4928=ORIENTED_EDGE('',*,*,#3614,.T.);
#4929=ORIENTED_EDGE('',*,*,#3617,.T.);
#4930=ORIENTED_EDGE('',*,*,#3620,.T.);
#4931=ORIENTED_EDGE('',*,*,#3623,.T.);
#4932=ORIENTED_EDGE('',*,*,#3638,.T.);
#4933=ORIENTED_EDGE('',*,*,#3639,.F.);
#4934=ORIENTED_EDGE('',*,*,#3640,.F.);
#4935=ORIENTED_EDGE('',*,*,#3628,.F.);
#4936=ORIENTED_EDGE('',*,*,#3640,.T.);
#4937=ORIENTED_EDGE('',*,*,#3641,.F.);
#4938=ORIENTED_EDGE('',*,*,#3642,.F.);
#4939=ORIENTED_EDGE('',*,*,#3629,.F.);
#4940=ORIENTED_EDGE('',*,*,#3613,.T.);
#4941=ORIENTED_EDGE('',*,*,#3616,.T.);
#4942=ORIENTED_EDGE('',*,*,#3619,.T.);
#4943=ORIENTED_EDGE('',*,*,#3622,.T.);
#4944=ORIENTED_EDGE('',*,*,#3625,.T.);
#4945=ORIENTED_EDGE('',*,*,#3642,.T.);
#4946=ORIENTED_EDGE('',*,*,#3643,.F.);
#4947=ORIENTED_EDGE('',*,*,#3636,.T.);
#4948=ORIENTED_EDGE('',*,*,#3626,.F.);
#4949=ORIENTED_EDGE('',*,*,#3643,.T.);
#4950=ORIENTED_EDGE('',*,*,#3641,.T.);
#4951=ORIENTED_EDGE('',*,*,#3639,.T.);
#4952=ORIENTED_EDGE('',*,*,#3637,.T.);
#4953=ORIENTED_EDGE('',*,*,#3634,.T.);
#4954=ORIENTED_EDGE('',*,*,#3632,.T.);
#4955=ORIENTED_EDGE('',*,*,#3644,.F.);
#4956=ORIENTED_EDGE('',*,*,#3645,.T.);
#4957=ORIENTED_EDGE('',*,*,#3646,.F.);
#4958=ORIENTED_EDGE('',*,*,#3645,.F.);
#4959=ORIENTED_EDGE('',*,*,#3647,.F.);
#4960=ORIENTED_EDGE('',*,*,#3648,.T.);
#4961=ORIENTED_EDGE('',*,*,#3649,.F.);
#4962=ORIENTED_EDGE('',*,*,#3648,.F.);
#4963=ORIENTED_EDGE('',*,*,#3650,.F.);
#4964=ORIENTED_EDGE('',*,*,#3651,.T.);
#4965=ORIENTED_EDGE('',*,*,#3652,.F.);
#4966=ORIENTED_EDGE('',*,*,#3651,.F.);
#4967=ORIENTED_EDGE('',*,*,#3653,.F.);
#4968=ORIENTED_EDGE('',*,*,#3654,.T.);
#4969=ORIENTED_EDGE('',*,*,#3655,.F.);
#4970=ORIENTED_EDGE('',*,*,#3654,.F.);
#4971=ORIENTED_EDGE('',*,*,#3656,.F.);
#4972=ORIENTED_EDGE('',*,*,#3657,.T.);
#4973=ORIENTED_EDGE('',*,*,#3658,.F.);
#4974=ORIENTED_EDGE('',*,*,#3657,.F.);
#4975=ORIENTED_EDGE('',*,*,#3659,.T.);
#4976=ORIENTED_EDGE('',*,*,#3660,.T.);
#4977=ORIENTED_EDGE('',*,*,#3661,.T.);
#4978=ORIENTED_EDGE('',*,*,#3662,.T.);
#4979=ORIENTED_EDGE('',*,*,#3663,.T.);
#4980=ORIENTED_EDGE('',*,*,#3664,.T.);
#4981=ORIENTED_EDGE('',*,*,#3665,.F.);
#4982=ORIENTED_EDGE('',*,*,#3666,.T.);
#4983=ORIENTED_EDGE('',*,*,#3664,.F.);
#4984=ORIENTED_EDGE('',*,*,#3666,.F.);
#4985=ORIENTED_EDGE('',*,*,#3667,.F.);
#4986=ORIENTED_EDGE('',*,*,#3668,.T.);
#4987=ORIENTED_EDGE('',*,*,#3663,.F.);
#4988=ORIENTED_EDGE('',*,*,#3668,.F.);
#4989=ORIENTED_EDGE('',*,*,#3669,.F.);
#4990=ORIENTED_EDGE('',*,*,#3670,.F.);
#4991=ORIENTED_EDGE('',*,*,#3671,.F.);
#4992=ORIENTED_EDGE('',*,*,#3660,.F.);
#4993=ORIENTED_EDGE('',*,*,#3671,.T.);
#4994=ORIENTED_EDGE('',*,*,#3672,.F.);
#4995=ORIENTED_EDGE('',*,*,#3673,.F.);
#4996=ORIENTED_EDGE('',*,*,#3661,.F.);
#4997=ORIENTED_EDGE('',*,*,#3644,.T.);
#4998=ORIENTED_EDGE('',*,*,#3647,.T.);
#4999=ORIENTED_EDGE('',*,*,#3650,.T.);
#5000=ORIENTED_EDGE('',*,*,#3653,.T.);
#5001=ORIENTED_EDGE('',*,*,#3656,.T.);
#5002=ORIENTED_EDGE('',*,*,#3673,.T.);
#5003=ORIENTED_EDGE('',*,*,#3674,.F.);
#5004=ORIENTED_EDGE('',*,*,#3675,.F.);
#5005=ORIENTED_EDGE('',*,*,#3662,.F.);
#5006=ORIENTED_EDGE('',*,*,#3675,.T.);
#5007=ORIENTED_EDGE('',*,*,#3676,.F.);
#5008=ORIENTED_EDGE('',*,*,#3669,.T.);
#5009=ORIENTED_EDGE('',*,*,#3659,.F.);
#5010=ORIENTED_EDGE('',*,*,#3646,.T.);
#5011=ORIENTED_EDGE('',*,*,#3649,.T.);
#5012=ORIENTED_EDGE('',*,*,#3652,.T.);
#5013=ORIENTED_EDGE('',*,*,#3655,.T.);
#5014=ORIENTED_EDGE('',*,*,#3658,.T.);
#5015=ORIENTED_EDGE('',*,*,#3676,.T.);
#5016=ORIENTED_EDGE('',*,*,#3674,.T.);
#5017=ORIENTED_EDGE('',*,*,#3672,.T.);
#5018=ORIENTED_EDGE('',*,*,#3670,.T.);
#5019=ORIENTED_EDGE('',*,*,#3667,.T.);
#5020=ORIENTED_EDGE('',*,*,#3665,.T.);
#5021=ORIENTED_EDGE('',*,*,#3677,.F.);
#5022=ORIENTED_EDGE('',*,*,#3678,.T.);
#5023=ORIENTED_EDGE('',*,*,#3679,.F.);
#5024=ORIENTED_EDGE('',*,*,#3678,.F.);
#5025=ORIENTED_EDGE('',*,*,#3680,.F.);
#5026=ORIENTED_EDGE('',*,*,#3681,.T.);
#5027=ORIENTED_EDGE('',*,*,#3682,.F.);
#5028=ORIENTED_EDGE('',*,*,#3681,.F.);
#5029=ORIENTED_EDGE('',*,*,#3683,.F.);
#5030=ORIENTED_EDGE('',*,*,#3684,.T.);
#5031=ORIENTED_EDGE('',*,*,#3685,.F.);
#5032=ORIENTED_EDGE('',*,*,#3684,.F.);
#5033=ORIENTED_EDGE('',*,*,#3686,.F.);
#5034=ORIENTED_EDGE('',*,*,#3687,.T.);
#5035=ORIENTED_EDGE('',*,*,#3688,.F.);
#5036=ORIENTED_EDGE('',*,*,#3687,.F.);
#5037=ORIENTED_EDGE('',*,*,#3689,.F.);
#5038=ORIENTED_EDGE('',*,*,#3690,.T.);
#5039=ORIENTED_EDGE('',*,*,#3691,.F.);
#5040=ORIENTED_EDGE('',*,*,#3690,.F.);
#5041=ORIENTED_EDGE('',*,*,#3692,.T.);
#5042=ORIENTED_EDGE('',*,*,#3693,.T.);
#5043=ORIENTED_EDGE('',*,*,#3694,.T.);
#5044=ORIENTED_EDGE('',*,*,#3695,.T.);
#5045=ORIENTED_EDGE('',*,*,#3696,.T.);
#5046=ORIENTED_EDGE('',*,*,#3697,.T.);
#5047=ORIENTED_EDGE('',*,*,#3698,.F.);
#5048=ORIENTED_EDGE('',*,*,#3699,.T.);
#5049=ORIENTED_EDGE('',*,*,#3697,.F.);
#5050=ORIENTED_EDGE('',*,*,#3699,.F.);
#5051=ORIENTED_EDGE('',*,*,#3700,.F.);
#5052=ORIENTED_EDGE('',*,*,#3701,.T.);
#5053=ORIENTED_EDGE('',*,*,#3696,.F.);
#5054=ORIENTED_EDGE('',*,*,#3701,.F.);
#5055=ORIENTED_EDGE('',*,*,#3702,.F.);
#5056=ORIENTED_EDGE('',*,*,#3703,.F.);
#5057=ORIENTED_EDGE('',*,*,#3704,.F.);
#5058=ORIENTED_EDGE('',*,*,#3693,.F.);
#5059=ORIENTED_EDGE('',*,*,#3704,.T.);
#5060=ORIENTED_EDGE('',*,*,#3705,.F.);
#5061=ORIENTED_EDGE('',*,*,#3706,.F.);
#5062=ORIENTED_EDGE('',*,*,#3694,.F.);
#5063=ORIENTED_EDGE('',*,*,#3677,.T.);
#5064=ORIENTED_EDGE('',*,*,#3680,.T.);
#5065=ORIENTED_EDGE('',*,*,#3683,.T.);
#5066=ORIENTED_EDGE('',*,*,#3686,.T.);
#5067=ORIENTED_EDGE('',*,*,#3689,.T.);
#5068=ORIENTED_EDGE('',*,*,#3706,.T.);
#5069=ORIENTED_EDGE('',*,*,#3707,.F.);
#5070=ORIENTED_EDGE('',*,*,#3708,.F.);
#5071=ORIENTED_EDGE('',*,*,#3695,.F.);
#5072=ORIENTED_EDGE('',*,*,#3708,.T.);
#5073=ORIENTED_EDGE('',*,*,#3709,.F.);
#5074=ORIENTED_EDGE('',*,*,#3702,.T.);
#5075=ORIENTED_EDGE('',*,*,#3692,.F.);
#5076=ORIENTED_EDGE('',*,*,#3679,.T.);
#5077=ORIENTED_EDGE('',*,*,#3682,.T.);
#5078=ORIENTED_EDGE('',*,*,#3685,.T.);
#5079=ORIENTED_EDGE('',*,*,#3688,.T.);
#5080=ORIENTED_EDGE('',*,*,#3691,.T.);
#5081=ORIENTED_EDGE('',*,*,#3709,.T.);
#5082=ORIENTED_EDGE('',*,*,#3707,.T.);
#5083=ORIENTED_EDGE('',*,*,#3705,.T.);
#5084=ORIENTED_EDGE('',*,*,#3703,.T.);
#5085=ORIENTED_EDGE('',*,*,#3700,.T.);
#5086=ORIENTED_EDGE('',*,*,#3698,.T.);
#5087=ORIENTED_EDGE('',*,*,#3710,.F.);
#5088=ORIENTED_EDGE('',*,*,#3711,.T.);
#5089=ORIENTED_EDGE('',*,*,#3712,.F.);
#5090=ORIENTED_EDGE('',*,*,#3711,.F.);
#5091=ORIENTED_EDGE('',*,*,#3713,.F.);
#5092=ORIENTED_EDGE('',*,*,#3714,.T.);
#5093=ORIENTED_EDGE('',*,*,#3715,.F.);
#5094=ORIENTED_EDGE('',*,*,#3714,.F.);
#5095=ORIENTED_EDGE('',*,*,#3716,.F.);
#5096=ORIENTED_EDGE('',*,*,#3717,.T.);
#5097=ORIENTED_EDGE('',*,*,#3718,.F.);
#5098=ORIENTED_EDGE('',*,*,#3717,.F.);
#5099=ORIENTED_EDGE('',*,*,#3719,.F.);
#5100=ORIENTED_EDGE('',*,*,#3720,.T.);
#5101=ORIENTED_EDGE('',*,*,#3721,.F.);
#5102=ORIENTED_EDGE('',*,*,#3720,.F.);
#5103=ORIENTED_EDGE('',*,*,#3722,.F.);
#5104=ORIENTED_EDGE('',*,*,#3723,.T.);
#5105=ORIENTED_EDGE('',*,*,#3724,.F.);
#5106=ORIENTED_EDGE('',*,*,#3723,.F.);
#5107=ORIENTED_EDGE('',*,*,#3725,.T.);
#5108=ORIENTED_EDGE('',*,*,#3726,.T.);
#5109=ORIENTED_EDGE('',*,*,#3727,.T.);
#5110=ORIENTED_EDGE('',*,*,#3728,.T.);
#5111=ORIENTED_EDGE('',*,*,#3729,.T.);
#5112=ORIENTED_EDGE('',*,*,#3730,.T.);
#5113=ORIENTED_EDGE('',*,*,#3731,.F.);
#5114=ORIENTED_EDGE('',*,*,#3732,.T.);
#5115=ORIENTED_EDGE('',*,*,#3730,.F.);
#5116=ORIENTED_EDGE('',*,*,#3732,.F.);
#5117=ORIENTED_EDGE('',*,*,#3733,.F.);
#5118=ORIENTED_EDGE('',*,*,#3734,.T.);
#5119=ORIENTED_EDGE('',*,*,#3729,.F.);
#5120=ORIENTED_EDGE('',*,*,#3734,.F.);
#5121=ORIENTED_EDGE('',*,*,#3735,.F.);
#5122=ORIENTED_EDGE('',*,*,#3736,.F.);
#5123=ORIENTED_EDGE('',*,*,#3737,.F.);
#5124=ORIENTED_EDGE('',*,*,#3726,.F.);
#5125=ORIENTED_EDGE('',*,*,#3710,.T.);
#5126=ORIENTED_EDGE('',*,*,#3713,.T.);
#5127=ORIENTED_EDGE('',*,*,#3716,.T.);
#5128=ORIENTED_EDGE('',*,*,#3719,.T.);
#5129=ORIENTED_EDGE('',*,*,#3722,.T.);
#5130=ORIENTED_EDGE('',*,*,#3737,.T.);
#5131=ORIENTED_EDGE('',*,*,#3738,.F.);
#5132=ORIENTED_EDGE('',*,*,#3739,.F.);
#5133=ORIENTED_EDGE('',*,*,#3727,.F.);
#5134=ORIENTED_EDGE('',*,*,#3739,.T.);
#5135=ORIENTED_EDGE('',*,*,#3740,.F.);
#5136=ORIENTED_EDGE('',*,*,#3741,.F.);
#5137=ORIENTED_EDGE('',*,*,#3728,.F.);
#5138=ORIENTED_EDGE('',*,*,#3712,.T.);
#5139=ORIENTED_EDGE('',*,*,#3715,.T.);
#5140=ORIENTED_EDGE('',*,*,#3718,.T.);
#5141=ORIENTED_EDGE('',*,*,#3721,.T.);
#5142=ORIENTED_EDGE('',*,*,#3724,.T.);
#5143=ORIENTED_EDGE('',*,*,#3741,.T.);
#5144=ORIENTED_EDGE('',*,*,#3742,.F.);
#5145=ORIENTED_EDGE('',*,*,#3735,.T.);
#5146=ORIENTED_EDGE('',*,*,#3725,.F.);
#5147=ORIENTED_EDGE('',*,*,#3742,.T.);
#5148=ORIENTED_EDGE('',*,*,#3740,.T.);
#5149=ORIENTED_EDGE('',*,*,#3738,.T.);
#5150=ORIENTED_EDGE('',*,*,#3736,.T.);
#5151=ORIENTED_EDGE('',*,*,#3733,.T.);
#5152=ORIENTED_EDGE('',*,*,#3731,.T.);
#5153=ORIENTED_EDGE('',*,*,#3743,.F.);
#5154=ORIENTED_EDGE('',*,*,#3744,.T.);
#5155=ORIENTED_EDGE('',*,*,#3745,.F.);
#5156=ORIENTED_EDGE('',*,*,#3744,.F.);
#5157=ORIENTED_EDGE('',*,*,#3746,.F.);
#5158=ORIENTED_EDGE('',*,*,#3747,.T.);
#5159=ORIENTED_EDGE('',*,*,#3748,.F.);
#5160=ORIENTED_EDGE('',*,*,#3747,.F.);
#5161=ORIENTED_EDGE('',*,*,#3749,.F.);
#5162=ORIENTED_EDGE('',*,*,#3750,.T.);
#5163=ORIENTED_EDGE('',*,*,#3751,.F.);
#5164=ORIENTED_EDGE('',*,*,#3750,.F.);
#5165=ORIENTED_EDGE('',*,*,#3752,.F.);
#5166=ORIENTED_EDGE('',*,*,#3753,.T.);
#5167=ORIENTED_EDGE('',*,*,#3754,.F.);
#5168=ORIENTED_EDGE('',*,*,#3753,.F.);
#5169=ORIENTED_EDGE('',*,*,#3755,.F.);
#5170=ORIENTED_EDGE('',*,*,#3756,.T.);
#5171=ORIENTED_EDGE('',*,*,#3757,.F.);
#5172=ORIENTED_EDGE('',*,*,#3756,.F.);
#5173=ORIENTED_EDGE('',*,*,#3758,.T.);
#5174=ORIENTED_EDGE('',*,*,#3759,.T.);
#5175=ORIENTED_EDGE('',*,*,#3760,.T.);
#5176=ORIENTED_EDGE('',*,*,#3761,.T.);
#5177=ORIENTED_EDGE('',*,*,#3762,.T.);
#5178=ORIENTED_EDGE('',*,*,#3763,.T.);
#5179=ORIENTED_EDGE('',*,*,#3764,.F.);
#5180=ORIENTED_EDGE('',*,*,#3765,.T.);
#5181=ORIENTED_EDGE('',*,*,#3763,.F.);
#5182=ORIENTED_EDGE('',*,*,#3765,.F.);
#5183=ORIENTED_EDGE('',*,*,#3766,.F.);
#5184=ORIENTED_EDGE('',*,*,#3767,.T.);
#5185=ORIENTED_EDGE('',*,*,#3762,.F.);
#5186=ORIENTED_EDGE('',*,*,#3767,.F.);
#5187=ORIENTED_EDGE('',*,*,#3768,.F.);
#5188=ORIENTED_EDGE('',*,*,#3769,.F.);
#5189=ORIENTED_EDGE('',*,*,#3770,.F.);
#5190=ORIENTED_EDGE('',*,*,#3759,.F.);
#5191=ORIENTED_EDGE('',*,*,#3745,.T.);
#5192=ORIENTED_EDGE('',*,*,#3748,.T.);
#5193=ORIENTED_EDGE('',*,*,#3751,.T.);
#5194=ORIENTED_EDGE('',*,*,#3754,.T.);
#5195=ORIENTED_EDGE('',*,*,#3757,.T.);
#5196=ORIENTED_EDGE('',*,*,#3770,.T.);
#5197=ORIENTED_EDGE('',*,*,#3771,.F.);
#5198=ORIENTED_EDGE('',*,*,#3772,.F.);
#5199=ORIENTED_EDGE('',*,*,#3760,.F.);
#5200=ORIENTED_EDGE('',*,*,#3772,.T.);
#5201=ORIENTED_EDGE('',*,*,#3773,.F.);
#5202=ORIENTED_EDGE('',*,*,#3774,.F.);
#5203=ORIENTED_EDGE('',*,*,#3761,.F.);
#5204=ORIENTED_EDGE('',*,*,#3743,.T.);
#5205=ORIENTED_EDGE('',*,*,#3746,.T.);
#5206=ORIENTED_EDGE('',*,*,#3749,.T.);
#5207=ORIENTED_EDGE('',*,*,#3752,.T.);
#5208=ORIENTED_EDGE('',*,*,#3755,.T.);
#5209=ORIENTED_EDGE('',*,*,#3774,.T.);
#5210=ORIENTED_EDGE('',*,*,#3775,.F.);
#5211=ORIENTED_EDGE('',*,*,#3768,.T.);
#5212=ORIENTED_EDGE('',*,*,#3758,.F.);
#5213=ORIENTED_EDGE('',*,*,#3775,.T.);
#5214=ORIENTED_EDGE('',*,*,#3773,.T.);
#5215=ORIENTED_EDGE('',*,*,#3771,.T.);
#5216=ORIENTED_EDGE('',*,*,#3769,.T.);
#5217=ORIENTED_EDGE('',*,*,#3766,.T.);
#5218=ORIENTED_EDGE('',*,*,#3764,.T.);
#5219=ORIENTED_EDGE('',*,*,#3776,.F.);
#5220=ORIENTED_EDGE('',*,*,#3777,.T.);
#5221=ORIENTED_EDGE('',*,*,#3778,.F.);
#5222=ORIENTED_EDGE('',*,*,#3777,.F.);
#5223=ORIENTED_EDGE('',*,*,#3779,.F.);
#5224=ORIENTED_EDGE('',*,*,#3780,.T.);
#5225=ORIENTED_EDGE('',*,*,#3781,.F.);
#5226=ORIENTED_EDGE('',*,*,#3780,.F.);
#5227=ORIENTED_EDGE('',*,*,#3782,.F.);
#5228=ORIENTED_EDGE('',*,*,#3783,.T.);
#5229=ORIENTED_EDGE('',*,*,#3784,.F.);
#5230=ORIENTED_EDGE('',*,*,#3783,.F.);
#5231=ORIENTED_EDGE('',*,*,#3785,.F.);
#5232=ORIENTED_EDGE('',*,*,#3786,.T.);
#5233=ORIENTED_EDGE('',*,*,#3787,.F.);
#5234=ORIENTED_EDGE('',*,*,#3786,.F.);
#5235=ORIENTED_EDGE('',*,*,#3788,.F.);
#5236=ORIENTED_EDGE('',*,*,#3789,.T.);
#5237=ORIENTED_EDGE('',*,*,#3790,.F.);
#5238=ORIENTED_EDGE('',*,*,#3789,.F.);
#5239=ORIENTED_EDGE('',*,*,#3791,.T.);
#5240=ORIENTED_EDGE('',*,*,#3792,.T.);
#5241=ORIENTED_EDGE('',*,*,#3793,.T.);
#5242=ORIENTED_EDGE('',*,*,#3794,.T.);
#5243=ORIENTED_EDGE('',*,*,#3795,.T.);
#5244=ORIENTED_EDGE('',*,*,#3796,.T.);
#5245=ORIENTED_EDGE('',*,*,#3797,.F.);
#5246=ORIENTED_EDGE('',*,*,#3798,.T.);
#5247=ORIENTED_EDGE('',*,*,#3796,.F.);
#5248=ORIENTED_EDGE('',*,*,#3798,.F.);
#5249=ORIENTED_EDGE('',*,*,#3799,.F.);
#5250=ORIENTED_EDGE('',*,*,#3800,.T.);
#5251=ORIENTED_EDGE('',*,*,#3795,.F.);
#5252=ORIENTED_EDGE('',*,*,#3800,.F.);
#5253=ORIENTED_EDGE('',*,*,#3801,.F.);
#5254=ORIENTED_EDGE('',*,*,#3802,.F.);
#5255=ORIENTED_EDGE('',*,*,#3803,.F.);
#5256=ORIENTED_EDGE('',*,*,#3792,.F.);
#5257=ORIENTED_EDGE('',*,*,#3803,.T.);
#5258=ORIENTED_EDGE('',*,*,#3804,.F.);
#5259=ORIENTED_EDGE('',*,*,#3805,.F.);
#5260=ORIENTED_EDGE('',*,*,#3793,.F.);
#5261=ORIENTED_EDGE('',*,*,#3776,.T.);
#5262=ORIENTED_EDGE('',*,*,#3779,.T.);
#5263=ORIENTED_EDGE('',*,*,#3782,.T.);
#5264=ORIENTED_EDGE('',*,*,#3785,.T.);
#5265=ORIENTED_EDGE('',*,*,#3788,.T.);
#5266=ORIENTED_EDGE('',*,*,#3805,.T.);
#5267=ORIENTED_EDGE('',*,*,#3806,.F.);
#5268=ORIENTED_EDGE('',*,*,#3807,.F.);
#5269=ORIENTED_EDGE('',*,*,#3794,.F.);
#5270=ORIENTED_EDGE('',*,*,#3807,.T.);
#5271=ORIENTED_EDGE('',*,*,#3808,.F.);
#5272=ORIENTED_EDGE('',*,*,#3801,.T.);
#5273=ORIENTED_EDGE('',*,*,#3791,.F.);
#5274=ORIENTED_EDGE('',*,*,#3778,.T.);
#5275=ORIENTED_EDGE('',*,*,#3781,.T.);
#5276=ORIENTED_EDGE('',*,*,#3784,.T.);
#5277=ORIENTED_EDGE('',*,*,#3787,.T.);
#5278=ORIENTED_EDGE('',*,*,#3790,.T.);
#5279=ORIENTED_EDGE('',*,*,#3808,.T.);
#5280=ORIENTED_EDGE('',*,*,#3806,.T.);
#5281=ORIENTED_EDGE('',*,*,#3804,.T.);
#5282=ORIENTED_EDGE('',*,*,#3802,.T.);
#5283=ORIENTED_EDGE('',*,*,#3799,.T.);
#5284=ORIENTED_EDGE('',*,*,#3797,.T.);
#5285=SPHERICAL_SURFACE('',#5584,2.);
#5286=SPHERICAL_SURFACE('',#5588,2.);
#5287=SPHERICAL_SURFACE('',#5592,2.);
#5288=SPHERICAL_SURFACE('',#5596,2.);
#5289=SPHERICAL_SURFACE('',#5601,2.);
#5290=SPHERICAL_SURFACE('',#5606,2.);
#5291=SPHERICAL_SURFACE('',#5610,2.);
#5292=SPHERICAL_SURFACE('',#5616,2.);
#5293=ADVANCED_FACE('',(#1455),#5285,.T.);
#5294=ADVANCED_FACE('',(#1456),#5286,.T.);
#5295=ADVANCED_FACE('',(#1457),#5287,.T.);
#5296=ADVANCED_FACE('',(#1458),#5288,.T.);
#5297=ADVANCED_FACE('',(#1459),#1317,.T.);
#5298=ADVANCED_FACE('',(#1460),#5289,.T.);
#5299=ADVANCED_FACE('',(#1461),#1318,.T.);
#5300=ADVANCED_FACE('',(#1462),#5290,.T.);
#5301=ADVANCED_FACE('',(#1463),#5291,.T.);
#5302=ADVANCED_FACE('',(#1464),#1319,.T.);
#5303=ADVANCED_FACE('',(#1465),#1320,.T.);
#5304=ADVANCED_FACE('',(#1466),#5292,.T.);
#5305=ADVANCED_FACE('',(#1467),#1321,.T.);
#5306=ADVANCED_FACE('',(#1468),#1322,.T.);
#5307=ADVANCED_FACE('',(#1469),#1323,.T.);
#5308=ADVANCED_FACE('',(#1470),#1324,.T.);
#5309=ADVANCED_FACE('',(#1471),#1325,.T.);
#5310=ADVANCED_FACE('',(#1472),#1326,.T.);
#5311=ADVANCED_FACE('',(#1473),#1327,.T.);
#5312=ADVANCED_FACE('',(#1474),#1328,.T.);
#5313=ADVANCED_FACE('',(#1475),#315,.T.);
#5314=ADVANCED_FACE('',(#1476),#316,.T.);
#5315=ADVANCED_FACE('',(#1477),#317,.T.);
#5316=ADVANCED_FACE('',(#1478),#318,.T.);
#5317=ADVANCED_FACE('',(#1479),#319,.T.);
#5318=ADVANCED_FACE('',(#1480),#320,.T.);
#5319=ADVANCED_FACE('',(#1481),#1329,.T.);
#5320=ADVANCED_FACE('',(#1482),#321,.F.);
#5321=ADVANCED_FACE('',(#1483),#1330,.T.);
#5322=ADVANCED_FACE('',(#1484),#322,.F.);
#5323=ADVANCED_FACE('',(#1485),#1331,.T.);
#5324=ADVANCED_FACE('',(#1486),#323,.F.);
#5325=ADVANCED_FACE('',(#1487),#1332,.T.);
#5326=ADVANCED_FACE('',(#1488),#324,.F.);
#5327=ADVANCED_FACE('',(#1489),#1333,.F.);
#5328=ADVANCED_FACE('',(#1490),#1334,.F.);
#5329=ADVANCED_FACE('',(#1491),#1335,.F.);
#5330=ADVANCED_FACE('',(#1492),#1336,.F.);
#5331=ADVANCED_FACE('',(#1493),#325,.F.);
#5332=ADVANCED_FACE('',(#1494),#326,.F.);
#5333=ADVANCED_FACE('',(#1495),#327,.F.);
#5334=ADVANCED_FACE('',(#1496),#1337,.F.);
#5335=ADVANCED_FACE('',(#1497),#1338,.F.);
#5336=ADVANCED_FACE('',(#1498),#1339,.F.);
#5337=ADVANCED_FACE('',(#1499),#328,.F.);
#5338=ADVANCED_FACE('',(#1500),#329,.F.);
#5339=ADVANCED_FACE('',(#1501),#330,.F.);
#5340=ADVANCED_FACE('',(#1502),#331,.F.);
#5341=ADVANCED_FACE('',(#1503),#332,.F.);
#5342=ADVANCED_FACE('',(#1504),#333,.F.);
#5343=ADVANCED_FACE('',(#1505),#334,.F.);
#5344=ADVANCED_FACE('',(#1506),#1340,.F.);
#5345=ADVANCED_FACE('',(#1507),#1341,.F.);
#5346=ADVANCED_FACE('',(#1508),#1342,.F.);
#5347=ADVANCED_FACE('',(#1509),#1343,.F.);
#5348=ADVANCED_FACE('',(#1510),#1344,.F.);
#5349=ADVANCED_FACE('',(#1511),#1345,.F.);
#5350=ADVANCED_FACE('',(#1512),#1346,.F.);
#5351=ADVANCED_FACE('',(#1513),#1347,.F.);
#5352=ADVANCED_FACE('',(#1514),#335,.F.);
#5353=ADVANCED_FACE('',(#1515),#336,.F.);
#5354=ADVANCED_FACE('',(#1516),#337,.F.);
#5355=ADVANCED_FACE('',(#1517),#338,.F.);
#5356=ADVANCED_FACE('',(#1518),#339,.F.);
#5357=ADVANCED_FACE('',(#1519),#340,.F.);
#5358=ADVANCED_FACE('',(#1520),#341,.F.);
#5359=ADVANCED_FACE('',(#1521),#1348,.F.);
#5360=ADVANCED_FACE('',(#1522),#1349,.F.);
#5361=ADVANCED_FACE('',(#1523),#342,.F.);
#5362=ADVANCED_FACE('',(#1524),#343,.F.);
#5363=ADVANCED_FACE('',(#1525),#344,.F.);
#5364=ADVANCED_FACE('',(#1526),#345,.F.);
#5365=ADVANCED_FACE('',(#1527),#346,.F.);
#5366=ADVANCED_FACE('',(#1528),#347,.F.);
#5367=ADVANCED_FACE('',(#1529),#348,.F.);
#5368=ADVANCED_FACE('',(#1530),#1350,.F.);
#5369=ADVANCED_FACE('',(#1531),#1351,.F.);
#5370=ADVANCED_FACE('',(#1532),#349,.F.);
#5371=ADVANCED_FACE('',(#1533),#350,.F.);
#5372=ADVANCED_FACE('',(#1534),#351,.F.);
#5373=ADVANCED_FACE('',(#1535),#352,.F.);
#5374=ADVANCED_FACE('',(#1536),#1352,.F.);
#5375=ADVANCED_FACE('',(#1537),#353,.F.);
#5376=ADVANCED_FACE('',(#1538),#354,.F.);
#5377=ADVANCED_FACE('',(#1539),#355,.F.);
#5378=ADVANCED_FACE('',(#1540),#356,.F.);
#5379=ADVANCED_FACE('',(#1541),#289,.F.);
#5380=ADVANCED_FACE('',(#1542,#17,#18,#19,#20,#21,#22,#23,#24,#25,#26,#27,
#28,#29,#30,#31,#32,#33,#34,#35,#36,#37,#38,#39,#40,#41,#42,#43,#44,#45,
#46,#47,#48,#49,#50,#51,#52,#53,#54,#55,#56,#57,#58,#59,#60,#61,#62,#63,
#64,#65),#357,.T.);
#5381=ADVANCED_FACE('',(#1543),#290,.F.);
#5382=ADVANCED_FACE('',(#1544),#291,.F.);
#5383=ADVANCED_FACE('',(#1545),#292,.F.);
#5384=ADVANCED_FACE('',(#1546),#293,.F.);
#5385=ADVANCED_FACE('',(#1547),#294,.F.);
#5386=ADVANCED_FACE('',(#1548),#295,.F.);
#5387=ADVANCED_FACE('',(#1549),#296,.F.);
#5388=ADVANCED_FACE('',(#1550),#1353,.F.);
#5389=ADVANCED_FACE('',(#1551,#66),#358,.T.);
#5390=ADVANCED_FACE('',(#1552),#1354,.F.);
#5391=ADVANCED_FACE('',(#1553,#67),#359,.T.);
#5392=ADVANCED_FACE('',(#1554),#1355,.F.);
#5393=ADVANCED_FACE('',(#1555,#68),#360,.T.);
#5394=ADVANCED_FACE('',(#1556),#1356,.F.);
#5395=ADVANCED_FACE('',(#1557,#69),#361,.T.);
#5396=ADVANCED_FACE('',(#1558),#1357,.F.);
#5397=ADVANCED_FACE('',(#1559,#70),#362,.T.);
#5398=ADVANCED_FACE('',(#1560),#1358,.F.);
#5399=ADVANCED_FACE('',(#1561,#71),#363,.T.);
#5400=ADVANCED_FACE('',(#1562),#1359,.F.);
#5401=ADVANCED_FACE('',(#1563,#72),#364,.T.);
#5402=ADVANCED_FACE('',(#1564),#1360,.F.);
#5403=ADVANCED_FACE('',(#1565,#73),#365,.T.);
#5404=ADVANCED_FACE('',(#1566),#1361,.F.);
#5405=ADVANCED_FACE('',(#1567),#1362,.F.);
#5406=ADVANCED_FACE('',(#1568),#1363,.F.);
#5407=ADVANCED_FACE('',(#1569),#1364,.F.);
#5408=ADVANCED_FACE('',(#1570),#1365,.F.);
#5409=ADVANCED_FACE('',(#1571),#1366,.F.);
#5410=ADVANCED_FACE('',(#1572),#1367,.F.);
#5411=ADVANCED_FACE('',(#1573),#1368,.F.);
#5412=ADVANCED_FACE('',(#1574),#1369,.F.);
#5413=ADVANCED_FACE('',(#1575),#1370,.F.);
#5414=ADVANCED_FACE('',(#1576),#1371,.F.);
#5415=ADVANCED_FACE('',(#1577),#1372,.F.);
#5416=ADVANCED_FACE('',(#1578),#366,.T.);
#5417=ADVANCED_FACE('',(#1579),#367,.T.);
#5418=ADVANCED_FACE('',(#1580),#368,.T.);
#5419=ADVANCED_FACE('',(#1581),#369,.T.);
#5420=ADVANCED_FACE('',(#1582),#370,.T.);
#5421=ADVANCED_FACE('',(#1583),#371,.T.);
#5422=ADVANCED_FACE('',(#1584),#372,.T.);
#5423=ADVANCED_FACE('',(#1585),#373,.T.);
#5424=ADVANCED_FACE('',(#1586),#374,.T.);
#5425=ADVANCED_FACE('',(#1587),#375,.T.);
#5426=ADVANCED_FACE('',(#1588),#376,.T.);
#5427=ADVANCED_FACE('',(#1589),#377,.T.);
#5428=ADVANCED_FACE('',(#1590),#378,.T.);
#5429=ADVANCED_FACE('',(#1591),#379,.T.);
#5430=ADVANCED_FACE('',(#1592),#380,.T.);
#5431=ADVANCED_FACE('',(#1593),#381,.T.);
#5432=ADVANCED_FACE('',(#1594,#74,#75,#76,#77,#78,#79,#80,#81,#82,#83,#84,
#85,#86,#87,#88,#89,#90,#91,#92,#93,#94,#95,#96,#97,#98,#99,#100,#101,#102,
#103,#104,#105,#106,#107,#108,#109,#110,#111,#112,#113,#114,#115,#116,#117,
#118,#119,#120,#121,#122),#382,.F.);
#5433=ADVANCED_FACE('',(#1595),#1373,.F.);
#5434=ADVANCED_FACE('',(#1596),#1374,.F.);
#5435=ADVANCED_FACE('',(#1597),#1375,.F.);
#5436=ADVANCED_FACE('',(#1598),#1376,.F.);
#5437=ADVANCED_FACE('',(#1599),#1377,.F.);
#5438=ADVANCED_FACE('',(#1600),#1378,.F.);
#5439=ADVANCED_FACE('',(#1601),#1379,.F.);
#5440=ADVANCED_FACE('',(#1602),#1380,.F.);
#5441=ADVANCED_FACE('',(#1603),#1381,.F.);
#5442=ADVANCED_FACE('',(#1604),#1382,.F.);
#5443=ADVANCED_FACE('',(#1605),#1383,.F.);
#5444=ADVANCED_FACE('',(#1606),#1384,.F.);
#5445=ADVANCED_FACE('',(#1607),#1385,.F.);
#5446=ADVANCED_FACE('',(#1608),#1386,.F.);
#5447=ADVANCED_FACE('',(#1609),#1387,.F.);
#5448=ADVANCED_FACE('',(#1610),#1388,.F.);
#5449=ADVANCED_FACE('',(#1611),#1389,.F.);
#5450=ADVANCED_FACE('',(#1612),#1390,.F.);
#5451=ADVANCED_FACE('',(#1613),#1391,.F.);
#5452=ADVANCED_FACE('',(#1614),#1392,.F.);
#5453=ADVANCED_FACE('',(#1615),#1393,.F.);
#5454=ADVANCED_FACE('',(#1616),#1394,.F.);
#5455=ADVANCED_FACE('',(#1617),#1395,.F.);
#5456=ADVANCED_FACE('',(#1618),#1396,.F.);
#5457=ADVANCED_FACE('',(#1619),#1397,.F.);
#5458=ADVANCED_FACE('',(#1620),#1398,.F.);
#5459=ADVANCED_FACE('',(#1621),#1399,.F.);
#5460=ADVANCED_FACE('',(#1622),#1400,.F.);
#5461=ADVANCED_FACE('',(#1623),#1401,.F.);
#5462=ADVANCED_FACE('',(#1624),#1402,.F.);
#5463=ADVANCED_FACE('',(#1625),#1403,.F.);
#5464=ADVANCED_FACE('',(#1626),#1404,.F.);
#5465=ADVANCED_FACE('',(#1627),#1405,.F.);
#5466=ADVANCED_FACE('',(#1628),#1406,.F.);
#5467=ADVANCED_FACE('',(#1629),#1407,.F.);
#5468=ADVANCED_FACE('',(#1630),#1408,.F.);
#5469=ADVANCED_FACE('',(#1631),#1409,.F.);
#5470=ADVANCED_FACE('',(#1632),#383,.T.);
#5471=ADVANCED_FACE('',(#1633),#384,.T.);
#5472=ADVANCED_FACE('',(#1634),#385,.T.);
#5473=ADVANCED_FACE('',(#1635),#386,.T.);
#5474=ADVANCED_FACE('',(#1636),#1410,.F.);
#5475=ADVANCED_FACE('',(#1637),#1411,.F.);
#5476=ADVANCED_FACE('',(#1638),#1412,.F.);
#5477=ADVANCED_FACE('',(#1639),#387,.T.);
#5478=ADVANCED_FACE('',(#1640),#388,.T.);
#5479=ADVANCED_FACE('',(#1641),#389,.T.);
#5480=ADVANCED_FACE('',(#1642),#390,.T.);
#5481=ADVANCED_FACE('',(#1643),#391,.T.);
#5482=ADVANCED_FACE('',(#1644),#392,.T.);
#5483=ADVANCED_FACE('',(#1645),#393,.T.);
#5484=ADVANCED_FACE('',(#1646),#394,.T.);
#5485=ADVANCED_FACE('',(#1647),#395,.T.);
#5486=ADVANCED_FACE('',(#1648),#396,.T.);
#5487=ADVANCED_FACE('',(#1649),#397,.T.);
#5488=ADVANCED_FACE('',(#1650),#398,.T.);
#5489=ADVANCED_FACE('',(#1651),#399,.T.);
#5490=ADVANCED_FACE('',(#1652),#400,.T.);
#5491=ADVANCED_FACE('',(#1653),#401,.T.);
#5492=ADVANCED_FACE('',(#1654),#402,.T.);
#5493=ADVANCED_FACE('',(#1655,#123,#124,#125,#126,#127,#128,#129,#130,#131,
#132,#133,#134,#135,#136,#137,#138,#139,#140,#141,#142,#143,#144,#145,#146,
#147,#148,#149,#150,#151,#152,#153,#154,#155,#156,#157,#158,#159,#160,#161,
#162,#163),#403,.T.);
#5494=ADVANCED_FACE('',(#1656,#164,#165,#166,#167,#168,#169,#170,#171,#172,
#173,#174,#175,#176,#177,#178,#179,#180,#181,#182,#183,#184,#185,#186,#187,
#188,#189,#190,#191,#192,#193,#194,#195,#196,#197,#198,#199,#200,#201,#202,
#203,#204),#404,.F.);
#5495=ADVANCED_FACE('',(#1657),#1413,.F.);
#5496=ADVANCED_FACE('',(#1658),#1414,.F.);
#5497=ADVANCED_FACE('',(#1659),#1415,.F.);
#5498=ADVANCED_FACE('',(#1660),#1416,.F.);
#5499=ADVANCED_FACE('',(#1661),#1417,.F.);
#5500=ADVANCED_FACE('',(#1662,#205,#206),#405,.F.);
#5501=ADVANCED_FACE('',(#1663),#1418,.F.);
#5502=ADVANCED_FACE('',(#1664),#1419,.F.);
#5503=ADVANCED_FACE('',(#1665,#207,#208,#209,#210,#211),#406,.T.);
#5504=ADVANCED_FACE('',(#1666),#407,.T.);
#5505=ADVANCED_FACE('',(#1667,#212,#213,#214,#215,#216),#408,.T.);
#5506=ADVANCED_FACE('',(#1668),#409,.T.);
#5507=ADVANCED_FACE('',(#1669,#217,#218),#410,.T.);
#5508=ADVANCED_FACE('',(#1670),#1420,.F.);
#5509=ADVANCED_FACE('',(#1671),#1421,.F.);
#5510=ADVANCED_FACE('',(#1672),#1422,.F.);
#5511=ADVANCED_FACE('',(#1673),#1423,.F.);
#5512=ADVANCED_FACE('',(#1674),#1424,.F.);
#5513=ADVANCED_FACE('',(#1675,#219,#220),#411,.F.);
#5514=ADVANCED_FACE('',(#1676),#1425,.F.);
#5515=ADVANCED_FACE('',(#1677),#1426,.F.);
#5516=ADVANCED_FACE('',(#1678),#412,.T.);
#5517=ADVANCED_FACE('',(#1679,#221,#222,#223,#224,#225),#413,.T.);
#5518=ADVANCED_FACE('',(#1680),#414,.T.);
#5519=ADVANCED_FACE('',(#1681,#226,#227,#228,#229,#230),#415,.T.);
#5520=ADVANCED_FACE('',(#1682,#231,#232),#416,.T.);
#5521=ADVANCED_FACE('',(#1683),#1427,.F.);
#5522=ADVANCED_FACE('',(#1684),#1428,.F.);
#5523=ADVANCED_FACE('',(#1685),#1429,.F.);
#5524=ADVANCED_FACE('',(#1686),#1430,.F.);
#5525=ADVANCED_FACE('',(#1687),#1431,.F.);
#5526=ADVANCED_FACE('',(#1688,#233,#234),#417,.F.);
#5527=ADVANCED_FACE('',(#1689),#1432,.F.);
#5528=ADVANCED_FACE('',(#1690),#1433,.F.);
#5529=ADVANCED_FACE('',(#1691),#418,.T.);
#5530=ADVANCED_FACE('',(#1692,#235,#236,#237,#238,#239),#419,.T.);
#5531=ADVANCED_FACE('',(#1693),#420,.T.);
#5532=ADVANCED_FACE('',(#1694,#240,#241,#242,#243,#244),#421,.T.);
#5533=ADVANCED_FACE('',(#1695,#245,#246),#422,.T.);
#5534=ADVANCED_FACE('',(#1696),#1434,.F.);
#5535=ADVANCED_FACE('',(#1697),#1435,.F.);
#5536=ADVANCED_FACE('',(#1698),#1436,.F.);
#5537=ADVANCED_FACE('',(#1699),#1437,.F.);
#5538=ADVANCED_FACE('',(#1700),#1438,.F.);
#5539=ADVANCED_FACE('',(#1701,#247,#248),#423,.F.);
#5540=ADVANCED_FACE('',(#1702),#1439,.F.);
#5541=ADVANCED_FACE('',(#1703),#1440,.F.);
#5542=ADVANCED_FACE('',(#1704,#249,#250,#251,#252,#253),#424,.T.);
#5543=ADVANCED_FACE('',(#1705),#425,.T.);
#5544=ADVANCED_FACE('',(#1706,#254,#255,#256,#257,#258),#426,.T.);
#5545=ADVANCED_FACE('',(#1707),#427,.T.);
#5546=ADVANCED_FACE('',(#1708,#259,#260),#428,.T.);
#5547=ADVANCED_FACE('',(#1709),#1441,.F.);
#5548=ADVANCED_FACE('',(#1710),#1442,.F.);
#5549=ADVANCED_FACE('',(#1711),#1443,.F.);
#5550=ADVANCED_FACE('',(#1712),#1444,.F.);
#5551=ADVANCED_FACE('',(#1713),#1445,.F.);
#5552=ADVANCED_FACE('',(#1714,#261,#262),#429,.F.);
#5553=ADVANCED_FACE('',(#1715),#1446,.F.);
#5554=ADVANCED_FACE('',(#1716),#1447,.F.);
#5555=ADVANCED_FACE('',(#1717,#263,#264,#265,#266,#267),#430,.T.);
#5556=ADVANCED_FACE('',(#1718),#431,.T.);
#5557=ADVANCED_FACE('',(#1719,#268,#269,#270,#271,#272),#432,.T.);
#5558=ADVANCED_FACE('',(#1720),#433,.T.);
#5559=ADVANCED_FACE('',(#1721,#273,#274),#434,.T.);
#5560=ADVANCED_FACE('',(#1722),#1448,.F.);
#5561=ADVANCED_FACE('',(#1723),#1449,.F.);
#5562=ADVANCED_FACE('',(#1724),#1450,.F.);
#5563=ADVANCED_FACE('',(#1725),#1451,.F.);
#5564=ADVANCED_FACE('',(#1726),#1452,.F.);
#5565=ADVANCED_FACE('',(#1727,#275,#276),#435,.F.);
#5566=ADVANCED_FACE('',(#1728),#1453,.F.);
#5567=ADVANCED_FACE('',(#1729),#1454,.F.);
#5568=ADVANCED_FACE('',(#1730),#436,.T.);
#5569=ADVANCED_FACE('',(#1731,#277,#278,#279,#280,#281),#437,.T.);
#5570=ADVANCED_FACE('',(#1732),#438,.T.);
#5571=ADVANCED_FACE('',(#1733,#282,#283,#284,#285,#286),#439,.T.);
#5572=ADVANCED_FACE('',(#1734,#287,#288),#440,.T.);
#5573=CLOSED_SHELL('',(#5293,#5294,#5295,#5296,#5297,#5298,#5299,#5300,
#5301,#5302,#5303,#5304,#5305,#5306,#5307,#5308,#5309,#5310,#5311,#5312,
#5313,#5314,#5315,#5316,#5317,#5318));
#5574=CLOSED_SHELL('',(#5319,#5320,#5321,#5322,#5323,#5324,#5325,#5326,
#5327,#5328,#5329,#5330,#5331,#5332,#5333,#5334,#5335,#5336,#5337,#5338,
#5339,#5340,#5341,#5342,#5343,#5344,#5345,#5346,#5347,#5348,#5349,#5350,
#5351,#5352,#5353,#5354,#5355,#5356,#5357,#5358,#5359,#5360,#5361,#5362,
#5363,#5364,#5365,#5366,#5367,#5368,#5369,#5370,#5371,#5372,#5373,#5374,
#5375,#5376,#5377,#5378,#5379,#5380,#5381,#5382,#5383,#5384,#5385,#5386,
#5387,#5388,#5389,#5390,#5391,#5392,#5393,#5394,#5395,#5396,#5397,#5398,
#5399,#5400,#5401,#5402,#5403,#5404,#5405,#5406,#5407,#5408,#5409,#5410,
#5411,#5412,#5413,#5414,#5415,#5416,#5417,#5418,#5419,#5420,#5421,#5422,
#5423,#5424,#5425,#5426,#5427,#5428,#5429,#5430,#5431,#5432));
#5575=CLOSED_SHELL('',(#5433,#5434,#5435,#5436,#5437,#5438,#5439,#5440,
#5441,#5442,#5443,#5444,#5445,#5446,#5447,#5448,#5449,#5450,#5451,#5452,
#5453,#5454,#5455,#5456,#5457,#5458,#5459,#5460,#5461,#5462,#5463,#5464,
#5465,#5466,#5467,#5468,#5469,#5470,#5471,#5472,#5473,#5474,#5475,#5476,
#5477,#5478,#5479,#5480,#5481,#5482,#5483,#5484,#5485,#5486,#5487,#5488,
#5489,#5490,#5491,#5492,#5493,#5494));
#5576=CLOSED_SHELL('',(#5495,#5496,#5497,#5498,#5499,#5500,#5501,#5502,
#5503,#5504,#5505,#5506,#5507));
#5577=CLOSED_SHELL('',(#5508,#5509,#5510,#5511,#5512,#5513,#5514,#5515,
#5516,#5517,#5518,#5519,#5520));
#5578=CLOSED_SHELL('',(#5521,#5522,#5523,#5524,#5525,#5526,#5527,#5528,
#5529,#5530,#5531,#5532,#5533));
#5579=CLOSED_SHELL('',(#5534,#5535,#5536,#5537,#5538,#5539,#5540,#5541,
#5542,#5543,#5544,#5545,#5546));
#5580=CLOSED_SHELL('',(#5547,#5548,#5549,#5550,#5551,#5552,#5553,#5554,
#5555,#5556,#5557,#5558,#5559));
#5581=CLOSED_SHELL('',(#5560,#5561,#5562,#5563,#5564,#5565,#5566,#5567,
#5568,#5569,#5570,#5571,#5572));
#5582=AXIS2_PLACEMENT_3D('',#7769,#6165,#6166);
#5583=AXIS2_PLACEMENT_3D('',#7770,#6167,#6168);
#5584=AXIS2_PLACEMENT_3D('',#7771,#6169,#6170);
#5585=AXIS2_PLACEMENT_3D('',#7774,#6171,#6172);
#5586=AXIS2_PLACEMENT_3D('',#7776,#6173,#6174);
#5587=AXIS2_PLACEMENT_3D('',#7777,#6175,#6176);
#5588=AXIS2_PLACEMENT_3D('',#7778,#6177,#6178);
#5589=AXIS2_PLACEMENT_3D('',#7781,#6179,#6180);
#5590=AXIS2_PLACEMENT_3D('',#7783,#6181,#6182);
#5591=AXIS2_PLACEMENT_3D('',#7784,#6183,#6184);
#5592=AXIS2_PLACEMENT_3D('',#7785,#6185,#6186);
#5593=AXIS2_PLACEMENT_3D('',#7788,#6187,#6188);
#5594=AXIS2_PLACEMENT_3D('',#7790,#6189,#6190);
#5595=AXIS2_PLACEMENT_3D('',#7791,#6191,#6192);
#5596=AXIS2_PLACEMENT_3D('',#7792,#6193,#6194);
#5597=AXIS2_PLACEMENT_3D('',#7795,#6195,#6196);
#5598=AXIS2_PLACEMENT_3D('',#7797,#6197,#6198);
#5599=AXIS2_PLACEMENT_3D('',#7798,#6199,#6200);
#5600=AXIS2_PLACEMENT_3D('',#7799,#6201,#6202);
#5601=AXIS2_PLACEMENT_3D('',#7802,#6205,#6206);
#5602=AXIS2_PLACEMENT_3D('',#7805,#6207,#6208);
#5603=AXIS2_PLACEMENT_3D('',#7807,#6209,#6210);
#5604=AXIS2_PLACEMENT_3D('',#7808,#6211,#6212);
#5605=AXIS2_PLACEMENT_3D('',#7809,#6213,#6214);
#5606=AXIS2_PLACEMENT_3D('',#7812,#6217,#6218);
#5607=AXIS2_PLACEMENT_3D('',#7815,#6219,#6220);
#5608=AXIS2_PLACEMENT_3D('',#7817,#6221,#6222);
#5609=AXIS2_PLACEMENT_3D('',#7818,#6223,#6224);
#5610=AXIS2_PLACEMENT_3D('',#7819,#6225,#6226);
#5611=AXIS2_PLACEMENT_3D('',#7822,#6227,#6228);
#5612=AXIS2_PLACEMENT_3D('',#7824,#6229,#6230);
#5613=AXIS2_PLACEMENT_3D('',#7825,#6231,#6232);
#5614=AXIS2_PLACEMENT_3D('',#7826,#6233,#6234);
#5615=AXIS2_PLACEMENT_3D('',#7829,#6237,#6238);
#5616=AXIS2_PLACEMENT_3D('',#7832,#6241,#6242);
#5617=AXIS2_PLACEMENT_3D('',#7835,#6243,#6244);
#5618=AXIS2_PLACEMENT_3D('',#7837,#6245,#6246);
#5619=AXIS2_PLACEMENT_3D('',#7838,#6247,#6248);
#5620=AXIS2_PLACEMENT_3D('',#7839,#6249,#6250);
#5621=AXIS2_PLACEMENT_3D('',#7842,#6253,#6254);
#5622=AXIS2_PLACEMENT_3D('',#7845,#6257,#6258);
#5623=AXIS2_PLACEMENT_3D('',#7848,#6261,#6262);
#5624=AXIS2_PLACEMENT_3D('',#7851,#6265,#6266);
#5625=AXIS2_PLACEMENT_3D('',#7854,#6269,#6270);
#5626=AXIS2_PLACEMENT_3D('',#7857,#6273,#6274);
#5627=AXIS2_PLACEMENT_3D('',#7860,#6277,#6278);
#5628=AXIS2_PLACEMENT_3D('',#7863,#6281,#6282);
#5629=AXIS2_PLACEMENT_3D('',#7864,#6283,#6284);
#5630=AXIS2_PLACEMENT_3D('',#7865,#6285,#6286);
#5631=AXIS2_PLACEMENT_3D('',#7866,#6287,#6288);
#5632=AXIS2_PLACEMENT_3D('',#7867,#6289,#6290);
#5633=AXIS2_PLACEMENT_3D('',#7868,#6291,#6292);
#5634=AXIS2_PLACEMENT_3D('',#7869,#6293,#6294);
#5635=AXIS2_PLACEMENT_3D('',#7872,#6295,#6296);
#5636=AXIS2_PLACEMENT_3D('',#7876,#6298,#6299);
#5637=AXIS2_PLACEMENT_3D('',#7878,#6301,#6302);
#5638=AXIS2_PLACEMENT_3D('',#7884,#6306,#6307);
#5639=AXIS2_PLACEMENT_3D('',#7887,#6308,#6309);
#5640=AXIS2_PLACEMENT_3D('',#7891,#6311,#6312);
#5641=AXIS2_PLACEMENT_3D('',#7893,#6314,#6315);
#5642=AXIS2_PLACEMENT_3D('',#7899,#6319,#6320);
#5643=AXIS2_PLACEMENT_3D('',#7902,#6321,#6322);
#5644=AXIS2_PLACEMENT_3D('',#7906,#6324,#6325);
#5645=AXIS2_PLACEMENT_3D('',#7908,#6327,#6328);
#5646=AXIS2_PLACEMENT_3D('',#7914,#6332,#6333);
#5647=AXIS2_PLACEMENT_3D('',#7917,#6334,#6335);
#5648=AXIS2_PLACEMENT_3D('',#7921,#6337,#6338);
#5649=AXIS2_PLACEMENT_3D('',#7923,#6340,#6341);
#5650=AXIS2_PLACEMENT_3D('',#7929,#6345,#6346);
#5651=AXIS2_PLACEMENT_3D('',#7931,#6347,#6348);
#5652=AXIS2_PLACEMENT_3D('',#7934,#6350,#6351);
#5653=AXIS2_PLACEMENT_3D('',#7935,#6352,#6353);
#5654=AXIS2_PLACEMENT_3D('',#7937,#6354,#6355);
#5655=AXIS2_PLACEMENT_3D('',#7940,#6357,#6358);
#5656=AXIS2_PLACEMENT_3D('',#7941,#6359,#6360);
#5657=AXIS2_PLACEMENT_3D('',#7943,#6361,#6362);
#5658=AXIS2_PLACEMENT_3D('',#7946,#6364,#6365);
#5659=AXIS2_PLACEMENT_3D('',#7947,#6366,#6367);
#5660=AXIS2_PLACEMENT_3D('',#7949,#6368,#6369);
#5661=AXIS2_PLACEMENT_3D('',#7952,#6371,#6372);
#5662=AXIS2_PLACEMENT_3D('',#7953,#6373,#6374);
#5663=AXIS2_PLACEMENT_3D('',#7959,#6378,#6379);
#5664=AXIS2_PLACEMENT_3D('',#7965,#6383,#6384);
#5665=AXIS2_PLACEMENT_3D('',#7968,#6387,#6388);
#5666=AXIS2_PLACEMENT_3D('',#7970,#6389,#6390);
#5667=AXIS2_PLACEMENT_3D('',#7973,#6392,#6393);
#5668=AXIS2_PLACEMENT_3D('',#7974,#6394,#6395);
#5669=AXIS2_PLACEMENT_3D('',#7976,#6396,#6397);
#5670=AXIS2_PLACEMENT_3D('',#7979,#6399,#6400);
#5671=AXIS2_PLACEMENT_3D('',#7980,#6401,#6402);
#5672=AXIS2_PLACEMENT_3D('',#7982,#6403,#6404);
#5673=AXIS2_PLACEMENT_3D('',#7985,#6406,#6407);
#5674=AXIS2_PLACEMENT_3D('',#7986,#6408,#6409);
#5675=AXIS2_PLACEMENT_3D('',#7995,#6414,#6415);
#5676=AXIS2_PLACEMENT_3D('',#8001,#6419,#6420);
#5677=AXIS2_PLACEMENT_3D('',#8007,#6424,#6425);
#5678=AXIS2_PLACEMENT_3D('',#8010,#6428,#6429);
#5679=AXIS2_PLACEMENT_3D('',#8016,#6433,#6434);
#5680=AXIS2_PLACEMENT_3D('',#8022,#6438,#6439);
#5681=AXIS2_PLACEMENT_3D('',#8025,#6442,#6443);
#5682=AXIS2_PLACEMENT_3D('',#8027,#6444,#6445);
#5683=AXIS2_PLACEMENT_3D('',#8030,#6447,#6448);
#5684=AXIS2_PLACEMENT_3D('',#8031,#6449,#6450);
#5685=AXIS2_PLACEMENT_3D('',#8033,#6451,#6452);
#5686=AXIS2_PLACEMENT_3D('',#8036,#6454,#6455);
#5687=AXIS2_PLACEMENT_3D('',#8037,#6456,#6457);
#5688=AXIS2_PLACEMENT_3D('',#8039,#6458,#6459);
#5689=AXIS2_PLACEMENT_3D('',#8042,#6461,#6462);
#5690=AXIS2_PLACEMENT_3D('',#8043,#6463,#6464);
#5691=AXIS2_PLACEMENT_3D('',#8045,#6465,#6466);
#5692=AXIS2_PLACEMENT_3D('',#8048,#6468,#6469);
#5693=AXIS2_PLACEMENT_3D('',#8049,#6470,#6471);
#5694=AXIS2_PLACEMENT_3D('',#8051,#6472,#6473);
#5695=AXIS2_PLACEMENT_3D('',#8054,#6475,#6476);
#5696=AXIS2_PLACEMENT_3D('',#8055,#6477,#6478);
#5697=AXIS2_PLACEMENT_3D('',#8057,#6479,#6480);
#5698=AXIS2_PLACEMENT_3D('',#8060,#6482,#6483);
#5699=AXIS2_PLACEMENT_3D('',#8061,#6484,#6485);
#5700=AXIS2_PLACEMENT_3D('',#8063,#6486,#6487);
#5701=AXIS2_PLACEMENT_3D('',#8066,#6489,#6490);
#5702=AXIS2_PLACEMENT_3D('',#8067,#6491,#6492);
#5703=AXIS2_PLACEMENT_3D('',#8069,#6493,#6494);
#5704=AXIS2_PLACEMENT_3D('',#8072,#6496,#6497);
#5705=AXIS2_PLACEMENT_3D('',#8073,#6498,#6499);
#5706=AXIS2_PLACEMENT_3D('',#8082,#6504,#6505);
#5707=AXIS2_PLACEMENT_3D('',#8088,#6509,#6510);
#5708=AXIS2_PLACEMENT_3D('',#8094,#6514,#6515);
#5709=AXIS2_PLACEMENT_3D('',#8097,#6518,#6519);
#5710=AXIS2_PLACEMENT_3D('',#8103,#6523,#6524);
#5711=AXIS2_PLACEMENT_3D('',#8109,#6528,#6529);
#5712=AXIS2_PLACEMENT_3D('',#8112,#6532,#6533);
#5713=AXIS2_PLACEMENT_3D('',#8114,#6534,#6535);
#5714=AXIS2_PLACEMENT_3D('',#8117,#6537,#6538);
#5715=AXIS2_PLACEMENT_3D('',#8118,#6539,#6540);
#5716=AXIS2_PLACEMENT_3D('',#8120,#6541,#6542);
#5717=AXIS2_PLACEMENT_3D('',#8123,#6544,#6545);
#5718=AXIS2_PLACEMENT_3D('',#8124,#6546,#6547);
#5719=AXIS2_PLACEMENT_3D('',#8133,#6552,#6553);
#5720=AXIS2_PLACEMENT_3D('',#8139,#6557,#6558);
#5721=AXIS2_PLACEMENT_3D('',#8145,#6562,#6563);
#5722=AXIS2_PLACEMENT_3D('',#8148,#6566,#6567);
#5723=AXIS2_PLACEMENT_3D('',#8154,#6571,#6572);
#5724=AXIS2_PLACEMENT_3D('',#8160,#6576,#6577);
#5725=AXIS2_PLACEMENT_3D('',#8163,#6580,#6581);
#5726=AXIS2_PLACEMENT_3D('',#8165,#6582,#6583);
#5727=AXIS2_PLACEMENT_3D('',#8168,#6585,#6586);
#5728=AXIS2_PLACEMENT_3D('',#8169,#6587,#6588);
#5729=AXIS2_PLACEMENT_3D('',#8171,#6589,#6590);
#5730=AXIS2_PLACEMENT_3D('',#8174,#6592,#6593);
#5731=AXIS2_PLACEMENT_3D('',#8175,#6594,#6595);
#5732=AXIS2_PLACEMENT_3D('',#8184,#6600,#6601);
#5733=AXIS2_PLACEMENT_3D('',#8190,#6605,#6606);
#5734=AXIS2_PLACEMENT_3D('',#8196,#6610,#6611);
#5735=AXIS2_PLACEMENT_3D('',#8199,#6614,#6615);
#5736=AXIS2_PLACEMENT_3D('',#8201,#6616,#6617);
#5737=AXIS2_PLACEMENT_3D('',#8204,#6619,#6620);
#5738=AXIS2_PLACEMENT_3D('',#8205,#6621,#6622);
#5739=AXIS2_PLACEMENT_3D('',#8214,#6627,#6628);
#5740=AXIS2_PLACEMENT_3D('',#8220,#6632,#6633);
#5741=AXIS2_PLACEMENT_3D('',#8226,#6637,#6638);
#5742=AXIS2_PLACEMENT_3D('',#8229,#6641,#6642);
#5743=AXIS2_PLACEMENT_3D('',#8231,#6643,#6644);
#5744=AXIS2_PLACEMENT_3D('',#8233,#6645,#6646);
#5745=AXIS2_PLACEMENT_3D('',#8234,#6647,#6648);
#5746=AXIS2_PLACEMENT_3D('',#8235,#6649,#6650);
#5747=AXIS2_PLACEMENT_3D('',#8269,#6667,#6668);
#5748=AXIS2_PLACEMENT_3D('',#8271,#6669,#6670);
#5749=AXIS2_PLACEMENT_3D('',#8273,#6671,#6672);
#5750=AXIS2_PLACEMENT_3D('',#8275,#6673,#6674);
#5751=AXIS2_PLACEMENT_3D('',#8277,#6675,#6676);
#5752=AXIS2_PLACEMENT_3D('',#8279,#6677,#6678);
#5753=AXIS2_PLACEMENT_3D('',#8281,#6679,#6680);
#5754=AXIS2_PLACEMENT_3D('',#8283,#6681,#6682);
#5755=AXIS2_PLACEMENT_3D('',#8285,#6683,#6684);
#5756=AXIS2_PLACEMENT_3D('',#8287,#6685,#6686);
#5757=AXIS2_PLACEMENT_3D('',#8289,#6687,#6688);
#5758=AXIS2_PLACEMENT_3D('',#8291,#6689,#6690);
#5759=AXIS2_PLACEMENT_3D('',#8293,#6691,#6692);
#5760=AXIS2_PLACEMENT_3D('',#8295,#6693,#6694);
#5761=AXIS2_PLACEMENT_3D('',#8297,#6695,#6696);
#5762=AXIS2_PLACEMENT_3D('',#8299,#6697,#6698);
#5763=AXIS2_PLACEMENT_3D('',#8301,#6699,#6700);
#5764=AXIS2_PLACEMENT_3D('',#8303,#6701,#6702);
#5765=AXIS2_PLACEMENT_3D('',#8305,#6703,#6704);
#5766=AXIS2_PLACEMENT_3D('',#8306,#6705,#6706);
#5767=AXIS2_PLACEMENT_3D('',#8308,#6707,#6708);
#5768=AXIS2_PLACEMENT_3D('',#8309,#6709,#6710);
#5769=AXIS2_PLACEMENT_3D('',#8310,#6711,#6712);
#5770=AXIS2_PLACEMENT_3D('',#8312,#6713,#6714);
#5771=AXIS2_PLACEMENT_3D('',#8313,#6715,#6716);
#5772=AXIS2_PLACEMENT_3D('',#8314,#6717,#6718);
#5773=AXIS2_PLACEMENT_3D('',#8316,#6719,#6720);
#5774=AXIS2_PLACEMENT_3D('',#8317,#6721,#6722);
#5775=AXIS2_PLACEMENT_3D('',#8318,#6723,#6724);
#5776=AXIS2_PLACEMENT_3D('',#8320,#6725,#6726);
#5777=AXIS2_PLACEMENT_3D('',#8321,#6727,#6728);
#5778=AXIS2_PLACEMENT_3D('',#8322,#6729,#6730);
#5779=AXIS2_PLACEMENT_3D('',#8324,#6731,#6732);
#5780=AXIS2_PLACEMENT_3D('',#8325,#6733,#6734);
#5781=AXIS2_PLACEMENT_3D('',#8326,#6735,#6736);
#5782=AXIS2_PLACEMENT_3D('',#8328,#6737,#6738);
#5783=AXIS2_PLACEMENT_3D('',#8329,#6739,#6740);
#5784=AXIS2_PLACEMENT_3D('',#8330,#6741,#6742);
#5785=AXIS2_PLACEMENT_3D('',#8332,#6743,#6744);
#5786=AXIS2_PLACEMENT_3D('',#8333,#6745,#6746);
#5787=AXIS2_PLACEMENT_3D('',#8334,#6747,#6748);
#5788=AXIS2_PLACEMENT_3D('',#8336,#6749,#6750);
#5789=AXIS2_PLACEMENT_3D('',#8339,#6752,#6753);
#5790=AXIS2_PLACEMENT_3D('',#8340,#6754,#6755);
#5791=AXIS2_PLACEMENT_3D('',#8341,#6756,#6757);
#5792=AXIS2_PLACEMENT_3D('',#8343,#6758,#6759);
#5793=AXIS2_PLACEMENT_3D('',#8346,#6761,#6762);
#5794=AXIS2_PLACEMENT_3D('',#8347,#6763,#6764);
#5795=AXIS2_PLACEMENT_3D('',#8348,#6765,#6766);
#5796=AXIS2_PLACEMENT_3D('',#8350,#6767,#6768);
#5797=AXIS2_PLACEMENT_3D('',#8353,#6770,#6771);
#5798=AXIS2_PLACEMENT_3D('',#8354,#6772,#6773);
#5799=AXIS2_PLACEMENT_3D('',#8355,#6774,#6775);
#5800=AXIS2_PLACEMENT_3D('',#8357,#6776,#6777);
#5801=AXIS2_PLACEMENT_3D('',#8360,#6779,#6780);
#5802=AXIS2_PLACEMENT_3D('',#8361,#6781,#6782);
#5803=AXIS2_PLACEMENT_3D('',#8362,#6783,#6784);
#5804=AXIS2_PLACEMENT_3D('',#8364,#6785,#6786);
#5805=AXIS2_PLACEMENT_3D('',#8367,#6788,#6789);
#5806=AXIS2_PLACEMENT_3D('',#8368,#6790,#6791);
#5807=AXIS2_PLACEMENT_3D('',#8369,#6792,#6793);
#5808=AXIS2_PLACEMENT_3D('',#8371,#6794,#6795);
#5809=AXIS2_PLACEMENT_3D('',#8374,#6797,#6798);
#5810=AXIS2_PLACEMENT_3D('',#8375,#6799,#6800);
#5811=AXIS2_PLACEMENT_3D('',#8376,#6801,#6802);
#5812=AXIS2_PLACEMENT_3D('',#8378,#6803,#6804);
#5813=AXIS2_PLACEMENT_3D('',#8381,#6806,#6807);
#5814=AXIS2_PLACEMENT_3D('',#8382,#6808,#6809);
#5815=AXIS2_PLACEMENT_3D('',#8383,#6810,#6811);
#5816=AXIS2_PLACEMENT_3D('',#8385,#6812,#6813);
#5817=AXIS2_PLACEMENT_3D('',#8388,#6815,#6816);
#5818=AXIS2_PLACEMENT_3D('',#8389,#6817,#6818);
#5819=AXIS2_PLACEMENT_3D('',#8390,#6819,#6820);
#5820=AXIS2_PLACEMENT_3D('',#8393,#6822,#6823);
#5821=AXIS2_PLACEMENT_3D('',#8394,#6824,#6825);
#5822=AXIS2_PLACEMENT_3D('',#8397,#6827,#6828);
#5823=AXIS2_PLACEMENT_3D('',#8398,#6829,#6830);
#5824=AXIS2_PLACEMENT_3D('',#8401,#6832,#6833);
#5825=AXIS2_PLACEMENT_3D('',#8402,#6834,#6835);
#5826=AXIS2_PLACEMENT_3D('',#8405,#6837,#6838);
#5827=AXIS2_PLACEMENT_3D('',#8406,#6839,#6840);
#5828=AXIS2_PLACEMENT_3D('',#8409,#6842,#6843);
#5829=AXIS2_PLACEMENT_3D('',#8410,#6844,#6845);
#5830=AXIS2_PLACEMENT_3D('',#8413,#6847,#6848);
#5831=AXIS2_PLACEMENT_3D('',#8414,#6849,#6850);
#5832=AXIS2_PLACEMENT_3D('',#8417,#6852,#6853);
#5833=AXIS2_PLACEMENT_3D('',#8418,#6854,#6855);
#5834=AXIS2_PLACEMENT_3D('',#8421,#6857,#6858);
#5835=AXIS2_PLACEMENT_3D('',#8422,#6859,#6860);
#5836=AXIS2_PLACEMENT_3D('',#8425,#6862,#6863);
#5837=AXIS2_PLACEMENT_3D('',#8426,#6864,#6865);
#5838=AXIS2_PLACEMENT_3D('',#8429,#6867,#6868);
#5839=AXIS2_PLACEMENT_3D('',#8430,#6869,#6870);
#5840=AXIS2_PLACEMENT_3D('',#8433,#6872,#6873);
#5841=AXIS2_PLACEMENT_3D('',#8434,#6874,#6875);
#5842=AXIS2_PLACEMENT_3D('',#8437,#6877,#6878);
#5843=AXIS2_PLACEMENT_3D('',#8438,#6879,#6880);
#5844=AXIS2_PLACEMENT_3D('',#8444,#6884,#6885);
#5845=AXIS2_PLACEMENT_3D('',#8448,#6888,#6889);
#5846=AXIS2_PLACEMENT_3D('',#8452,#6892,#6893);
#5847=AXIS2_PLACEMENT_3D('',#8456,#6896,#6897);
#5848=AXIS2_PLACEMENT_3D('',#8460,#6900,#6901);
#5849=AXIS2_PLACEMENT_3D('',#8464,#6904,#6905);
#5850=AXIS2_PLACEMENT_3D('',#8468,#6908,#6909);
#5851=AXIS2_PLACEMENT_3D('',#8472,#6912,#6913);
#5852=AXIS2_PLACEMENT_3D('',#8476,#6916,#6917);
#5853=AXIS2_PLACEMENT_3D('',#8480,#6920,#6921);
#5854=AXIS2_PLACEMENT_3D('',#8484,#6924,#6925);
#5855=AXIS2_PLACEMENT_3D('',#8488,#6928,#6929);
#5856=AXIS2_PLACEMENT_3D('',#8492,#6932,#6933);
#5857=AXIS2_PLACEMENT_3D('',#8496,#6936,#6937);
#5858=AXIS2_PLACEMENT_3D('',#8500,#6940,#6941);
#5859=AXIS2_PLACEMENT_3D('',#8502,#6943,#6944);
#5860=AXIS2_PLACEMENT_3D('',#8503,#6945,#6946);
#5861=AXIS2_PLACEMENT_3D('',#8505,#6947,#6948);
#5862=AXIS2_PLACEMENT_3D('',#8508,#6950,#6951);
#5863=AXIS2_PLACEMENT_3D('',#8509,#6952,#6953);
#5864=AXIS2_PLACEMENT_3D('',#8511,#6954,#6955);
#5865=AXIS2_PLACEMENT_3D('',#8514,#6957,#6958);
#5866=AXIS2_PLACEMENT_3D('',#8515,#6959,#6960);
#5867=AXIS2_PLACEMENT_3D('',#8517,#6961,#6962);
#5868=AXIS2_PLACEMENT_3D('',#8520,#6964,#6965);
#5869=AXIS2_PLACEMENT_3D('',#8521,#6966,#6967);
#5870=AXIS2_PLACEMENT_3D('',#8523,#6968,#6969);
#5871=AXIS2_PLACEMENT_3D('',#8526,#6971,#6972);
#5872=AXIS2_PLACEMENT_3D('',#8527,#6973,#6974);
#5873=AXIS2_PLACEMENT_3D('',#8529,#6975,#6976);
#5874=AXIS2_PLACEMENT_3D('',#8532,#6978,#6979);
#5875=AXIS2_PLACEMENT_3D('',#8533,#6980,#6981);
#5876=AXIS2_PLACEMENT_3D('',#8535,#6982,#6983);
#5877=AXIS2_PLACEMENT_3D('',#8538,#6985,#6986);
#5878=AXIS2_PLACEMENT_3D('',#8539,#6987,#6988);
#5879=AXIS2_PLACEMENT_3D('',#8541,#6989,#6990);
#5880=AXIS2_PLACEMENT_3D('',#8544,#6992,#6993);
#5881=AXIS2_PLACEMENT_3D('',#8545,#6994,#6995);
#5882=AXIS2_PLACEMENT_3D('',#8547,#6996,#6997);
#5883=AXIS2_PLACEMENT_3D('',#8550,#6999,#7000);
#5884=AXIS2_PLACEMENT_3D('',#8551,#7001,#7002);
#5885=AXIS2_PLACEMENT_3D('',#8553,#7003,#7004);
#5886=AXIS2_PLACEMENT_3D('',#8556,#7006,#7007);
#5887=AXIS2_PLACEMENT_3D('',#8557,#7008,#7009);
#5888=AXIS2_PLACEMENT_3D('',#8559,#7010,#7011);
#5889=AXIS2_PLACEMENT_3D('',#8562,#7013,#7014);
#5890=AXIS2_PLACEMENT_3D('',#8563,#7015,#7016);
#5891=AXIS2_PLACEMENT_3D('',#8565,#7017,#7018);
#5892=AXIS2_PLACEMENT_3D('',#8568,#7020,#7021);
#5893=AXIS2_PLACEMENT_3D('',#8569,#7022,#7023);
#5894=AXIS2_PLACEMENT_3D('',#8571,#7024,#7025);
#5895=AXIS2_PLACEMENT_3D('',#8574,#7027,#7028);
#5896=AXIS2_PLACEMENT_3D('',#8575,#7029,#7030);
#5897=AXIS2_PLACEMENT_3D('',#8577,#7031,#7032);
#5898=AXIS2_PLACEMENT_3D('',#8580,#7034,#7035);
#5899=AXIS2_PLACEMENT_3D('',#8581,#7036,#7037);
#5900=AXIS2_PLACEMENT_3D('',#8583,#7038,#7039);
#5901=AXIS2_PLACEMENT_3D('',#8586,#7041,#7042);
#5902=AXIS2_PLACEMENT_3D('',#8587,#7043,#7044);
#5903=AXIS2_PLACEMENT_3D('',#8589,#7045,#7046);
#5904=AXIS2_PLACEMENT_3D('',#8592,#7048,#7049);
#5905=AXIS2_PLACEMENT_3D('',#8593,#7050,#7051);
#5906=AXIS2_PLACEMENT_3D('',#8595,#7052,#7053);
#5907=AXIS2_PLACEMENT_3D('',#8598,#7055,#7056);
#5908=AXIS2_PLACEMENT_3D('',#8599,#7057,#7058);
#5909=AXIS2_PLACEMENT_3D('',#8601,#7059,#7060);
#5910=AXIS2_PLACEMENT_3D('',#8604,#7062,#7063);
#5911=AXIS2_PLACEMENT_3D('',#8605,#7064,#7065);
#5912=AXIS2_PLACEMENT_3D('',#8607,#7066,#7067);
#5913=AXIS2_PLACEMENT_3D('',#8610,#7069,#7070);
#5914=AXIS2_PLACEMENT_3D('',#8611,#7071,#7072);
#5915=AXIS2_PLACEMENT_3D('',#8613,#7073,#7074);
#5916=AXIS2_PLACEMENT_3D('',#8616,#7076,#7077);
#5917=AXIS2_PLACEMENT_3D('',#8617,#7078,#7079);
#5918=AXIS2_PLACEMENT_3D('',#8619,#7080,#7081);
#5919=AXIS2_PLACEMENT_3D('',#8622,#7083,#7084);
#5920=AXIS2_PLACEMENT_3D('',#8623,#7085,#7086);
#5921=AXIS2_PLACEMENT_3D('',#8625,#7087,#7088);
#5922=AXIS2_PLACEMENT_3D('',#8628,#7090,#7091);
#5923=AXIS2_PLACEMENT_3D('',#8629,#7092,#7093);
#5924=AXIS2_PLACEMENT_3D('',#8631,#7094,#7095);
#5925=AXIS2_PLACEMENT_3D('',#8634,#7097,#7098);
#5926=AXIS2_PLACEMENT_3D('',#8635,#7099,#7100);
#5927=AXIS2_PLACEMENT_3D('',#8637,#7101,#7102);
#5928=AXIS2_PLACEMENT_3D('',#8640,#7104,#7105);
#5929=AXIS2_PLACEMENT_3D('',#8641,#7106,#7107);
#5930=AXIS2_PLACEMENT_3D('',#8643,#7108,#7109);
#5931=AXIS2_PLACEMENT_3D('',#8646,#7111,#7112);
#5932=AXIS2_PLACEMENT_3D('',#8647,#7113,#7114);
#5933=AXIS2_PLACEMENT_3D('',#8649,#7115,#7116);
#5934=AXIS2_PLACEMENT_3D('',#8652,#7118,#7119);
#5935=AXIS2_PLACEMENT_3D('',#8653,#7120,#7121);
#5936=AXIS2_PLACEMENT_3D('',#8655,#7122,#7123);
#5937=AXIS2_PLACEMENT_3D('',#8658,#7125,#7126);
#5938=AXIS2_PLACEMENT_3D('',#8659,#7127,#7128);
#5939=AXIS2_PLACEMENT_3D('',#8661,#7129,#7130);
#5940=AXIS2_PLACEMENT_3D('',#8664,#7132,#7133);
#5941=AXIS2_PLACEMENT_3D('',#8665,#7134,#7135);
#5942=AXIS2_PLACEMENT_3D('',#8667,#7136,#7137);
#5943=AXIS2_PLACEMENT_3D('',#8670,#7139,#7140);
#5944=AXIS2_PLACEMENT_3D('',#8671,#7141,#7142);
#5945=AXIS2_PLACEMENT_3D('',#8673,#7143,#7144);
#5946=AXIS2_PLACEMENT_3D('',#8676,#7146,#7147);
#5947=AXIS2_PLACEMENT_3D('',#8677,#7148,#7149);
#5948=AXIS2_PLACEMENT_3D('',#8679,#7150,#7151);
#5949=AXIS2_PLACEMENT_3D('',#8682,#7153,#7154);
#5950=AXIS2_PLACEMENT_3D('',#8683,#7155,#7156);
#5951=AXIS2_PLACEMENT_3D('',#8685,#7157,#7158);
#5952=AXIS2_PLACEMENT_3D('',#8688,#7160,#7161);
#5953=AXIS2_PLACEMENT_3D('',#8689,#7162,#7163);
#5954=AXIS2_PLACEMENT_3D('',#8691,#7164,#7165);
#5955=AXIS2_PLACEMENT_3D('',#8694,#7167,#7168);
#5956=AXIS2_PLACEMENT_3D('',#8695,#7169,#7170);
#5957=AXIS2_PLACEMENT_3D('',#8697,#7171,#7172);
#5958=AXIS2_PLACEMENT_3D('',#8700,#7174,#7175);
#5959=AXIS2_PLACEMENT_3D('',#8701,#7176,#7177);
#5960=AXIS2_PLACEMENT_3D('',#8703,#7178,#7179);
#5961=AXIS2_PLACEMENT_3D('',#8706,#7181,#7182);
#5962=AXIS2_PLACEMENT_3D('',#8707,#7183,#7184);
#5963=AXIS2_PLACEMENT_3D('',#8709,#7185,#7186);
#5964=AXIS2_PLACEMENT_3D('',#8712,#7188,#7189);
#5965=AXIS2_PLACEMENT_3D('',#8713,#7190,#7191);
#5966=AXIS2_PLACEMENT_3D('',#8715,#7192,#7193);
#5967=AXIS2_PLACEMENT_3D('',#8718,#7195,#7196);
#5968=AXIS2_PLACEMENT_3D('',#8719,#7197,#7198);
#5969=AXIS2_PLACEMENT_3D('',#8721,#7199,#7200);
#5970=AXIS2_PLACEMENT_3D('',#8724,#7202,#7203);
#5971=AXIS2_PLACEMENT_3D('',#8725,#7204,#7205);
#5972=AXIS2_PLACEMENT_3D('',#8734,#7210,#7211);
#5973=AXIS2_PLACEMENT_3D('',#8740,#7215,#7216);
#5974=AXIS2_PLACEMENT_3D('',#8746,#7220,#7221);
#5975=AXIS2_PLACEMENT_3D('',#8749,#7224,#7225);
#5976=AXIS2_PLACEMENT_3D('',#8751,#7226,#7227);
#5977=AXIS2_PLACEMENT_3D('',#8754,#7229,#7230);
#5978=AXIS2_PLACEMENT_3D('',#8755,#7231,#7232);
#5979=AXIS2_PLACEMENT_3D('',#8757,#7233,#7234);
#5980=AXIS2_PLACEMENT_3D('',#8760,#7236,#7237);
#5981=AXIS2_PLACEMENT_3D('',#8761,#7238,#7239);
#5982=AXIS2_PLACEMENT_3D('',#8763,#7240,#7241);
#5983=AXIS2_PLACEMENT_3D('',#8766,#7243,#7244);
#5984=AXIS2_PLACEMENT_3D('',#8767,#7245,#7246);
#5985=AXIS2_PLACEMENT_3D('',#8776,#7251,#7252);
#5986=AXIS2_PLACEMENT_3D('',#8782,#7256,#7257);
#5987=AXIS2_PLACEMENT_3D('',#8788,#7261,#7262);
#5988=AXIS2_PLACEMENT_3D('',#8794,#7266,#7267);
#5989=AXIS2_PLACEMENT_3D('',#8800,#7271,#7272);
#5990=AXIS2_PLACEMENT_3D('',#8806,#7276,#7277);
#5991=AXIS2_PLACEMENT_3D('',#8812,#7281,#7282);
#5992=AXIS2_PLACEMENT_3D('',#8818,#7286,#7287);
#5993=AXIS2_PLACEMENT_3D('',#8824,#7291,#7292);
#5994=AXIS2_PLACEMENT_3D('',#8830,#7296,#7297);
#5995=AXIS2_PLACEMENT_3D('',#8836,#7301,#7302);
#5996=AXIS2_PLACEMENT_3D('',#8842,#7306,#7307);
#5997=AXIS2_PLACEMENT_3D('',#8848,#7311,#7312);
#5998=AXIS2_PLACEMENT_3D('',#8854,#7316,#7317);
#5999=AXIS2_PLACEMENT_3D('',#8860,#7321,#7322);
#6000=AXIS2_PLACEMENT_3D('',#8863,#7325,#7326);
#6001=AXIS2_PLACEMENT_3D('',#8864,#7327,#7328);
#6002=AXIS2_PLACEMENT_3D('',#8865,#7329,#7330);
#6003=AXIS2_PLACEMENT_3D('',#8867,#7331,#7332);
#6004=AXIS2_PLACEMENT_3D('',#8870,#7334,#7335);
#6005=AXIS2_PLACEMENT_3D('',#8871,#7336,#7337);
#6006=AXIS2_PLACEMENT_3D('',#8873,#7338,#7339);
#6007=AXIS2_PLACEMENT_3D('',#8876,#7341,#7342);
#6008=AXIS2_PLACEMENT_3D('',#8877,#7343,#7344);
#6009=AXIS2_PLACEMENT_3D('',#8879,#7345,#7346);
#6010=AXIS2_PLACEMENT_3D('',#8882,#7348,#7349);
#6011=AXIS2_PLACEMENT_3D('',#8883,#7350,#7351);
#6012=AXIS2_PLACEMENT_3D('',#8885,#7352,#7353);
#6013=AXIS2_PLACEMENT_3D('',#8888,#7355,#7356);
#6014=AXIS2_PLACEMENT_3D('',#8889,#7357,#7358);
#6015=AXIS2_PLACEMENT_3D('',#8891,#7359,#7360);
#6016=AXIS2_PLACEMENT_3D('',#8894,#7362,#7363);
#6017=AXIS2_PLACEMENT_3D('',#8895,#7364,#7365);
#6018=AXIS2_PLACEMENT_3D('',#8905,#7370,#7371);
#6019=AXIS2_PLACEMENT_3D('',#8907,#7372,#7373);
#6020=AXIS2_PLACEMENT_3D('',#8908,#7374,#7375);
#6021=AXIS2_PLACEMENT_3D('',#8910,#7376,#7377);
#6022=AXIS2_PLACEMENT_3D('',#8912,#7379,#7380);
#6023=AXIS2_PLACEMENT_3D('',#8914,#7381,#7382);
#6024=AXIS2_PLACEMENT_3D('',#8916,#7384,#7385);
#6025=AXIS2_PLACEMENT_3D('',#8922,#7389,#7390);
#6026=AXIS2_PLACEMENT_3D('',#8926,#7393,#7394);
#6027=AXIS2_PLACEMENT_3D('',#8930,#7397,#7398);
#6028=AXIS2_PLACEMENT_3D('',#8932,#7400,#7401);
#6029=AXIS2_PLACEMENT_3D('',#8933,#7402,#7403);
#6030=AXIS2_PLACEMENT_3D('',#8935,#7404,#7405);
#6031=AXIS2_PLACEMENT_3D('',#8938,#7407,#7408);
#6032=AXIS2_PLACEMENT_3D('',#8939,#7409,#7410);
#6033=AXIS2_PLACEMENT_3D('',#8941,#7411,#7412);
#6034=AXIS2_PLACEMENT_3D('',#8944,#7414,#7415);
#6035=AXIS2_PLACEMENT_3D('',#8945,#7416,#7417);
#6036=AXIS2_PLACEMENT_3D('',#8947,#7418,#7419);
#6037=AXIS2_PLACEMENT_3D('',#8950,#7421,#7422);
#6038=AXIS2_PLACEMENT_3D('',#8951,#7423,#7424);
#6039=AXIS2_PLACEMENT_3D('',#8953,#7425,#7426);
#6040=AXIS2_PLACEMENT_3D('',#8956,#7428,#7429);
#6041=AXIS2_PLACEMENT_3D('',#8957,#7430,#7431);
#6042=AXIS2_PLACEMENT_3D('',#8959,#7432,#7433);
#6043=AXIS2_PLACEMENT_3D('',#8962,#7435,#7436);
#6044=AXIS2_PLACEMENT_3D('',#8963,#7437,#7438);
#6045=AXIS2_PLACEMENT_3D('',#8973,#7443,#7444);
#6046=AXIS2_PLACEMENT_3D('',#8975,#7445,#7446);
#6047=AXIS2_PLACEMENT_3D('',#8976,#7447,#7448);
#6048=AXIS2_PLACEMENT_3D('',#8978,#7449,#7450);
#6049=AXIS2_PLACEMENT_3D('',#8980,#7452,#7453);
#6050=AXIS2_PLACEMENT_3D('',#8982,#7454,#7455);
#6051=AXIS2_PLACEMENT_3D('',#8984,#7457,#7458);
#6052=AXIS2_PLACEMENT_3D('',#8990,#7462,#7463);
#6053=AXIS2_PLACEMENT_3D('',#8994,#7466,#7467);
#6054=AXIS2_PLACEMENT_3D('',#8998,#7470,#7471);
#6055=AXIS2_PLACEMENT_3D('',#9000,#7473,#7474);
#6056=AXIS2_PLACEMENT_3D('',#9001,#7475,#7476);
#6057=AXIS2_PLACEMENT_3D('',#9003,#7477,#7478);
#6058=AXIS2_PLACEMENT_3D('',#9006,#7480,#7481);
#6059=AXIS2_PLACEMENT_3D('',#9007,#7482,#7483);
#6060=AXIS2_PLACEMENT_3D('',#9009,#7484,#7485);
#6061=AXIS2_PLACEMENT_3D('',#9012,#7487,#7488);
#6062=AXIS2_PLACEMENT_3D('',#9013,#7489,#7490);
#6063=AXIS2_PLACEMENT_3D('',#9015,#7491,#7492);
#6064=AXIS2_PLACEMENT_3D('',#9018,#7494,#7495);
#6065=AXIS2_PLACEMENT_3D('',#9019,#7496,#7497);
#6066=AXIS2_PLACEMENT_3D('',#9021,#7498,#7499);
#6067=AXIS2_PLACEMENT_3D('',#9024,#7501,#7502);
#6068=AXIS2_PLACEMENT_3D('',#9025,#7503,#7504);
#6069=AXIS2_PLACEMENT_3D('',#9027,#7505,#7506);
#6070=AXIS2_PLACEMENT_3D('',#9030,#7508,#7509);
#6071=AXIS2_PLACEMENT_3D('',#9031,#7510,#7511);
#6072=AXIS2_PLACEMENT_3D('',#9041,#7516,#7517);
#6073=AXIS2_PLACEMENT_3D('',#9043,#7518,#7519);
#6074=AXIS2_PLACEMENT_3D('',#9044,#7520,#7521);
#6075=AXIS2_PLACEMENT_3D('',#9046,#7522,#7523);
#6076=AXIS2_PLACEMENT_3D('',#9048,#7525,#7526);
#6077=AXIS2_PLACEMENT_3D('',#9050,#7527,#7528);
#6078=AXIS2_PLACEMENT_3D('',#9052,#7530,#7531);
#6079=AXIS2_PLACEMENT_3D('',#9058,#7535,#7536);
#6080=AXIS2_PLACEMENT_3D('',#9062,#7539,#7540);
#6081=AXIS2_PLACEMENT_3D('',#9066,#7543,#7544);
#6082=AXIS2_PLACEMENT_3D('',#9068,#7546,#7547);
#6083=AXIS2_PLACEMENT_3D('',#9069,#7548,#7549);
#6084=AXIS2_PLACEMENT_3D('',#9071,#7550,#7551);
#6085=AXIS2_PLACEMENT_3D('',#9074,#7553,#7554);
#6086=AXIS2_PLACEMENT_3D('',#9075,#7555,#7556);
#6087=AXIS2_PLACEMENT_3D('',#9077,#7557,#7558);
#6088=AXIS2_PLACEMENT_3D('',#9080,#7560,#7561);
#6089=AXIS2_PLACEMENT_3D('',#9081,#7562,#7563);
#6090=AXIS2_PLACEMENT_3D('',#9083,#7564,#7565);
#6091=AXIS2_PLACEMENT_3D('',#9086,#7567,#7568);
#6092=AXIS2_PLACEMENT_3D('',#9087,#7569,#7570);
#6093=AXIS2_PLACEMENT_3D('',#9089,#7571,#7572);
#6094=AXIS2_PLACEMENT_3D('',#9092,#7574,#7575);
#6095=AXIS2_PLACEMENT_3D('',#9093,#7576,#7577);
#6096=AXIS2_PLACEMENT_3D('',#9095,#7578,#7579);
#6097=AXIS2_PLACEMENT_3D('',#9098,#7581,#7582);
#6098=AXIS2_PLACEMENT_3D('',#9099,#7583,#7584);
#6099=AXIS2_PLACEMENT_3D('',#9109,#7589,#7590);
#6100=AXIS2_PLACEMENT_3D('',#9111,#7591,#7592);
#6101=AXIS2_PLACEMENT_3D('',#9112,#7593,#7594);
#6102=AXIS2_PLACEMENT_3D('',#9114,#7595,#7596);
#6103=AXIS2_PLACEMENT_3D('',#9116,#7598,#7599);
#6104=AXIS2_PLACEMENT_3D('',#9118,#7600,#7601);
#6105=AXIS2_PLACEMENT_3D('',#9120,#7603,#7604);
#6106=AXIS2_PLACEMENT_3D('',#9126,#7608,#7609);
#6107=AXIS2_PLACEMENT_3D('',#9130,#7612,#7613);
#6108=AXIS2_PLACEMENT_3D('',#9134,#7616,#7617);
#6109=AXIS2_PLACEMENT_3D('',#9136,#7619,#7620);
#6110=AXIS2_PLACEMENT_3D('',#9137,#7621,#7622);
#6111=AXIS2_PLACEMENT_3D('',#9139,#7623,#7624);
#6112=AXIS2_PLACEMENT_3D('',#9142,#7626,#7627);
#6113=AXIS2_PLACEMENT_3D('',#9143,#7628,#7629);
#6114=AXIS2_PLACEMENT_3D('',#9145,#7630,#7631);
#6115=AXIS2_PLACEMENT_3D('',#9148,#7633,#7634);
#6116=AXIS2_PLACEMENT_3D('',#9149,#7635,#7636);
#6117=AXIS2_PLACEMENT_3D('',#9151,#7637,#7638);
#6118=AXIS2_PLACEMENT_3D('',#9154,#7640,#7641);
#6119=AXIS2_PLACEMENT_3D('',#9155,#7642,#7643);
#6120=AXIS2_PLACEMENT_3D('',#9157,#7644,#7645);
#6121=AXIS2_PLACEMENT_3D('',#9160,#7647,#7648);
#6122=AXIS2_PLACEMENT_3D('',#9161,#7649,#7650);
#6123=AXIS2_PLACEMENT_3D('',#9163,#7651,#7652);
#6124=AXIS2_PLACEMENT_3D('',#9166,#7654,#7655);
#6125=AXIS2_PLACEMENT_3D('',#9167,#7656,#7657);
#6126=AXIS2_PLACEMENT_3D('',#9177,#7662,#7663);
#6127=AXIS2_PLACEMENT_3D('',#9179,#7664,#7665);
#6128=AXIS2_PLACEMENT_3D('',#9180,#7666,#7667);
#6129=AXIS2_PLACEMENT_3D('',#9182,#7668,#7669);
#6130=AXIS2_PLACEMENT_3D('',#9184,#7671,#7672);
#6131=AXIS2_PLACEMENT_3D('',#9186,#7673,#7674);
#6132=AXIS2_PLACEMENT_3D('',#9188,#7676,#7677);
#6133=AXIS2_PLACEMENT_3D('',#9194,#7681,#7682);
#6134=AXIS2_PLACEMENT_3D('',#9198,#7685,#7686);
#6135=AXIS2_PLACEMENT_3D('',#9202,#7689,#7690);
#6136=AXIS2_PLACEMENT_3D('',#9204,#7692,#7693);
#6137=AXIS2_PLACEMENT_3D('',#9205,#7694,#7695);
#6138=AXIS2_PLACEMENT_3D('',#9207,#7696,#7697);
#6139=AXIS2_PLACEMENT_3D('',#9210,#7699,#7700);
#6140=AXIS2_PLACEMENT_3D('',#9211,#7701,#7702);
#6141=AXIS2_PLACEMENT_3D('',#9213,#7703,#7704);
#6142=AXIS2_PLACEMENT_3D('',#9216,#7706,#7707);
#6143=AXIS2_PLACEMENT_3D('',#9217,#7708,#7709);
#6144=AXIS2_PLACEMENT_3D('',#9219,#7710,#7711);
#6145=AXIS2_PLACEMENT_3D('',#9222,#7713,#7714);
#6146=AXIS2_PLACEMENT_3D('',#9223,#7715,#7716);
#6147=AXIS2_PLACEMENT_3D('',#9225,#7717,#7718);
#6148=AXIS2_PLACEMENT_3D('',#9228,#7720,#7721);
#6149=AXIS2_PLACEMENT_3D('',#9229,#7722,#7723);
#6150=AXIS2_PLACEMENT_3D('',#9231,#7724,#7725);
#6151=AXIS2_PLACEMENT_3D('',#9234,#7727,#7728);
#6152=AXIS2_PLACEMENT_3D('',#9235,#7729,#7730);
#6153=AXIS2_PLACEMENT_3D('',#9245,#7735,#7736);
#6154=AXIS2_PLACEMENT_3D('',#9247,#7737,#7738);
#6155=AXIS2_PLACEMENT_3D('',#9248,#7739,#7740);
#6156=AXIS2_PLACEMENT_3D('',#9250,#7741,#7742);
#6157=AXIS2_PLACEMENT_3D('',#9252,#7744,#7745);
#6158=AXIS2_PLACEMENT_3D('',#9254,#7746,#7747);
#6159=AXIS2_PLACEMENT_3D('',#9256,#7749,#7750);
#6160=AXIS2_PLACEMENT_3D('',#9262,#7754,#7755);
#6161=AXIS2_PLACEMENT_3D('',#9266,#7758,#7759);
#6162=AXIS2_PLACEMENT_3D('',#9270,#7762,#7763);
#6163=AXIS2_PLACEMENT_3D('',#9272,#7765,#7766);
#6164=AXIS2_PLACEMENT_3D('',#9273,#7767,#7768);
#6165=DIRECTION('axis',(0.,0.,1.));
#6166=DIRECTION('refdir',(1.,0.,0.));
#6167=DIRECTION('axis',(0.,0.,1.));
#6168=DIRECTION('refdir',(1.,0.,0.));
#6169=DIRECTION('center_axis',(0.408248290463863,0.408248290463863,-0.816496580927726));
#6170=DIRECTION('ref_axis',(-0.577350269189628,-0.577350269189625,-0.577350269189625));
#6171=DIRECTION('center_axis',(-1.,0.,0.));
#6172=DIRECTION('ref_axis',(0.,-1.,0.));
#6173=DIRECTION('center_axis',(0.,0.,-1.));
#6174=DIRECTION('ref_axis',(-1.,0.,0.));
#6175=DIRECTION('center_axis',(0.,-1.,0.));
#6176=DIRECTION('ref_axis',(0.,0.,-1.));
#6177=DIRECTION('center_axis',(-0.408248290463866,0.40824829046386,-0.816496580927726));
#6178=DIRECTION('ref_axis',(0.577350269189629,-0.577350269189625,-0.577350269189624));
#6179=DIRECTION('center_axis',(0.,-1.,0.));
#6180=DIRECTION('ref_axis',(1.,0.,0.));
#6181=DIRECTION('center_axis',(0.,0.,-1.));
#6182=DIRECTION('ref_axis',(0.,-1.,0.));
#6183=DIRECTION('center_axis',(1.,0.,0.));
#6184=DIRECTION('ref_axis',(0.,0.,-1.));
#6185=DIRECTION('center_axis',(0.408248290463863,-0.408248290463861,-0.816496580927727));
#6186=DIRECTION('ref_axis',(-0.577350269189629,0.577350269189625,-0.577350269189624));
#6187=DIRECTION('center_axis',(0.,1.,0.));
#6188=DIRECTION('ref_axis',(-1.,0.,0.));
#6189=DIRECTION('center_axis',(0.,0.,-1.));
#6190=DIRECTION('ref_axis',(0.,1.,0.));
#6191=DIRECTION('center_axis',(-1.,0.,0.));
#6192=DIRECTION('ref_axis',(0.,0.,-1.));
#6193=DIRECTION('center_axis',(-0.408248290463866,-0.408248290463862,-0.816496580927725));
#6194=DIRECTION('ref_axis',(-0.577350269189628,-0.577350269189625,0.577350269189625));
#6195=DIRECTION('center_axis',(0.,-1.,0.));
#6196=DIRECTION('ref_axis',(-1.,0.,0.));
#6197=DIRECTION('center_axis',(0.,0.,1.));
#6198=DIRECTION('ref_axis',(0.,-1.,0.));
#6199=DIRECTION('center_axis',(-1.,0.,0.));
#6200=DIRECTION('ref_axis',(0.,0.,1.));
#6201=DIRECTION('center_axis',(0.,0.,1.));
#6202=DIRECTION('ref_axis',(-0.707106781186546,-0.707106781186549,0.));
#6203=DIRECTION('',(0.,0.,-1.));
#6204=DIRECTION('',(0.,0.,1.));
#6205=DIRECTION('center_axis',(0.408248290463866,-0.40824829046386,-0.816496580927726));
#6206=DIRECTION('ref_axis',(0.577350269189629,-0.577350269189625,0.577350269189624));
#6207=DIRECTION('center_axis',(1.,0.,0.));
#6208=DIRECTION('ref_axis',(0.,-1.,0.));
#6209=DIRECTION('center_axis',(0.,0.,1.));
#6210=DIRECTION('ref_axis',(1.,0.,0.));
#6211=DIRECTION('center_axis',(0.,-1.,0.));
#6212=DIRECTION('ref_axis',(0.,0.,1.));
#6213=DIRECTION('center_axis',(0.,0.,1.));
#6214=DIRECTION('ref_axis',(0.707106781186546,-0.707106781186549,0.));
#6215=DIRECTION('',(0.,0.,-1.));
#6216=DIRECTION('',(0.,0.,1.));
#6217=DIRECTION('center_axis',(-0.408248290463866,-0.408248290463862,-0.816496580927725));
#6218=DIRECTION('ref_axis',(0.577350269189628,0.577350269189625,-0.577350269189625));
#6219=DIRECTION('center_axis',(1.,0.,0.));
#6220=DIRECTION('ref_axis',(0.,1.,0.));
#6221=DIRECTION('center_axis',(0.,0.,-1.));
#6222=DIRECTION('ref_axis',(1.,0.,0.));
#6223=DIRECTION('center_axis',(0.,1.,0.));
#6224=DIRECTION('ref_axis',(0.,0.,-1.));
#6225=DIRECTION('center_axis',(-0.408248290463866,0.40824829046386,-0.816496580927726));
#6226=DIRECTION('ref_axis',(-0.577350269189629,0.577350269189625,0.577350269189624));
#6227=DIRECTION('center_axis',(-1.,0.,0.));
#6228=DIRECTION('ref_axis',(0.,1.,0.));
#6229=DIRECTION('center_axis',(0.,0.,1.));
#6230=DIRECTION('ref_axis',(-1.,0.,0.));
#6231=DIRECTION('center_axis',(0.,1.,0.));
#6232=DIRECTION('ref_axis',(0.,0.,1.));
#6233=DIRECTION('center_axis',(0.,0.,1.));
#6234=DIRECTION('ref_axis',(-0.707106781186546,0.707106781186549,0.));
#6235=DIRECTION('',(0.,0.,-1.));
#6236=DIRECTION('',(0.,0.,1.));
#6237=DIRECTION('center_axis',(0.,-1.,0.));
#6238=DIRECTION('ref_axis',(-0.707106781186547,0.,0.707106781186548));
#6239=DIRECTION('',(0.,1.,0.));
#6240=DIRECTION('',(0.,-1.,0.));
#6241=DIRECTION('center_axis',(0.408248290463866,0.408248290463862,-0.816496580927725));
#6242=DIRECTION('ref_axis',(0.577350269189628,0.577350269189625,0.577350269189625));
#6243=DIRECTION('center_axis',(0.,1.,0.));
#6244=DIRECTION('ref_axis',(1.,0.,0.));
#6245=DIRECTION('center_axis',(0.,0.,1.));
#6246=DIRECTION('ref_axis',(0.,1.,0.));
#6247=DIRECTION('center_axis',(1.,0.,0.));
#6248=DIRECTION('ref_axis',(0.,0.,1.));
#6249=DIRECTION('center_axis',(0.,0.,-1.));
#6250=DIRECTION('ref_axis',(0.707106781186546,0.707106781186549,0.));
#6251=DIRECTION('',(0.,0.,1.));
#6252=DIRECTION('',(0.,0.,-1.));
#6253=DIRECTION('center_axis',(-1.,0.,0.));
#6254=DIRECTION('ref_axis',(0.,0.707106781186548,0.707106781186547));
#6255=DIRECTION('',(1.,0.,0.));
#6256=DIRECTION('',(-1.,0.,0.));
#6257=DIRECTION('center_axis',(0.,1.,0.));
#6258=DIRECTION('ref_axis',(0.707106781186547,0.,0.707106781186548));
#6259=DIRECTION('',(0.,-1.,0.));
#6260=DIRECTION('',(0.,1.,0.));
#6261=DIRECTION('center_axis',(0.,-1.,0.));
#6262=DIRECTION('ref_axis',(0.707106781186547,0.,-0.707106781186548));
#6263=DIRECTION('',(0.,1.,0.));
#6264=DIRECTION('',(0.,-1.,0.));
#6265=DIRECTION('center_axis',(1.,0.,0.));
#6266=DIRECTION('ref_axis',(0.,0.707106781186548,-0.707106781186547));
#6267=DIRECTION('',(-1.,0.,0.));
#6268=DIRECTION('',(1.,0.,0.));
#6269=DIRECTION('center_axis',(1.,0.,0.));
#6270=DIRECTION('ref_axis',(0.,-0.707106781186548,0.707106781186547));
#6271=DIRECTION('',(-1.,0.,0.));
#6272=DIRECTION('',(1.,0.,0.));
#6273=DIRECTION('center_axis',(0.,1.,0.));
#6274=DIRECTION('ref_axis',(-0.707106781186547,0.,-0.707106781186548));
#6275=DIRECTION('',(0.,-1.,0.));
#6276=DIRECTION('',(0.,1.,0.));
#6277=DIRECTION('center_axis',(-1.,0.,0.));
#6278=DIRECTION('ref_axis',(0.,-0.707106781186548,-0.707106781186547));
#6279=DIRECTION('',(1.,0.,0.));
#6280=DIRECTION('',(-1.,0.,0.));
#6281=DIRECTION('center_axis',(0.,-1.,0.));
#6282=DIRECTION('ref_axis',(1.,0.,0.));
#6283=DIRECTION('center_axis',(-1.,0.,0.));
#6284=DIRECTION('ref_axis',(0.,-1.,0.));
#6285=DIRECTION('center_axis',(0.,0.,1.));
#6286=DIRECTION('ref_axis',(1.,0.,0.));
#6287=DIRECTION('center_axis',(1.,0.,0.));
#6288=DIRECTION('ref_axis',(0.,1.,0.));
#6289=DIRECTION('center_axis',(0.,1.,0.));
#6290=DIRECTION('ref_axis',(-1.,0.,0.));
#6291=DIRECTION('center_axis',(0.,0.,-1.));
#6292=DIRECTION('ref_axis',(-1.,0.,0.));
#6293=DIRECTION('center_axis',(1.,0.,0.));
#6294=DIRECTION('ref_axis',(0.,-0.707106781186548,0.707106781186548));
#6295=DIRECTION('center_axis',(-1.,0.,0.));
#6296=DIRECTION('ref_axis',(0.,-0.707106781186548,0.707106781186548));
#6297=DIRECTION('',(1.,0.,0.));
#6298=DIRECTION('center_axis',(1.,0.,0.));
#6299=DIRECTION('ref_axis',(0.,-0.707106781186548,0.707106781186548));
#6300=DIRECTION('',(-1.,0.,0.));
#6301=DIRECTION('center_axis',(0.,1.,0.));
#6302=DIRECTION('ref_axis',(1.,0.,0.));
#6303=DIRECTION('',(0.,0.,-1.));
#6304=DIRECTION('',(-1.,0.,0.));
#6305=DIRECTION('',(0.,0.,-1.));
#6306=DIRECTION('center_axis',(-1.,0.,0.));
#6307=DIRECTION('ref_axis',(0.,0.707106781186548,0.707106781186548));
#6308=DIRECTION('center_axis',(1.,0.,0.));
#6309=DIRECTION('ref_axis',(0.,0.707106781186548,0.707106781186548));
#6310=DIRECTION('',(-1.,0.,0.));
#6311=DIRECTION('center_axis',(-1.,0.,0.));
#6312=DIRECTION('ref_axis',(0.,0.707106781186548,0.707106781186548));
#6313=DIRECTION('',(1.,0.,0.));
#6314=DIRECTION('center_axis',(0.,-1.,0.));
#6315=DIRECTION('ref_axis',(-1.,0.,0.));
#6316=DIRECTION('',(0.,0.,-1.));
#6317=DIRECTION('',(1.,0.,0.));
#6318=DIRECTION('',(0.,0.,-1.));
#6319=DIRECTION('center_axis',(-1.,0.,0.));
#6320=DIRECTION('ref_axis',(0.,0.707106781186548,0.707106781186548));
#6321=DIRECTION('center_axis',(1.,0.,0.));
#6322=DIRECTION('ref_axis',(0.,0.707106781186548,0.707106781186548));
#6323=DIRECTION('',(-1.,0.,0.));
#6324=DIRECTION('center_axis',(-1.,0.,0.));
#6325=DIRECTION('ref_axis',(0.,0.707106781186548,0.707106781186548));
#6326=DIRECTION('',(1.,0.,0.));
#6327=DIRECTION('center_axis',(0.,-1.,0.));
#6328=DIRECTION('ref_axis',(-1.,0.,0.));
#6329=DIRECTION('',(0.,0.,-1.));
#6330=DIRECTION('',(1.,0.,0.));
#6331=DIRECTION('',(0.,0.,-1.));
#6332=DIRECTION('center_axis',(1.,0.,0.));
#6333=DIRECTION('ref_axis',(0.,-0.707106781186548,0.707106781186548));
#6334=DIRECTION('center_axis',(-1.,0.,0.));
#6335=DIRECTION('ref_axis',(0.,-0.707106781186548,0.707106781186548));
#6336=DIRECTION('',(1.,0.,0.));
#6337=DIRECTION('center_axis',(1.,0.,0.));
#6338=DIRECTION('ref_axis',(0.,-0.707106781186548,0.707106781186548));
#6339=DIRECTION('',(-1.,0.,0.));
#6340=DIRECTION('center_axis',(0.,1.,0.));
#6341=DIRECTION('ref_axis',(1.,0.,0.));
#6342=DIRECTION('',(0.,0.,-1.));
#6343=DIRECTION('',(-1.,0.,0.));
#6344=DIRECTION('',(0.,0.,-1.));
#6345=DIRECTION('center_axis',(0.,0.,-1.));
#6346=DIRECTION('ref_axis',(-1.,0.,0.));
#6347=DIRECTION('center_axis',(0.,0.,-1.));
#6348=DIRECTION('ref_axis',(-1.,0.,0.));
#6349=DIRECTION('',(0.,0.,-1.));
#6350=DIRECTION('center_axis',(0.,0.,1.));
#6351=DIRECTION('ref_axis',(-1.,0.,0.));
#6352=DIRECTION('center_axis',(0.,0.,-1.));
#6353=DIRECTION('ref_axis',(-1.,0.,0.));
#6354=DIRECTION('center_axis',(0.,0.,-1.));
#6355=DIRECTION('ref_axis',(-1.,0.,0.));
#6356=DIRECTION('',(0.,0.,-1.));
#6357=DIRECTION('center_axis',(0.,0.,1.));
#6358=DIRECTION('ref_axis',(-1.,0.,0.));
#6359=DIRECTION('center_axis',(0.,0.,-1.));
#6360=DIRECTION('ref_axis',(-1.,0.,0.));
#6361=DIRECTION('center_axis',(0.,0.,-1.));
#6362=DIRECTION('ref_axis',(-1.,0.,0.));
#6363=DIRECTION('',(0.,0.,-1.));
#6364=DIRECTION('center_axis',(0.,0.,1.));
#6365=DIRECTION('ref_axis',(-1.,0.,0.));
#6366=DIRECTION('center_axis',(0.,0.,-1.));
#6367=DIRECTION('ref_axis',(-1.,0.,0.));
#6368=DIRECTION('center_axis',(0.,0.,-1.));
#6369=DIRECTION('ref_axis',(-1.,0.,0.));
#6370=DIRECTION('',(0.,0.,-1.));
#6371=DIRECTION('center_axis',(0.,0.,1.));
#6372=DIRECTION('ref_axis',(-1.,0.,0.));
#6373=DIRECTION('center_axis',(-1.,0.,0.));
#6374=DIRECTION('ref_axis',(0.,1.,0.));
#6375=DIRECTION('',(0.,1.,0.));
#6376=DIRECTION('',(0.,0.,-1.));
#6377=DIRECTION('',(0.,-1.,0.));
#6378=DIRECTION('center_axis',(0.,-1.,0.));
#6379=DIRECTION('ref_axis',(-1.,0.,0.));
#6380=DIRECTION('',(-1.,0.,0.));
#6381=DIRECTION('',(0.,0.,-1.));
#6382=DIRECTION('',(1.,0.,0.));
#6383=DIRECTION('center_axis',(1.,0.,0.));
#6384=DIRECTION('ref_axis',(0.,-1.,0.));
#6385=DIRECTION('',(0.,-1.,0.));
#6386=DIRECTION('',(0.,1.,0.));
#6387=DIRECTION('center_axis',(0.,0.,-1.));
#6388=DIRECTION('ref_axis',(-1.,0.,0.));
#6389=DIRECTION('center_axis',(0.,0.,-1.));
#6390=DIRECTION('ref_axis',(-1.,0.,0.));
#6391=DIRECTION('',(0.,0.,-1.));
#6392=DIRECTION('center_axis',(0.,0.,1.));
#6393=DIRECTION('ref_axis',(-1.,0.,0.));
#6394=DIRECTION('center_axis',(0.,0.,-1.));
#6395=DIRECTION('ref_axis',(-1.,0.,0.));
#6396=DIRECTION('center_axis',(0.,0.,-1.));
#6397=DIRECTION('ref_axis',(-1.,0.,0.));
#6398=DIRECTION('',(0.,0.,-1.));
#6399=DIRECTION('center_axis',(0.,0.,1.));
#6400=DIRECTION('ref_axis',(-1.,0.,0.));
#6401=DIRECTION('center_axis',(0.,0.,-1.));
#6402=DIRECTION('ref_axis',(-1.,0.,0.));
#6403=DIRECTION('center_axis',(0.,0.,-1.));
#6404=DIRECTION('ref_axis',(-1.,0.,0.));
#6405=DIRECTION('',(0.,0.,-1.));
#6406=DIRECTION('center_axis',(0.,0.,1.));
#6407=DIRECTION('ref_axis',(-1.,0.,0.));
#6408=DIRECTION('center_axis',(-1.,0.,0.));
#6409=DIRECTION('ref_axis',(0.,1.,0.));
#6410=DIRECTION('',(0.,1.,0.));
#6411=DIRECTION('',(0.,0.,-1.));
#6412=DIRECTION('',(0.,-1.,0.));
#6413=DIRECTION('',(0.,0.,-1.));
#6414=DIRECTION('center_axis',(0.,-1.,0.));
#6415=DIRECTION('ref_axis',(-1.,0.,0.));
#6416=DIRECTION('',(-1.,0.,0.));
#6417=DIRECTION('',(0.,0.,-1.));
#6418=DIRECTION('',(1.,0.,0.));
#6419=DIRECTION('center_axis',(1.,0.,0.));
#6420=DIRECTION('ref_axis',(0.,-1.,0.));
#6421=DIRECTION('',(0.,-1.,0.));
#6422=DIRECTION('',(0.,0.,-1.));
#6423=DIRECTION('',(0.,1.,0.));
#6424=DIRECTION('center_axis',(0.,1.,0.));
#6425=DIRECTION('ref_axis',(1.,0.,0.));
#6426=DIRECTION('',(1.,0.,0.));
#6427=DIRECTION('',(-1.,0.,0.));
#6428=DIRECTION('center_axis',(-1.,0.,0.));
#6429=DIRECTION('ref_axis',(0.,1.,0.));
#6430=DIRECTION('',(0.,1.,0.));
#6431=DIRECTION('',(0.,-1.,0.));
#6432=DIRECTION('',(0.,0.,-1.));
#6433=DIRECTION('center_axis',(1.,0.,0.));
#6434=DIRECTION('ref_axis',(0.,-1.,0.));
#6435=DIRECTION('',(0.,-1.,0.));
#6436=DIRECTION('',(0.,0.,-1.));
#6437=DIRECTION('',(0.,1.,0.));
#6438=DIRECTION('center_axis',(0.,1.,0.));
#6439=DIRECTION('ref_axis',(1.,0.,0.));
#6440=DIRECTION('',(1.,0.,0.));
#6441=DIRECTION('',(-1.,0.,0.));
#6442=DIRECTION('center_axis',(0.,0.,-1.));
#6443=DIRECTION('ref_axis',(-1.,0.,0.));
#6444=DIRECTION('center_axis',(0.,0.,-1.));
#6445=DIRECTION('ref_axis',(-1.,0.,0.));
#6446=DIRECTION('',(0.,0.,-1.));
#6447=DIRECTION('center_axis',(0.,0.,1.));
#6448=DIRECTION('ref_axis',(-1.,0.,0.));
#6449=DIRECTION('center_axis',(0.,0.,-1.));
#6450=DIRECTION('ref_axis',(-1.,0.,0.));
#6451=DIRECTION('center_axis',(0.,0.,-1.));
#6452=DIRECTION('ref_axis',(-1.,0.,0.));
#6453=DIRECTION('',(0.,0.,-1.));
#6454=DIRECTION('center_axis',(0.,0.,1.));
#6455=DIRECTION('ref_axis',(-1.,0.,0.));
#6456=DIRECTION('center_axis',(0.,0.,-1.));
#6457=DIRECTION('ref_axis',(-1.,0.,0.));
#6458=DIRECTION('center_axis',(0.,0.,-1.));
#6459=DIRECTION('ref_axis',(-1.,0.,0.));
#6460=DIRECTION('',(0.,0.,-1.));
#6461=DIRECTION('center_axis',(0.,0.,1.));
#6462=DIRECTION('ref_axis',(-1.,0.,0.));
#6463=DIRECTION('center_axis',(0.,0.,-1.));
#6464=DIRECTION('ref_axis',(-1.,0.,0.));
#6465=DIRECTION('center_axis',(0.,0.,-1.));
#6466=DIRECTION('ref_axis',(-1.,0.,0.));
#6467=DIRECTION('',(0.,0.,-1.));
#6468=DIRECTION('center_axis',(0.,0.,1.));
#6469=DIRECTION('ref_axis',(-1.,0.,0.));
#6470=DIRECTION('center_axis',(0.,0.,-1.));
#6471=DIRECTION('ref_axis',(-1.,0.,0.));
#6472=DIRECTION('center_axis',(0.,0.,-1.));
#6473=DIRECTION('ref_axis',(-1.,0.,0.));
#6474=DIRECTION('',(0.,0.,-1.));
#6475=DIRECTION('center_axis',(0.,0.,1.));
#6476=DIRECTION('ref_axis',(-1.,0.,0.));
#6477=DIRECTION('center_axis',(0.,0.,-1.));
#6478=DIRECTION('ref_axis',(-1.,0.,0.));
#6479=DIRECTION('center_axis',(0.,0.,-1.));
#6480=DIRECTION('ref_axis',(-1.,0.,0.));
#6481=DIRECTION('',(0.,0.,-1.));
#6482=DIRECTION('center_axis',(0.,0.,1.));
#6483=DIRECTION('ref_axis',(-1.,0.,0.));
#6484=DIRECTION('center_axis',(0.,0.,-1.));
#6485=DIRECTION('ref_axis',(-1.,0.,0.));
#6486=DIRECTION('center_axis',(0.,0.,-1.));
#6487=DIRECTION('ref_axis',(-1.,0.,0.));
#6488=DIRECTION('',(0.,0.,-1.));
#6489=DIRECTION('center_axis',(0.,0.,1.));
#6490=DIRECTION('ref_axis',(-1.,0.,0.));
#6491=DIRECTION('center_axis',(0.,0.,-1.));
#6492=DIRECTION('ref_axis',(-1.,0.,0.));
#6493=DIRECTION('center_axis',(0.,0.,-1.));
#6494=DIRECTION('ref_axis',(-1.,0.,0.));
#6495=DIRECTION('',(0.,0.,-1.));
#6496=DIRECTION('center_axis',(0.,0.,1.));
#6497=DIRECTION('ref_axis',(-1.,0.,0.));
#6498=DIRECTION('center_axis',(-1.,0.,0.));
#6499=DIRECTION('ref_axis',(0.,1.,0.));
#6500=DIRECTION('',(0.,1.,0.));
#6501=DIRECTION('',(0.,0.,-1.));
#6502=DIRECTION('',(0.,-1.,0.));
#6503=DIRECTION('',(0.,0.,-1.));
#6504=DIRECTION('center_axis',(0.,-1.,0.));
#6505=DIRECTION('ref_axis',(-1.,0.,0.));
#6506=DIRECTION('',(-1.,0.,0.));
#6507=DIRECTION('',(0.,0.,-1.));
#6508=DIRECTION('',(1.,0.,0.));
#6509=DIRECTION('center_axis',(1.,0.,0.));
#6510=DIRECTION('ref_axis',(0.,-1.,0.));
#6511=DIRECTION('',(0.,-1.,0.));
#6512=DIRECTION('',(0.,0.,-1.));
#6513=DIRECTION('',(0.,1.,0.));
#6514=DIRECTION('center_axis',(0.,1.,0.));
#6515=DIRECTION('ref_axis',(1.,0.,0.));
#6516=DIRECTION('',(1.,0.,0.));
#6517=DIRECTION('',(-1.,0.,0.));
#6518=DIRECTION('center_axis',(-1.,0.,0.));
#6519=DIRECTION('ref_axis',(0.,1.,0.));
#6520=DIRECTION('',(0.,1.,0.));
#6521=DIRECTION('',(0.,-1.,0.));
#6522=DIRECTION('',(0.,0.,-1.));
#6523=DIRECTION('center_axis',(1.,0.,0.));
#6524=DIRECTION('ref_axis',(0.,-1.,0.));
#6525=DIRECTION('',(0.,-1.,0.));
#6526=DIRECTION('',(0.,0.,-1.));
#6527=DIRECTION('',(0.,1.,0.));
#6528=DIRECTION('center_axis',(0.,1.,0.));
#6529=DIRECTION('ref_axis',(1.,0.,0.));
#6530=DIRECTION('',(1.,0.,0.));
#6531=DIRECTION('',(-1.,0.,0.));
#6532=DIRECTION('center_axis',(0.,0.,-1.));
#6533=DIRECTION('ref_axis',(-1.,0.,0.));
#6534=DIRECTION('center_axis',(0.,0.,-1.));
#6535=DIRECTION('ref_axis',(-1.,0.,0.));
#6536=DIRECTION('',(0.,0.,-1.));
#6537=DIRECTION('center_axis',(0.,0.,1.));
#6538=DIRECTION('ref_axis',(-1.,0.,0.));
#6539=DIRECTION('center_axis',(0.,0.,-1.));
#6540=DIRECTION('ref_axis',(-1.,0.,0.));
#6541=DIRECTION('center_axis',(0.,0.,-1.));
#6542=DIRECTION('ref_axis',(-1.,0.,0.));
#6543=DIRECTION('',(0.,0.,-1.));
#6544=DIRECTION('center_axis',(0.,0.,1.));
#6545=DIRECTION('ref_axis',(-1.,0.,0.));
#6546=DIRECTION('center_axis',(-1.,0.,0.));
#6547=DIRECTION('ref_axis',(0.,1.,0.));
#6548=DIRECTION('',(0.,1.,0.));
#6549=DIRECTION('',(0.,0.,-1.));
#6550=DIRECTION('',(0.,-1.,0.));
#6551=DIRECTION('',(0.,0.,-1.));
#6552=DIRECTION('center_axis',(0.,-1.,0.));
#6553=DIRECTION('ref_axis',(-1.,0.,0.));
#6554=DIRECTION('',(-1.,0.,0.));
#6555=DIRECTION('',(0.,0.,-1.));
#6556=DIRECTION('',(1.,0.,0.));
#6557=DIRECTION('center_axis',(1.,0.,0.));
#6558=DIRECTION('ref_axis',(0.,-1.,0.));
#6559=DIRECTION('',(0.,-1.,0.));
#6560=DIRECTION('',(0.,0.,-1.));
#6561=DIRECTION('',(0.,1.,0.));
#6562=DIRECTION('center_axis',(0.,1.,0.));
#6563=DIRECTION('ref_axis',(1.,0.,0.));
#6564=DIRECTION('',(1.,0.,0.));
#6565=DIRECTION('',(-1.,0.,0.));
#6566=DIRECTION('center_axis',(1.,0.,0.));
#6567=DIRECTION('ref_axis',(0.,-1.,0.));
#6568=DIRECTION('',(0.,-1.,0.));
#6569=DIRECTION('',(0.,1.,0.));
#6570=DIRECTION('',(0.,0.,-1.));
#6571=DIRECTION('center_axis',(-1.,0.,0.));
#6572=DIRECTION('ref_axis',(0.,1.,0.));
#6573=DIRECTION('',(0.,1.,0.));
#6574=DIRECTION('',(0.,0.,-1.));
#6575=DIRECTION('',(0.,-1.,0.));
#6576=DIRECTION('center_axis',(0.,-1.,0.));
#6577=DIRECTION('ref_axis',(-1.,0.,0.));
#6578=DIRECTION('',(-1.,0.,0.));
#6579=DIRECTION('',(1.,0.,0.));
#6580=DIRECTION('center_axis',(0.,0.,-1.));
#6581=DIRECTION('ref_axis',(-1.,0.,0.));
#6582=DIRECTION('center_axis',(0.,0.,-1.));
#6583=DIRECTION('ref_axis',(-1.,0.,0.));
#6584=DIRECTION('',(0.,0.,-1.));
#6585=DIRECTION('center_axis',(0.,0.,1.));
#6586=DIRECTION('ref_axis',(-1.,0.,0.));
#6587=DIRECTION('center_axis',(0.,0.,-1.));
#6588=DIRECTION('ref_axis',(-1.,0.,0.));
#6589=DIRECTION('center_axis',(0.,0.,-1.));
#6590=DIRECTION('ref_axis',(-1.,0.,0.));
#6591=DIRECTION('',(0.,0.,-1.));
#6592=DIRECTION('center_axis',(0.,0.,1.));
#6593=DIRECTION('ref_axis',(-1.,0.,0.));
#6594=DIRECTION('center_axis',(-1.,0.,0.));
#6595=DIRECTION('ref_axis',(0.,1.,0.));
#6596=DIRECTION('',(0.,1.,0.));
#6597=DIRECTION('',(0.,0.,-1.));
#6598=DIRECTION('',(0.,-1.,0.));
#6599=DIRECTION('',(0.,0.,-1.));
#6600=DIRECTION('center_axis',(0.,-1.,0.));
#6601=DIRECTION('ref_axis',(-1.,0.,0.));
#6602=DIRECTION('',(-1.,0.,0.));
#6603=DIRECTION('',(0.,0.,-1.));
#6604=DIRECTION('',(1.,0.,0.));
#6605=DIRECTION('center_axis',(1.,0.,0.));
#6606=DIRECTION('ref_axis',(0.,-1.,0.));
#6607=DIRECTION('',(0.,-1.,0.));
#6608=DIRECTION('',(0.,0.,-1.));
#6609=DIRECTION('',(0.,1.,0.));
#6610=DIRECTION('center_axis',(0.,1.,0.));
#6611=DIRECTION('ref_axis',(1.,0.,0.));
#6612=DIRECTION('',(1.,0.,0.));
#6613=DIRECTION('',(-1.,0.,0.));
#6614=DIRECTION('center_axis',(0.,0.,-1.));
#6615=DIRECTION('ref_axis',(-1.,0.,0.));
#6616=DIRECTION('center_axis',(0.,0.,-1.));
#6617=DIRECTION('ref_axis',(-1.,0.,0.));
#6618=DIRECTION('',(0.,0.,-1.));
#6619=DIRECTION('center_axis',(0.,0.,1.));
#6620=DIRECTION('ref_axis',(-1.,0.,0.));
#6621=DIRECTION('center_axis',(0.,-1.,0.));
#6622=DIRECTION('ref_axis',(-1.,0.,0.));
#6623=DIRECTION('',(-1.,0.,0.));
#6624=DIRECTION('',(0.,0.,-1.));
#6625=DIRECTION('',(1.,0.,0.));
#6626=DIRECTION('',(0.,0.,-1.));
#6627=DIRECTION('center_axis',(1.,0.,0.));
#6628=DIRECTION('ref_axis',(0.,-1.,0.));
#6629=DIRECTION('',(0.,-1.,0.));
#6630=DIRECTION('',(0.,0.,-1.));
#6631=DIRECTION('',(0.,1.,0.));
#6632=DIRECTION('center_axis',(0.,1.,0.));
#6633=DIRECTION('ref_axis',(1.,0.,0.));
#6634=DIRECTION('',(1.,0.,0.));
#6635=DIRECTION('',(0.,0.,-1.));
#6636=DIRECTION('',(-1.,0.,0.));
#6637=DIRECTION('center_axis',(-1.,0.,0.));
#6638=DIRECTION('ref_axis',(0.,1.,0.));
#6639=DIRECTION('',(0.,1.,0.));
#6640=DIRECTION('',(0.,-1.,0.));
#6641=DIRECTION('center_axis',(0.,0.,-1.));
#6642=DIRECTION('ref_axis',(-1.,0.,0.));
#6643=DIRECTION('center_axis',(0.,0.,1.));
#6644=DIRECTION('ref_axis',(-1.,0.,0.));
#6645=DIRECTION('center_axis',(0.,-1.,0.));
#6646=DIRECTION('ref_axis',(1.,0.,0.));
#6647=DIRECTION('center_axis',(0.,0.,1.));
#6648=DIRECTION('ref_axis',(-1.,0.,0.));
#6649=DIRECTION('center_axis',(0.,0.,1.));
#6650=DIRECTION('ref_axis',(1.,0.,0.));
#6651=DIRECTION('',(0.,-1.,0.));
#6652=DIRECTION('',(0.707106781186548,-0.707106781186547,0.));
#6653=DIRECTION('',(1.,0.,0.));
#6654=DIRECTION('',(0.707106781186548,-0.707106781186547,0.));
#6655=DIRECTION('',(1.,0.,0.));
#6656=DIRECTION('',(0.707106781186545,0.70710678118655,0.));
#6657=DIRECTION('',(1.,-3.82476953588823E-16,0.));
#6658=DIRECTION('',(0.707106781186548,0.707106781186547,0.));
#6659=DIRECTION('',(0.,1.,0.));
#6660=DIRECTION('',(-0.707106781186547,0.707106781186548,0.));
#6661=DIRECTION('',(-1.,-7.64953907177646E-16,0.));
#6662=DIRECTION('',(-0.707106781186547,0.707106781186548,0.));
#6663=DIRECTION('',(-1.,0.,0.));
#6664=DIRECTION('',(-0.707106781186547,-0.707106781186548,0.));
#6665=DIRECTION('',(-1.,0.,0.));
#6666=DIRECTION('',(-0.707106781186548,-0.707106781186547,0.));
#6667=DIRECTION('center_axis',(0.,0.,1.));
#6668=DIRECTION('ref_axis',(-1.,0.,0.));
#6669=DIRECTION('center_axis',(0.,0.,1.));
#6670=DIRECTION('ref_axis',(-1.,0.,0.));
#6671=DIRECTION('center_axis',(0.,0.,1.));
#6672=DIRECTION('ref_axis',(-1.,0.,0.));
#6673=DIRECTION('center_axis',(0.,0.,1.));
#6674=DIRECTION('ref_axis',(-1.,0.,0.));
#6675=DIRECTION('center_axis',(0.,0.,-1.));
#6676=DIRECTION('ref_axis',(1.,0.,0.));
#6677=DIRECTION('center_axis',(0.,0.,-1.));
#6678=DIRECTION('ref_axis',(1.,0.,0.));
#6679=DIRECTION('center_axis',(0.,0.,-1.));
#6680=DIRECTION('ref_axis',(1.,0.,0.));
#6681=DIRECTION('center_axis',(0.,0.,-1.));
#6682=DIRECTION('ref_axis',(1.,0.,0.));
#6683=DIRECTION('center_axis',(0.,0.,-1.));
#6684=DIRECTION('ref_axis',(1.,0.,0.));
#6685=DIRECTION('center_axis',(0.,0.,-1.));
#6686=DIRECTION('ref_axis',(1.,0.,0.));
#6687=DIRECTION('center_axis',(0.,0.,-1.));
#6688=DIRECTION('ref_axis',(1.,0.,0.));
#6689=DIRECTION('center_axis',(0.,0.,-1.));
#6690=DIRECTION('ref_axis',(1.,0.,0.));
#6691=DIRECTION('center_axis',(0.,0.,-1.));
#6692=DIRECTION('ref_axis',(1.,0.,0.));
#6693=DIRECTION('center_axis',(0.,0.,-1.));
#6694=DIRECTION('ref_axis',(1.,0.,0.));
#6695=DIRECTION('center_axis',(0.,0.,-1.));
#6696=DIRECTION('ref_axis',(1.,0.,0.));
#6697=DIRECTION('center_axis',(0.,0.,-1.));
#6698=DIRECTION('ref_axis',(1.,0.,0.));
#6699=DIRECTION('center_axis',(0.,0.,1.));
#6700=DIRECTION('ref_axis',(-1.,0.,0.));
#6701=DIRECTION('center_axis',(0.,0.,1.));
#6702=DIRECTION('ref_axis',(-1.,0.,0.));
#6703=DIRECTION('center_axis',(0.,0.,1.));
#6704=DIRECTION('ref_axis',(-1.,0.,0.));
#6705=DIRECTION('center_axis',(0.,0.,-1.));
#6706=DIRECTION('ref_axis',(-1.,0.,0.));
#6707=DIRECTION('center_axis',(0.,0.,1.));
#6708=DIRECTION('ref_axis',(-1.,0.,0.));
#6709=DIRECTION('center_axis',(0.,-1.,0.));
#6710=DIRECTION('ref_axis',(1.,0.,0.));
#6711=DIRECTION('center_axis',(0.,0.,-1.));
#6712=DIRECTION('ref_axis',(-1.,0.,0.));
#6713=DIRECTION('center_axis',(0.,0.,1.));
#6714=DIRECTION('ref_axis',(-1.,0.,0.));
#6715=DIRECTION('center_axis',(0.,-1.,0.));
#6716=DIRECTION('ref_axis',(1.,0.,0.));
#6717=DIRECTION('center_axis',(0.,0.,-1.));
#6718=DIRECTION('ref_axis',(-1.,0.,0.));
#6719=DIRECTION('center_axis',(0.,0.,1.));
#6720=DIRECTION('ref_axis',(-1.,0.,0.));
#6721=DIRECTION('center_axis',(0.,-1.,0.));
#6722=DIRECTION('ref_axis',(1.,0.,0.));
#6723=DIRECTION('center_axis',(0.,0.,-1.));
#6724=DIRECTION('ref_axis',(-1.,0.,0.));
#6725=DIRECTION('center_axis',(0.,0.,1.));
#6726=DIRECTION('ref_axis',(-1.,0.,0.));
#6727=DIRECTION('center_axis',(0.,-1.,0.));
#6728=DIRECTION('ref_axis',(1.,0.,0.));
#6729=DIRECTION('center_axis',(0.,0.,-1.));
#6730=DIRECTION('ref_axis',(-1.,0.,0.));
#6731=DIRECTION('center_axis',(0.,0.,1.));
#6732=DIRECTION('ref_axis',(-1.,0.,0.));
#6733=DIRECTION('center_axis',(0.,-1.,0.));
#6734=DIRECTION('ref_axis',(1.,0.,0.));
#6735=DIRECTION('center_axis',(0.,0.,-1.));
#6736=DIRECTION('ref_axis',(-1.,0.,0.));
#6737=DIRECTION('center_axis',(0.,0.,1.));
#6738=DIRECTION('ref_axis',(-1.,0.,0.));
#6739=DIRECTION('center_axis',(0.,-1.,0.));
#6740=DIRECTION('ref_axis',(1.,0.,0.));
#6741=DIRECTION('center_axis',(0.,0.,-1.));
#6742=DIRECTION('ref_axis',(-1.,0.,0.));
#6743=DIRECTION('center_axis',(0.,0.,1.));
#6744=DIRECTION('ref_axis',(-1.,0.,0.));
#6745=DIRECTION('center_axis',(0.,-1.,0.));
#6746=DIRECTION('ref_axis',(1.,0.,0.));
#6747=DIRECTION('center_axis',(0.,0.,1.));
#6748=DIRECTION('ref_axis',(-1.,0.,0.));
#6749=DIRECTION('center_axis',(0.,0.,-1.));
#6750=DIRECTION('ref_axis',(-1.,0.,0.));
#6751=DIRECTION('',(0.,0.,-1.));
#6752=DIRECTION('center_axis',(0.,0.,1.));
#6753=DIRECTION('ref_axis',(-1.,0.,0.));
#6754=DIRECTION('center_axis',(0.,0.,1.));
#6755=DIRECTION('ref_axis',(-1.,0.,0.));
#6756=DIRECTION('center_axis',(0.,0.,1.));
#6757=DIRECTION('ref_axis',(-1.,0.,0.));
#6758=DIRECTION('center_axis',(0.,0.,-1.));
#6759=DIRECTION('ref_axis',(-1.,0.,0.));
#6760=DIRECTION('',(0.,0.,-1.));
#6761=DIRECTION('center_axis',(0.,0.,1.));
#6762=DIRECTION('ref_axis',(-1.,0.,0.));
#6763=DIRECTION('center_axis',(0.,0.,1.));
#6764=DIRECTION('ref_axis',(-1.,0.,0.));
#6765=DIRECTION('center_axis',(0.,0.,1.));
#6766=DIRECTION('ref_axis',(-1.,0.,0.));
#6767=DIRECTION('center_axis',(0.,0.,-1.));
#6768=DIRECTION('ref_axis',(-1.,0.,0.));
#6769=DIRECTION('',(0.,0.,-1.));
#6770=DIRECTION('center_axis',(0.,0.,1.));
#6771=DIRECTION('ref_axis',(-1.,0.,0.));
#6772=DIRECTION('center_axis',(0.,0.,1.));
#6773=DIRECTION('ref_axis',(-1.,0.,0.));
#6774=DIRECTION('center_axis',(0.,0.,1.));
#6775=DIRECTION('ref_axis',(-1.,0.,0.));
#6776=DIRECTION('center_axis',(0.,0.,-1.));
#6777=DIRECTION('ref_axis',(-1.,0.,0.));
#6778=DIRECTION('',(0.,0.,-1.));
#6779=DIRECTION('center_axis',(0.,0.,1.));
#6780=DIRECTION('ref_axis',(-1.,0.,0.));
#6781=DIRECTION('center_axis',(0.,0.,1.));
#6782=DIRECTION('ref_axis',(-1.,0.,0.));
#6783=DIRECTION('center_axis',(0.,0.,1.));
#6784=DIRECTION('ref_axis',(-1.,0.,0.));
#6785=DIRECTION('center_axis',(0.,0.,-1.));
#6786=DIRECTION('ref_axis',(-1.,0.,0.));
#6787=DIRECTION('',(0.,0.,-1.));
#6788=DIRECTION('center_axis',(0.,0.,1.));
#6789=DIRECTION('ref_axis',(-1.,0.,0.));
#6790=DIRECTION('center_axis',(0.,0.,1.));
#6791=DIRECTION('ref_axis',(-1.,0.,0.));
#6792=DIRECTION('center_axis',(0.,0.,1.));
#6793=DIRECTION('ref_axis',(-1.,0.,0.));
#6794=DIRECTION('center_axis',(0.,0.,-1.));
#6795=DIRECTION('ref_axis',(-1.,0.,0.));
#6796=DIRECTION('',(0.,0.,-1.));
#6797=DIRECTION('center_axis',(0.,0.,1.));
#6798=DIRECTION('ref_axis',(-1.,0.,0.));
#6799=DIRECTION('center_axis',(0.,0.,1.));
#6800=DIRECTION('ref_axis',(-1.,0.,0.));
#6801=DIRECTION('center_axis',(0.,0.,1.));
#6802=DIRECTION('ref_axis',(-1.,0.,0.));
#6803=DIRECTION('center_axis',(0.,0.,-1.));
#6804=DIRECTION('ref_axis',(-1.,0.,0.));
#6805=DIRECTION('',(0.,0.,-1.));
#6806=DIRECTION('center_axis',(0.,0.,1.));
#6807=DIRECTION('ref_axis',(-1.,0.,0.));
#6808=DIRECTION('center_axis',(0.,0.,1.));
#6809=DIRECTION('ref_axis',(-1.,0.,0.));
#6810=DIRECTION('center_axis',(0.,0.,1.));
#6811=DIRECTION('ref_axis',(-1.,0.,0.));
#6812=DIRECTION('center_axis',(0.,0.,-1.));
#6813=DIRECTION('ref_axis',(-1.,0.,0.));
#6814=DIRECTION('',(0.,0.,-1.));
#6815=DIRECTION('center_axis',(0.,0.,1.));
#6816=DIRECTION('ref_axis',(-1.,0.,0.));
#6817=DIRECTION('center_axis',(0.,0.,1.));
#6818=DIRECTION('ref_axis',(-1.,0.,0.));
#6819=DIRECTION('center_axis',(0.,0.,1.));
#6820=DIRECTION('ref_axis',(1.,0.,0.));
#6821=DIRECTION('',(0.,0.,-1.));
#6822=DIRECTION('center_axis',(0.,0.,-1.));
#6823=DIRECTION('ref_axis',(1.,0.,0.));
#6824=DIRECTION('center_axis',(0.,0.,1.));
#6825=DIRECTION('ref_axis',(1.,0.,0.));
#6826=DIRECTION('',(0.,0.,-1.));
#6827=DIRECTION('center_axis',(0.,0.,-1.));
#6828=DIRECTION('ref_axis',(1.,0.,0.));
#6829=DIRECTION('center_axis',(0.,0.,1.));
#6830=DIRECTION('ref_axis',(1.,0.,0.));
#6831=DIRECTION('',(0.,0.,-1.));
#6832=DIRECTION('center_axis',(0.,0.,-1.));
#6833=DIRECTION('ref_axis',(1.,0.,0.));
#6834=DIRECTION('center_axis',(0.,0.,1.));
#6835=DIRECTION('ref_axis',(1.,0.,0.));
#6836=DIRECTION('',(0.,0.,-1.));
#6837=DIRECTION('center_axis',(0.,0.,-1.));
#6838=DIRECTION('ref_axis',(1.,0.,0.));
#6839=DIRECTION('center_axis',(0.,0.,1.));
#6840=DIRECTION('ref_axis',(1.,0.,0.));
#6841=DIRECTION('',(0.,0.,-1.));
#6842=DIRECTION('center_axis',(0.,0.,-1.));
#6843=DIRECTION('ref_axis',(1.,0.,0.));
#6844=DIRECTION('center_axis',(0.,0.,1.));
#6845=DIRECTION('ref_axis',(1.,0.,0.));
#6846=DIRECTION('',(0.,0.,-1.));
#6847=DIRECTION('center_axis',(0.,0.,-1.));
#6848=DIRECTION('ref_axis',(1.,0.,0.));
#6849=DIRECTION('center_axis',(0.,0.,1.));
#6850=DIRECTION('ref_axis',(1.,0.,0.));
#6851=DIRECTION('',(0.,0.,-1.));
#6852=DIRECTION('center_axis',(0.,0.,-1.));
#6853=DIRECTION('ref_axis',(1.,0.,0.));
#6854=DIRECTION('center_axis',(0.,0.,1.));
#6855=DIRECTION('ref_axis',(1.,0.,0.));
#6856=DIRECTION('',(0.,0.,-1.));
#6857=DIRECTION('center_axis',(0.,0.,-1.));
#6858=DIRECTION('ref_axis',(1.,0.,0.));
#6859=DIRECTION('center_axis',(0.,0.,1.));
#6860=DIRECTION('ref_axis',(1.,0.,0.));
#6861=DIRECTION('',(0.,0.,-1.));
#6862=DIRECTION('center_axis',(0.,0.,-1.));
#6863=DIRECTION('ref_axis',(1.,0.,0.));
#6864=DIRECTION('center_axis',(0.,0.,1.));
#6865=DIRECTION('ref_axis',(1.,0.,0.));
#6866=DIRECTION('',(0.,0.,-1.));
#6867=DIRECTION('center_axis',(0.,0.,-1.));
#6868=DIRECTION('ref_axis',(1.,0.,0.));
#6869=DIRECTION('center_axis',(0.,0.,1.));
#6870=DIRECTION('ref_axis',(1.,0.,0.));
#6871=DIRECTION('',(0.,0.,-1.));
#6872=DIRECTION('center_axis',(0.,0.,-1.));
#6873=DIRECTION('ref_axis',(1.,0.,0.));
#6874=DIRECTION('center_axis',(0.,0.,1.));
#6875=DIRECTION('ref_axis',(1.,0.,0.));
#6876=DIRECTION('',(0.,0.,-1.));
#6877=DIRECTION('center_axis',(0.,0.,-1.));
#6878=DIRECTION('ref_axis',(1.,0.,0.));
#6879=DIRECTION('center_axis',(-0.707106781186547,0.707106781186548,0.));
#6880=DIRECTION('ref_axis',(-0.707106781186548,-0.707106781186547,0.));
#6881=DIRECTION('',(0.707106781186548,0.707106781186547,0.));
#6882=DIRECTION('',(0.,0.,1.));
#6883=DIRECTION('',(0.,0.,1.));
#6884=DIRECTION('center_axis',(0.,1.,0.));
#6885=DIRECTION('ref_axis',(-1.,0.,0.));
#6886=DIRECTION('',(1.,0.,0.));
#6887=DIRECTION('',(0.,0.,1.));
#6888=DIRECTION('center_axis',(-0.707106781186548,0.707106781186547,0.));
#6889=DIRECTION('ref_axis',(-0.707106781186547,-0.707106781186548,0.));
#6890=DIRECTION('',(-0.707106781186547,-0.707106781186548,0.));
#6891=DIRECTION('',(0.,0.,1.));
#6892=DIRECTION('center_axis',(0.,1.,0.));
#6893=DIRECTION('ref_axis',(-1.,0.,0.));
#6894=DIRECTION('',(1.,0.,0.));
#6895=DIRECTION('',(0.,0.,1.));
#6896=DIRECTION('center_axis',(0.707106781186548,0.707106781186547,0.));
#6897=DIRECTION('ref_axis',(-0.707106781186547,0.707106781186548,0.));
#6898=DIRECTION('',(0.707106781186547,-0.707106781186548,0.));
#6899=DIRECTION('',(0.,0.,1.));
#6900=DIRECTION('center_axis',(-7.64953907177646E-16,1.,0.));
#6901=DIRECTION('ref_axis',(-1.,-7.64953907177646E-16,0.));
#6902=DIRECTION('',(1.,7.64953907177646E-16,0.));
#6903=DIRECTION('',(0.,0.,1.));
#6904=DIRECTION('center_axis',(0.707106781186548,0.707106781186547,0.));
#6905=DIRECTION('ref_axis',(-0.707106781186547,0.707106781186548,0.));
#6906=DIRECTION('',(0.707106781186547,-0.707106781186548,0.));
#6907=DIRECTION('',(0.,0.,1.));
#6908=DIRECTION('center_axis',(1.,0.,0.));
#6909=DIRECTION('ref_axis',(0.,1.,0.));
#6910=DIRECTION('',(0.,-1.,0.));
#6911=DIRECTION('',(0.,0.,1.));
#6912=DIRECTION('center_axis',(0.707106781186547,-0.707106781186548,0.));
#6913=DIRECTION('ref_axis',(0.707106781186548,0.707106781186547,0.));
#6914=DIRECTION('',(-0.707106781186548,-0.707106781186547,0.));
#6915=DIRECTION('',(0.,0.,1.));
#6916=DIRECTION('center_axis',(-3.82476953588823E-16,-1.,0.));
#6917=DIRECTION('ref_axis',(1.,-3.82476953588823E-16,0.));
#6918=DIRECTION('',(-1.,3.82476953588823E-16,0.));
#6919=DIRECTION('',(0.,0.,1.));
#6920=DIRECTION('center_axis',(0.70710678118655,-0.707106781186545,0.));
#6921=DIRECTION('ref_axis',(0.707106781186545,0.70710678118655,0.));
#6922=DIRECTION('',(-0.707106781186545,-0.70710678118655,0.));
#6923=DIRECTION('',(0.,0.,1.));
#6924=DIRECTION('center_axis',(0.,-1.,0.));
#6925=DIRECTION('ref_axis',(1.,0.,0.));
#6926=DIRECTION('',(1.,0.,0.));
#6927=DIRECTION('',(0.,0.,1.));
#6928=DIRECTION('center_axis',(-0.707106781186547,-0.707106781186548,0.));
#6929=DIRECTION('ref_axis',(0.707106781186548,-0.707106781186547,0.));
#6930=DIRECTION('',(-0.707106781186548,0.707106781186547,0.));
#6931=DIRECTION('',(0.,0.,1.));
#6932=DIRECTION('center_axis',(0.,-1.,0.));
#6933=DIRECTION('ref_axis',(1.,0.,0.));
#6934=DIRECTION('',(-1.,0.,0.));
#6935=DIRECTION('',(0.,0.,1.));
#6936=DIRECTION('center_axis',(-0.707106781186547,-0.707106781186548,0.));
#6937=DIRECTION('ref_axis',(0.707106781186548,-0.707106781186547,0.));
#6938=DIRECTION('',(-0.707106781186548,0.707106781186547,0.));
#6939=DIRECTION('',(0.,0.,1.));
#6940=DIRECTION('center_axis',(-1.,0.,0.));
#6941=DIRECTION('ref_axis',(0.,-1.,0.));
#6942=DIRECTION('',(0.,-1.,0.));
#6943=DIRECTION('center_axis',(0.,0.,1.));
#6944=DIRECTION('ref_axis',(1.,0.,0.));
#6945=DIRECTION('center_axis',(0.,0.,1.));
#6946=DIRECTION('ref_axis',(1.,0.,0.));
#6947=DIRECTION('center_axis',(0.,0.,1.));
#6948=DIRECTION('ref_axis',(1.,0.,0.));
#6949=DIRECTION('',(0.,0.,1.));
#6950=DIRECTION('center_axis',(0.,0.,-1.));
#6951=DIRECTION('ref_axis',(1.,0.,0.));
#6952=DIRECTION('center_axis',(0.,0.,1.));
#6953=DIRECTION('ref_axis',(1.,0.,0.));
#6954=DIRECTION('center_axis',(0.,0.,1.));
#6955=DIRECTION('ref_axis',(1.,0.,0.));
#6956=DIRECTION('',(0.,0.,1.));
#6957=DIRECTION('center_axis',(0.,0.,-1.));
#6958=DIRECTION('ref_axis',(1.,0.,0.));
#6959=DIRECTION('center_axis',(0.,0.,1.));
#6960=DIRECTION('ref_axis',(1.,0.,0.));
#6961=DIRECTION('center_axis',(0.,0.,1.));
#6962=DIRECTION('ref_axis',(1.,0.,0.));
#6963=DIRECTION('',(0.,0.,1.));
#6964=DIRECTION('center_axis',(0.,0.,-1.));
#6965=DIRECTION('ref_axis',(1.,0.,0.));
#6966=DIRECTION('center_axis',(0.,0.,1.));
#6967=DIRECTION('ref_axis',(1.,0.,0.));
#6968=DIRECTION('center_axis',(0.,0.,1.));
#6969=DIRECTION('ref_axis',(1.,0.,0.));
#6970=DIRECTION('',(0.,0.,1.));
#6971=DIRECTION('center_axis',(0.,0.,-1.));
#6972=DIRECTION('ref_axis',(1.,0.,0.));
#6973=DIRECTION('center_axis',(0.,0.,1.));
#6974=DIRECTION('ref_axis',(1.,0.,0.));
#6975=DIRECTION('center_axis',(0.,0.,1.));
#6976=DIRECTION('ref_axis',(1.,0.,0.));
#6977=DIRECTION('',(0.,0.,1.));
#6978=DIRECTION('center_axis',(0.,0.,-1.));
#6979=DIRECTION('ref_axis',(1.,0.,0.));
#6980=DIRECTION('center_axis',(0.,0.,1.));
#6981=DIRECTION('ref_axis',(1.,0.,0.));
#6982=DIRECTION('center_axis',(0.,0.,1.));
#6983=DIRECTION('ref_axis',(1.,0.,0.));
#6984=DIRECTION('',(0.,0.,1.));
#6985=DIRECTION('center_axis',(0.,0.,-1.));
#6986=DIRECTION('ref_axis',(1.,0.,0.));
#6987=DIRECTION('center_axis',(0.,0.,1.));
#6988=DIRECTION('ref_axis',(1.,0.,0.));
#6989=DIRECTION('center_axis',(0.,0.,1.));
#6990=DIRECTION('ref_axis',(1.,0.,0.));
#6991=DIRECTION('',(0.,0.,1.));
#6992=DIRECTION('center_axis',(0.,0.,-1.));
#6993=DIRECTION('ref_axis',(1.,0.,0.));
#6994=DIRECTION('center_axis',(0.,0.,1.));
#6995=DIRECTION('ref_axis',(1.,0.,0.));
#6996=DIRECTION('center_axis',(0.,0.,1.));
#6997=DIRECTION('ref_axis',(1.,0.,0.));
#6998=DIRECTION('',(0.,0.,1.));
#6999=DIRECTION('center_axis',(0.,0.,-1.));
#7000=DIRECTION('ref_axis',(1.,0.,0.));
#7001=DIRECTION('center_axis',(0.,0.,1.));
#7002=DIRECTION('ref_axis',(1.,0.,0.));
#7003=DIRECTION('center_axis',(0.,0.,1.));
#7004=DIRECTION('ref_axis',(1.,0.,0.));
#7005=DIRECTION('',(0.,0.,1.));
#7006=DIRECTION('center_axis',(0.,0.,-1.));
#7007=DIRECTION('ref_axis',(1.,0.,0.));
#7008=DIRECTION('center_axis',(0.,0.,1.));
#7009=DIRECTION('ref_axis',(1.,0.,0.));
#7010=DIRECTION('center_axis',(0.,0.,1.));
#7011=DIRECTION('ref_axis',(1.,0.,0.));
#7012=DIRECTION('',(0.,0.,1.));
#7013=DIRECTION('center_axis',(0.,0.,-1.));
#7014=DIRECTION('ref_axis',(1.,0.,0.));
#7015=DIRECTION('center_axis',(0.,0.,1.));
#7016=DIRECTION('ref_axis',(1.,0.,0.));
#7017=DIRECTION('center_axis',(0.,0.,1.));
#7018=DIRECTION('ref_axis',(1.,0.,0.));
#7019=DIRECTION('',(0.,0.,1.));
#7020=DIRECTION('center_axis',(0.,0.,-1.));
#7021=DIRECTION('ref_axis',(1.,0.,0.));
#7022=DIRECTION('center_axis',(0.,0.,1.));
#7023=DIRECTION('ref_axis',(1.,0.,0.));
#7024=DIRECTION('center_axis',(0.,0.,1.));
#7025=DIRECTION('ref_axis',(1.,0.,0.));
#7026=DIRECTION('',(0.,0.,1.));
#7027=DIRECTION('center_axis',(0.,0.,-1.));
#7028=DIRECTION('ref_axis',(1.,0.,0.));
#7029=DIRECTION('center_axis',(0.,0.,1.));
#7030=DIRECTION('ref_axis',(1.,0.,0.));
#7031=DIRECTION('center_axis',(0.,0.,1.));
#7032=DIRECTION('ref_axis',(1.,0.,0.));
#7033=DIRECTION('',(0.,0.,1.));
#7034=DIRECTION('center_axis',(0.,0.,-1.));
#7035=DIRECTION('ref_axis',(1.,0.,0.));
#7036=DIRECTION('center_axis',(0.,0.,1.));
#7037=DIRECTION('ref_axis',(1.,0.,0.));
#7038=DIRECTION('center_axis',(0.,0.,1.));
#7039=DIRECTION('ref_axis',(1.,0.,0.));
#7040=DIRECTION('',(0.,0.,1.));
#7041=DIRECTION('center_axis',(0.,0.,-1.));
#7042=DIRECTION('ref_axis',(1.,0.,0.));
#7043=DIRECTION('center_axis',(0.,0.,1.));
#7044=DIRECTION('ref_axis',(1.,0.,0.));
#7045=DIRECTION('center_axis',(0.,0.,1.));
#7046=DIRECTION('ref_axis',(1.,0.,0.));
#7047=DIRECTION('',(0.,0.,1.));
#7048=DIRECTION('center_axis',(0.,0.,-1.));
#7049=DIRECTION('ref_axis',(1.,0.,0.));
#7050=DIRECTION('center_axis',(0.,0.,1.));
#7051=DIRECTION('ref_axis',(1.,0.,0.));
#7052=DIRECTION('center_axis',(0.,0.,1.));
#7053=DIRECTION('ref_axis',(1.,0.,0.));
#7054=DIRECTION('',(0.,0.,1.));
#7055=DIRECTION('center_axis',(0.,0.,-1.));
#7056=DIRECTION('ref_axis',(1.,0.,0.));
#7057=DIRECTION('center_axis',(0.,0.,1.));
#7058=DIRECTION('ref_axis',(1.,0.,0.));
#7059=DIRECTION('center_axis',(0.,0.,1.));
#7060=DIRECTION('ref_axis',(1.,0.,0.));
#7061=DIRECTION('',(0.,0.,1.));
#7062=DIRECTION('center_axis',(0.,0.,-1.));
#7063=DIRECTION('ref_axis',(1.,0.,0.));
#7064=DIRECTION('center_axis',(0.,0.,1.));
#7065=DIRECTION('ref_axis',(1.,0.,0.));
#7066=DIRECTION('center_axis',(0.,0.,1.));
#7067=DIRECTION('ref_axis',(1.,0.,0.));
#7068=DIRECTION('',(0.,0.,1.));
#7069=DIRECTION('center_axis',(0.,0.,-1.));
#7070=DIRECTION('ref_axis',(1.,0.,0.));
#7071=DIRECTION('center_axis',(0.,0.,1.));
#7072=DIRECTION('ref_axis',(1.,0.,0.));
#7073=DIRECTION('center_axis',(0.,0.,1.));
#7074=DIRECTION('ref_axis',(1.,0.,0.));
#7075=DIRECTION('',(0.,0.,1.));
#7076=DIRECTION('center_axis',(0.,0.,-1.));
#7077=DIRECTION('ref_axis',(1.,0.,0.));
#7078=DIRECTION('center_axis',(0.,0.,1.));
#7079=DIRECTION('ref_axis',(1.,0.,0.));
#7080=DIRECTION('center_axis',(0.,0.,1.));
#7081=DIRECTION('ref_axis',(1.,0.,0.));
#7082=DIRECTION('',(0.,0.,1.));
#7083=DIRECTION('center_axis',(0.,0.,-1.));
#7084=DIRECTION('ref_axis',(1.,0.,0.));
#7085=DIRECTION('center_axis',(0.,0.,1.));
#7086=DIRECTION('ref_axis',(1.,0.,0.));
#7087=DIRECTION('center_axis',(0.,0.,1.));
#7088=DIRECTION('ref_axis',(1.,0.,0.));
#7089=DIRECTION('',(0.,0.,1.));
#7090=DIRECTION('center_axis',(0.,0.,-1.));
#7091=DIRECTION('ref_axis',(1.,0.,0.));
#7092=DIRECTION('center_axis',(0.,0.,1.));
#7093=DIRECTION('ref_axis',(1.,0.,0.));
#7094=DIRECTION('center_axis',(0.,0.,1.));
#7095=DIRECTION('ref_axis',(1.,0.,0.));
#7096=DIRECTION('',(0.,0.,1.));
#7097=DIRECTION('center_axis',(0.,0.,-1.));
#7098=DIRECTION('ref_axis',(1.,0.,0.));
#7099=DIRECTION('center_axis',(0.,0.,1.));
#7100=DIRECTION('ref_axis',(1.,0.,0.));
#7101=DIRECTION('center_axis',(0.,0.,1.));
#7102=DIRECTION('ref_axis',(1.,0.,0.));
#7103=DIRECTION('',(0.,0.,1.));
#7104=DIRECTION('center_axis',(0.,0.,-1.));
#7105=DIRECTION('ref_axis',(1.,0.,0.));
#7106=DIRECTION('center_axis',(0.,0.,1.));
#7107=DIRECTION('ref_axis',(1.,0.,0.));
#7108=DIRECTION('center_axis',(0.,0.,1.));
#7109=DIRECTION('ref_axis',(1.,0.,0.));
#7110=DIRECTION('',(0.,0.,1.));
#7111=DIRECTION('center_axis',(0.,0.,-1.));
#7112=DIRECTION('ref_axis',(1.,0.,0.));
#7113=DIRECTION('center_axis',(0.,0.,1.));
#7114=DIRECTION('ref_axis',(1.,0.,0.));
#7115=DIRECTION('center_axis',(0.,0.,1.));
#7116=DIRECTION('ref_axis',(1.,0.,0.));
#7117=DIRECTION('',(0.,0.,1.));
#7118=DIRECTION('center_axis',(0.,0.,-1.));
#7119=DIRECTION('ref_axis',(1.,0.,0.));
#7120=DIRECTION('center_axis',(0.,0.,1.));
#7121=DIRECTION('ref_axis',(1.,0.,0.));
#7122=DIRECTION('center_axis',(0.,0.,1.));
#7123=DIRECTION('ref_axis',(1.,0.,0.));
#7124=DIRECTION('',(0.,0.,1.));
#7125=DIRECTION('center_axis',(0.,0.,-1.));
#7126=DIRECTION('ref_axis',(1.,0.,0.));
#7127=DIRECTION('center_axis',(0.,0.,1.));
#7128=DIRECTION('ref_axis',(1.,0.,0.));
#7129=DIRECTION('center_axis',(0.,0.,1.));
#7130=DIRECTION('ref_axis',(1.,0.,0.));
#7131=DIRECTION('',(0.,0.,1.));
#7132=DIRECTION('center_axis',(0.,0.,-1.));
#7133=DIRECTION('ref_axis',(1.,0.,0.));
#7134=DIRECTION('center_axis',(0.,0.,1.));
#7135=DIRECTION('ref_axis',(1.,0.,0.));
#7136=DIRECTION('center_axis',(0.,0.,1.));
#7137=DIRECTION('ref_axis',(1.,0.,0.));
#7138=DIRECTION('',(0.,0.,1.));
#7139=DIRECTION('center_axis',(0.,0.,-1.));
#7140=DIRECTION('ref_axis',(1.,0.,0.));
#7141=DIRECTION('center_axis',(0.,0.,-1.));
#7142=DIRECTION('ref_axis',(1.,0.,0.));
#7143=DIRECTION('center_axis',(0.,0.,1.));
#7144=DIRECTION('ref_axis',(1.,0.,0.));
#7145=DIRECTION('',(0.,0.,1.));
#7146=DIRECTION('center_axis',(0.,0.,-1.));
#7147=DIRECTION('ref_axis',(1.,0.,0.));
#7148=DIRECTION('center_axis',(0.,0.,-1.));
#7149=DIRECTION('ref_axis',(1.,0.,0.));
#7150=DIRECTION('center_axis',(0.,0.,1.));
#7151=DIRECTION('ref_axis',(1.,0.,0.));
#7152=DIRECTION('',(0.,0.,1.));
#7153=DIRECTION('center_axis',(0.,0.,-1.));
#7154=DIRECTION('ref_axis',(1.,0.,0.));
#7155=DIRECTION('center_axis',(0.,0.,-1.));
#7156=DIRECTION('ref_axis',(1.,0.,0.));
#7157=DIRECTION('center_axis',(0.,0.,1.));
#7158=DIRECTION('ref_axis',(1.,0.,0.));
#7159=DIRECTION('',(0.,0.,1.));
#7160=DIRECTION('center_axis',(0.,0.,-1.));
#7161=DIRECTION('ref_axis',(1.,0.,0.));
#7162=DIRECTION('center_axis',(0.,0.,-1.));
#7163=DIRECTION('ref_axis',(1.,0.,0.));
#7164=DIRECTION('center_axis',(0.,0.,1.));
#7165=DIRECTION('ref_axis',(1.,0.,0.));
#7166=DIRECTION('',(0.,0.,1.));
#7167=DIRECTION('center_axis',(0.,0.,-1.));
#7168=DIRECTION('ref_axis',(1.,0.,0.));
#7169=DIRECTION('center_axis',(0.,0.,-1.));
#7170=DIRECTION('ref_axis',(1.,0.,0.));
#7171=DIRECTION('center_axis',(0.,0.,1.));
#7172=DIRECTION('ref_axis',(1.,0.,0.));
#7173=DIRECTION('',(0.,0.,1.));
#7174=DIRECTION('center_axis',(0.,0.,-1.));
#7175=DIRECTION('ref_axis',(1.,0.,0.));
#7176=DIRECTION('center_axis',(0.,0.,-1.));
#7177=DIRECTION('ref_axis',(1.,0.,0.));
#7178=DIRECTION('center_axis',(0.,0.,1.));
#7179=DIRECTION('ref_axis',(1.,0.,0.));
#7180=DIRECTION('',(0.,0.,1.));
#7181=DIRECTION('center_axis',(0.,0.,-1.));
#7182=DIRECTION('ref_axis',(1.,0.,0.));
#7183=DIRECTION('center_axis',(0.,0.,-1.));
#7184=DIRECTION('ref_axis',(1.,0.,0.));
#7185=DIRECTION('center_axis',(0.,0.,1.));
#7186=DIRECTION('ref_axis',(1.,0.,0.));
#7187=DIRECTION('',(0.,0.,1.));
#7188=DIRECTION('center_axis',(0.,0.,-1.));
#7189=DIRECTION('ref_axis',(1.,0.,0.));
#7190=DIRECTION('center_axis',(0.,0.,-1.));
#7191=DIRECTION('ref_axis',(1.,0.,0.));
#7192=DIRECTION('center_axis',(0.,0.,1.));
#7193=DIRECTION('ref_axis',(1.,0.,0.));
#7194=DIRECTION('',(0.,0.,1.));
#7195=DIRECTION('center_axis',(0.,0.,-1.));
#7196=DIRECTION('ref_axis',(1.,0.,0.));
#7197=DIRECTION('center_axis',(0.,0.,-1.));
#7198=DIRECTION('ref_axis',(1.,0.,0.));
#7199=DIRECTION('center_axis',(0.,0.,1.));
#7200=DIRECTION('ref_axis',(1.,0.,0.));
#7201=DIRECTION('',(0.,0.,1.));
#7202=DIRECTION('center_axis',(0.,0.,-1.));
#7203=DIRECTION('ref_axis',(1.,0.,0.));
#7204=DIRECTION('center_axis',(-1.,0.,0.));
#7205=DIRECTION('ref_axis',(0.,1.,0.));
#7206=DIRECTION('',(0.,-1.,0.));
#7207=DIRECTION('',(0.,0.,-1.));
#7208=DIRECTION('',(0.,1.,0.));
#7209=DIRECTION('',(0.,0.,-1.));
#7210=DIRECTION('center_axis',(0.,1.,0.));
#7211=DIRECTION('ref_axis',(1.,0.,0.));
#7212=DIRECTION('',(-1.,0.,0.));
#7213=DIRECTION('',(1.,0.,0.));
#7214=DIRECTION('',(0.,0.,-1.));
#7215=DIRECTION('center_axis',(1.,0.,0.));
#7216=DIRECTION('ref_axis',(0.,-1.,0.));
#7217=DIRECTION('',(0.,1.,0.));
#7218=DIRECTION('',(0.,-1.,0.));
#7219=DIRECTION('',(0.,0.,-1.));
#7220=DIRECTION('center_axis',(0.,-1.,0.));
#7221=DIRECTION('ref_axis',(-1.,0.,0.));
#7222=DIRECTION('',(1.,0.,0.));
#7223=DIRECTION('',(-1.,0.,0.));
#7224=DIRECTION('center_axis',(0.,0.,-1.));
#7225=DIRECTION('ref_axis',(1.,0.,0.));
#7226=DIRECTION('center_axis',(0.,0.,1.));
#7227=DIRECTION('ref_axis',(1.,0.,0.));
#7228=DIRECTION('',(0.,0.,1.));
#7229=DIRECTION('center_axis',(0.,0.,-1.));
#7230=DIRECTION('ref_axis',(1.,0.,0.));
#7231=DIRECTION('center_axis',(0.,0.,-1.));
#7232=DIRECTION('ref_axis',(1.,0.,0.));
#7233=DIRECTION('center_axis',(0.,0.,1.));
#7234=DIRECTION('ref_axis',(1.,0.,0.));
#7235=DIRECTION('',(0.,0.,1.));
#7236=DIRECTION('center_axis',(0.,0.,-1.));
#7237=DIRECTION('ref_axis',(1.,0.,0.));
#7238=DIRECTION('center_axis',(0.,0.,-1.));
#7239=DIRECTION('ref_axis',(1.,0.,0.));
#7240=DIRECTION('center_axis',(0.,0.,1.));
#7241=DIRECTION('ref_axis',(1.,0.,0.));
#7242=DIRECTION('',(0.,0.,1.));
#7243=DIRECTION('center_axis',(0.,0.,-1.));
#7244=DIRECTION('ref_axis',(1.,0.,0.));
#7245=DIRECTION('center_axis',(-0.707106781186547,-0.707106781186548,0.));
#7246=DIRECTION('ref_axis',(-0.707106781186548,0.707106781186547,0.));
#7247=DIRECTION('',(-0.707106781186548,0.707106781186547,0.));
#7248=DIRECTION('',(0.,0.,-1.));
#7249=DIRECTION('',(-0.707106781186548,0.707106781186547,0.));
#7250=DIRECTION('',(0.,0.,-1.));
#7251=DIRECTION('center_axis',(0.,-1.,0.));
#7252=DIRECTION('ref_axis',(-1.,0.,0.));
#7253=DIRECTION('',(-1.,0.,0.));
#7254=DIRECTION('',(-1.,0.,0.));
#7255=DIRECTION('',(0.,0.,-1.));
#7256=DIRECTION('center_axis',(-0.707106781186547,-0.707106781186548,0.));
#7257=DIRECTION('ref_axis',(-0.707106781186548,0.707106781186547,0.));
#7258=DIRECTION('',(-0.707106781186548,0.707106781186547,0.));
#7259=DIRECTION('',(-0.707106781186548,0.707106781186547,0.));
#7260=DIRECTION('',(0.,0.,-1.));
#7261=DIRECTION('center_axis',(0.,-1.,0.));
#7262=DIRECTION('ref_axis',(-1.,0.,0.));
#7263=DIRECTION('',(1.,0.,0.));
#7264=DIRECTION('',(-1.,0.,0.));
#7265=DIRECTION('',(0.,0.,-1.));
#7266=DIRECTION('center_axis',(0.70710678118655,-0.707106781186545,0.));
#7267=DIRECTION('ref_axis',(-0.707106781186545,-0.70710678118655,0.));
#7268=DIRECTION('',(-0.707106781186545,-0.70710678118655,0.));
#7269=DIRECTION('',(-0.707106781186545,-0.70710678118655,0.));
#7270=DIRECTION('',(0.,0.,-1.));
#7271=DIRECTION('center_axis',(-3.82476953588823E-16,-1.,0.));
#7272=DIRECTION('ref_axis',(-1.,3.82476953588823E-16,0.));
#7273=DIRECTION('',(-1.,3.82476953588823E-16,0.));
#7274=DIRECTION('',(-1.,3.82476953588823E-16,0.));
#7275=DIRECTION('',(0.,0.,-1.));
#7276=DIRECTION('center_axis',(0.707106781186547,-0.707106781186548,0.));
#7277=DIRECTION('ref_axis',(-0.707106781186548,-0.707106781186547,0.));
#7278=DIRECTION('',(-0.707106781186548,-0.707106781186547,0.));
#7279=DIRECTION('',(-0.707106781186548,-0.707106781186547,0.));
#7280=DIRECTION('',(0.,0.,-1.));
#7281=DIRECTION('center_axis',(1.,0.,0.));
#7282=DIRECTION('ref_axis',(0.,-1.,0.));
#7283=DIRECTION('',(0.,-1.,0.));
#7284=DIRECTION('',(0.,-1.,0.));
#7285=DIRECTION('',(0.,0.,-1.));
#7286=DIRECTION('center_axis',(0.707106781186548,0.707106781186547,0.));
#7287=DIRECTION('ref_axis',(0.707106781186547,-0.707106781186548,0.));
#7288=DIRECTION('',(0.707106781186547,-0.707106781186548,0.));
#7289=DIRECTION('',(0.707106781186547,-0.707106781186548,0.));
#7290=DIRECTION('',(0.,0.,-1.));
#7291=DIRECTION('center_axis',(-7.64953907177646E-16,1.,0.));
#7292=DIRECTION('ref_axis',(1.,7.64953907177646E-16,0.));
#7293=DIRECTION('',(1.,7.64953907177646E-16,0.));
#7294=DIRECTION('',(1.,7.64953907177646E-16,0.));
#7295=DIRECTION('',(0.,0.,-1.));
#7296=DIRECTION('center_axis',(0.707106781186548,0.707106781186547,0.));
#7297=DIRECTION('ref_axis',(0.707106781186547,-0.707106781186548,0.));
#7298=DIRECTION('',(0.707106781186547,-0.707106781186548,0.));
#7299=DIRECTION('',(0.707106781186547,-0.707106781186548,0.));
#7300=DIRECTION('',(0.,0.,-1.));
#7301=DIRECTION('center_axis',(0.,1.,0.));
#7302=DIRECTION('ref_axis',(1.,0.,0.));
#7303=DIRECTION('',(1.,0.,0.));
#7304=DIRECTION('',(1.,0.,0.));
#7305=DIRECTION('',(0.,0.,-1.));
#7306=DIRECTION('center_axis',(-0.707106781186548,0.707106781186547,0.));
#7307=DIRECTION('ref_axis',(0.707106781186547,0.707106781186548,0.));
#7308=DIRECTION('',(-0.707106781186547,-0.707106781186548,0.));
#7309=DIRECTION('',(0.707106781186547,0.707106781186548,0.));
#7310=DIRECTION('',(0.,0.,-1.));
#7311=DIRECTION('center_axis',(0.,1.,0.));
#7312=DIRECTION('ref_axis',(1.,0.,0.));
#7313=DIRECTION('',(1.,0.,0.));
#7314=DIRECTION('',(1.,0.,0.));
#7315=DIRECTION('',(0.,0.,-1.));
#7316=DIRECTION('center_axis',(-0.707106781186547,0.707106781186548,0.));
#7317=DIRECTION('ref_axis',(0.707106781186548,0.707106781186547,0.));
#7318=DIRECTION('',(0.707106781186548,0.707106781186547,0.));
#7319=DIRECTION('',(0.707106781186548,0.707106781186547,0.));
#7320=DIRECTION('',(0.,0.,-1.));
#7321=DIRECTION('center_axis',(-1.,0.,0.));
#7322=DIRECTION('ref_axis',(0.,1.,0.));
#7323=DIRECTION('',(0.,-1.,0.));
#7324=DIRECTION('',(0.,1.,0.));
#7325=DIRECTION('center_axis',(0.,0.,1.));
#7326=DIRECTION('ref_axis',(1.,0.,0.));
#7327=DIRECTION('center_axis',(0.,0.,1.));
#7328=DIRECTION('ref_axis',(1.,0.,0.));
#7329=DIRECTION('center_axis',(0.,-1.,0.));
#7330=DIRECTION('ref_axis',(-1.,0.,0.));
#7331=DIRECTION('center_axis',(0.,-1.,0.));
#7332=DIRECTION('ref_axis',(-1.,0.,0.));
#7333=DIRECTION('',(0.,-1.,0.));
#7334=DIRECTION('center_axis',(-2.47214089402303E-15,1.,0.));
#7335=DIRECTION('ref_axis',(-1.,0.,0.));
#7336=DIRECTION('center_axis',(0.,-1.,0.));
#7337=DIRECTION('ref_axis',(-1.,0.,0.));
#7338=DIRECTION('center_axis',(0.,-1.,0.));
#7339=DIRECTION('ref_axis',(-1.,0.,0.));
#7340=DIRECTION('',(0.,-1.,0.));
#7341=DIRECTION('center_axis',(-2.47214089402303E-15,1.,0.));
#7342=DIRECTION('ref_axis',(-1.,0.,0.));
#7343=DIRECTION('center_axis',(0.,-1.,0.));
#7344=DIRECTION('ref_axis',(-1.,0.,0.));
#7345=DIRECTION('center_axis',(0.,-1.,0.));
#7346=DIRECTION('ref_axis',(-1.,0.,0.));
#7347=DIRECTION('',(0.,-1.,0.));
#7348=DIRECTION('center_axis',(-2.47214089402303E-15,1.,0.));
#7349=DIRECTION('ref_axis',(-1.,0.,0.));
#7350=DIRECTION('center_axis',(0.,-1.,0.));
#7351=DIRECTION('ref_axis',(-1.,0.,0.));
#7352=DIRECTION('center_axis',(0.,-1.,0.));
#7353=DIRECTION('ref_axis',(-1.,0.,0.));
#7354=DIRECTION('',(0.,-1.,0.));
#7355=DIRECTION('center_axis',(-2.47214089402303E-15,1.,0.));
#7356=DIRECTION('ref_axis',(-1.,0.,0.));
#7357=DIRECTION('center_axis',(0.,-1.,0.));
#7358=DIRECTION('ref_axis',(-1.,0.,0.));
#7359=DIRECTION('center_axis',(0.,-1.,0.));
#7360=DIRECTION('ref_axis',(-1.,0.,0.));
#7361=DIRECTION('',(0.,-1.,0.));
#7362=DIRECTION('center_axis',(-2.47214089402303E-15,1.,0.));
#7363=DIRECTION('ref_axis',(-1.,0.,0.));
#7364=DIRECTION('center_axis',(0.,0.,1.));
#7365=DIRECTION('ref_axis',(1.,0.,0.));
#7366=DIRECTION('',(0.707106781186547,0.707106781186548,0.));
#7367=DIRECTION('',(1.,0.,0.));
#7368=DIRECTION('',(0.707106781186547,-0.707106781186548,0.));
#7369=DIRECTION('',(-1.,-2.47214089402303E-15,0.));
#7370=DIRECTION('center_axis',(0.,0.,1.));
#7371=DIRECTION('ref_axis',(1.,0.,0.));
#7372=DIRECTION('center_axis',(0.,0.,1.));
#7373=DIRECTION('ref_axis',(1.,0.,0.));
#7374=DIRECTION('center_axis',(0.,0.,1.));
#7375=DIRECTION('ref_axis',(1.,0.,0.));
#7376=DIRECTION('center_axis',(0.,0.,-1.));
#7377=DIRECTION('ref_axis',(1.,0.,0.));
#7378=DIRECTION('',(0.,0.,-1.));
#7379=DIRECTION('center_axis',(0.,0.,1.));
#7380=DIRECTION('ref_axis',(1.,0.,0.));
#7381=DIRECTION('center_axis',(0.,0.,-1.));
#7382=DIRECTION('ref_axis',(1.,0.,0.));
#7383=DIRECTION('',(0.,0.,-1.));
#7384=DIRECTION('center_axis',(0.,1.,0.));
#7385=DIRECTION('ref_axis',(-1.,0.,0.));
#7386=DIRECTION('',(0.,0.,-1.));
#7387=DIRECTION('',(-1.,0.,0.));
#7388=DIRECTION('',(0.,0.,1.));
#7389=DIRECTION('center_axis',(0.707106781186548,0.707106781186547,0.));
#7390=DIRECTION('ref_axis',(-0.707106781186547,0.707106781186548,0.));
#7391=DIRECTION('',(-0.707106781186547,0.707106781186548,0.));
#7392=DIRECTION('',(0.,0.,1.));
#7393=DIRECTION('center_axis',(2.47214089402303E-15,-1.,0.));
#7394=DIRECTION('ref_axis',(1.,2.47214089402303E-15,0.));
#7395=DIRECTION('',(1.,2.47214089402303E-15,0.));
#7396=DIRECTION('',(0.,0.,1.));
#7397=DIRECTION('center_axis',(-0.707106781186548,0.707106781186547,0.));
#7398=DIRECTION('ref_axis',(-0.707106781186547,-0.707106781186548,0.));
#7399=DIRECTION('',(-0.707106781186547,-0.707106781186548,0.));
#7400=DIRECTION('center_axis',(0.,0.,1.));
#7401=DIRECTION('ref_axis',(1.,0.,0.));
#7402=DIRECTION('center_axis',(0.,1.,0.));
#7403=DIRECTION('ref_axis',(1.,0.,0.));
#7404=DIRECTION('center_axis',(0.,1.,0.));
#7405=DIRECTION('ref_axis',(1.,0.,0.));
#7406=DIRECTION('',(0.,1.,0.));
#7407=DIRECTION('center_axis',(8.24046964674345E-16,-1.,0.));
#7408=DIRECTION('ref_axis',(1.,0.,0.));
#7409=DIRECTION('center_axis',(0.,1.,0.));
#7410=DIRECTION('ref_axis',(1.,0.,0.));
#7411=DIRECTION('center_axis',(0.,1.,0.));
#7412=DIRECTION('ref_axis',(1.,0.,0.));
#7413=DIRECTION('',(0.,1.,0.));
#7414=DIRECTION('center_axis',(8.24046964674345E-16,-1.,0.));
#7415=DIRECTION('ref_axis',(1.,0.,0.));
#7416=DIRECTION('center_axis',(0.,1.,0.));
#7417=DIRECTION('ref_axis',(1.,0.,0.));
#7418=DIRECTION('center_axis',(0.,1.,0.));
#7419=DIRECTION('ref_axis',(1.,0.,0.));
#7420=DIRECTION('',(0.,1.,0.));
#7421=DIRECTION('center_axis',(8.24046964674345E-16,-1.,0.));
#7422=DIRECTION('ref_axis',(1.,0.,0.));
#7423=DIRECTION('center_axis',(0.,1.,0.));
#7424=DIRECTION('ref_axis',(1.,0.,0.));
#7425=DIRECTION('center_axis',(0.,1.,0.));
#7426=DIRECTION('ref_axis',(1.,0.,0.));
#7427=DIRECTION('',(0.,1.,0.));
#7428=DIRECTION('center_axis',(8.24046964674345E-16,-1.,0.));
#7429=DIRECTION('ref_axis',(1.,0.,0.));
#7430=DIRECTION('center_axis',(0.,1.,0.));
#7431=DIRECTION('ref_axis',(1.,0.,0.));
#7432=DIRECTION('center_axis',(0.,1.,0.));
#7433=DIRECTION('ref_axis',(1.,0.,0.));
#7434=DIRECTION('',(0.,1.,0.));
#7435=DIRECTION('center_axis',(8.24046964674345E-16,-1.,0.));
#7436=DIRECTION('ref_axis',(1.,0.,0.));
#7437=DIRECTION('center_axis',(0.,0.,1.));
#7438=DIRECTION('ref_axis',(1.,0.,0.));
#7439=DIRECTION('',(1.,8.24046964674345E-16,0.));
#7440=DIRECTION('',(-0.707106781186545,-0.70710678118655,0.));
#7441=DIRECTION('',(-1.,0.,0.));
#7442=DIRECTION('',(-0.707106781186548,0.707106781186547,0.));
#7443=DIRECTION('center_axis',(0.,0.,1.));
#7444=DIRECTION('ref_axis',(1.,0.,0.));
#7445=DIRECTION('center_axis',(0.,0.,1.));
#7446=DIRECTION('ref_axis',(1.,0.,0.));
#7447=DIRECTION('center_axis',(0.,0.,1.));
#7448=DIRECTION('ref_axis',(1.,0.,0.));
#7449=DIRECTION('center_axis',(0.,0.,-1.));
#7450=DIRECTION('ref_axis',(1.,0.,0.));
#7451=DIRECTION('',(0.,0.,-1.));
#7452=DIRECTION('center_axis',(0.,0.,1.));
#7453=DIRECTION('ref_axis',(1.,0.,0.));
#7454=DIRECTION('center_axis',(0.,0.,-1.));
#7455=DIRECTION('ref_axis',(1.,0.,0.));
#7456=DIRECTION('',(0.,0.,-1.));
#7457=DIRECTION('center_axis',(0.70710678118655,-0.707106781186545,0.));
#7458=DIRECTION('ref_axis',(0.707106781186545,0.70710678118655,0.));
#7459=DIRECTION('',(0.,0.,-1.));
#7460=DIRECTION('',(0.707106781186545,0.70710678118655,0.));
#7461=DIRECTION('',(0.,0.,1.));
#7462=DIRECTION('center_axis',(0.,-1.,0.));
#7463=DIRECTION('ref_axis',(1.,0.,0.));
#7464=DIRECTION('',(1.,0.,0.));
#7465=DIRECTION('',(0.,0.,1.));
#7466=DIRECTION('center_axis',(-0.707106781186547,-0.707106781186548,0.));
#7467=DIRECTION('ref_axis',(0.707106781186548,-0.707106781186547,0.));
#7468=DIRECTION('',(0.707106781186548,-0.707106781186547,0.));
#7469=DIRECTION('',(0.,0.,1.));
#7470=DIRECTION('center_axis',(-8.24046964674345E-16,1.,0.));
#7471=DIRECTION('ref_axis',(-1.,-8.24046964674345E-16,0.));
#7472=DIRECTION('',(-1.,-8.24046964674345E-16,0.));
#7473=DIRECTION('center_axis',(0.,0.,1.));
#7474=DIRECTION('ref_axis',(1.,0.,0.));
#7475=DIRECTION('center_axis',(-0.707106781186549,-0.707106781186546,0.));
#7476=DIRECTION('ref_axis',(-0.707106781186546,0.707106781186549,0.));
#7477=DIRECTION('center_axis',(-0.707106781186548,-0.707106781186547,0.));
#7478=DIRECTION('ref_axis',(-0.707106781186546,0.707106781186549,0.));
#7479=DIRECTION('',(-0.707106781186549,-0.707106781186546,0.));
#7480=DIRECTION('center_axis',(0.707106781186536,0.707106781186559,0.));
#7481=DIRECTION('ref_axis',(-0.707106781186546,0.707106781186549,0.));
#7482=DIRECTION('center_axis',(-0.707106781186548,-0.707106781186547,0.));
#7483=DIRECTION('ref_axis',(-0.707106781186547,0.707106781186548,0.));
#7484=DIRECTION('center_axis',(-0.707106781186548,-0.707106781186547,0.));
#7485=DIRECTION('ref_axis',(-0.707106781186547,0.707106781186548,0.));
#7486=DIRECTION('',(-0.707106781186548,-0.707106781186547,0.));
#7487=DIRECTION('center_axis',(0.707106781186536,0.707106781186559,0.));
#7488=DIRECTION('ref_axis',(-0.707106781186547,0.707106781186548,0.));
#7489=DIRECTION('center_axis',(-0.707106781186549,-0.707106781186546,0.));
#7490=DIRECTION('ref_axis',(-0.707106781186546,0.707106781186549,0.));
#7491=DIRECTION('center_axis',(-0.707106781186548,-0.707106781186547,0.));
#7492=DIRECTION('ref_axis',(-0.707106781186546,0.707106781186549,0.));
#7493=DIRECTION('',(-0.707106781186549,-0.707106781186546,0.));
#7494=DIRECTION('center_axis',(0.707106781186536,0.707106781186559,0.));
#7495=DIRECTION('ref_axis',(-0.707106781186546,0.707106781186549,0.));
#7496=DIRECTION('center_axis',(-0.707106781186549,-0.707106781186546,0.));
#7497=DIRECTION('ref_axis',(-0.707106781186546,0.707106781186549,0.));
#7498=DIRECTION('center_axis',(-0.707106781186548,-0.707106781186547,0.));
#7499=DIRECTION('ref_axis',(-0.707106781186546,0.707106781186549,0.));
#7500=DIRECTION('',(-0.707106781186549,-0.707106781186546,0.));
#7501=DIRECTION('center_axis',(0.707106781186536,0.707106781186559,0.));
#7502=DIRECTION('ref_axis',(-0.707106781186546,0.707106781186549,0.));
#7503=DIRECTION('center_axis',(-0.707106781186548,-0.707106781186547,0.));
#7504=DIRECTION('ref_axis',(-0.707106781186547,0.707106781186548,0.));
#7505=DIRECTION('center_axis',(-0.707106781186548,-0.707106781186547,0.));
#7506=DIRECTION('ref_axis',(-0.707106781186547,0.707106781186548,0.));
#7507=DIRECTION('',(-0.707106781186548,-0.707106781186547,0.));
#7508=DIRECTION('center_axis',(0.707106781186536,0.707106781186559,0.));
#7509=DIRECTION('ref_axis',(-0.707106781186547,0.707106781186548,0.));
#7510=DIRECTION('center_axis',(0.,0.,1.));
#7511=DIRECTION('ref_axis',(1.,0.,0.));
#7512=DIRECTION('',(-0.707106781186559,0.707106781186536,0.));
#7513=DIRECTION('',(1.,7.64953907177646E-16,0.));
#7514=DIRECTION('',(0.707106781186547,-0.707106781186548,0.));
#7515=DIRECTION('',(0.,-1.,0.));
#7516=DIRECTION('center_axis',(0.,0.,1.));
#7517=DIRECTION('ref_axis',(1.,0.,0.));
#7518=DIRECTION('center_axis',(0.,0.,1.));
#7519=DIRECTION('ref_axis',(1.,0.,0.));
#7520=DIRECTION('center_axis',(0.,0.,1.));
#7521=DIRECTION('ref_axis',(1.,0.,0.));
#7522=DIRECTION('center_axis',(0.,0.,-1.));
#7523=DIRECTION('ref_axis',(1.,0.,0.));
#7524=DIRECTION('',(0.,0.,-1.));
#7525=DIRECTION('center_axis',(0.,0.,1.));
#7526=DIRECTION('ref_axis',(1.,0.,0.));
#7527=DIRECTION('center_axis',(0.,0.,-1.));
#7528=DIRECTION('ref_axis',(1.,0.,0.));
#7529=DIRECTION('',(0.,0.,-1.));
#7530=DIRECTION('center_axis',(-7.64953907177646E-16,1.,0.));
#7531=DIRECTION('ref_axis',(-1.,-7.64953907177646E-16,0.));
#7532=DIRECTION('',(0.,0.,-1.));
#7533=DIRECTION('',(-1.,-7.64953907177646E-16,0.));
#7534=DIRECTION('',(0.,0.,1.));
#7535=DIRECTION('center_axis',(0.707106781186548,0.707106781186547,0.));
#7536=DIRECTION('ref_axis',(-0.707106781186547,0.707106781186548,0.));
#7537=DIRECTION('',(-0.707106781186547,0.707106781186548,0.));
#7538=DIRECTION('',(0.,0.,1.));
#7539=DIRECTION('center_axis',(1.,0.,0.));
#7540=DIRECTION('ref_axis',(0.,1.,0.));
#7541=DIRECTION('',(0.,1.,0.));
#7542=DIRECTION('',(0.,0.,1.));
#7543=DIRECTION('center_axis',(-0.707106781186536,-0.707106781186559,0.));
#7544=DIRECTION('ref_axis',(0.707106781186559,-0.707106781186536,0.));
#7545=DIRECTION('',(0.707106781186559,-0.707106781186536,0.));
#7546=DIRECTION('center_axis',(0.,0.,1.));
#7547=DIRECTION('ref_axis',(1.,0.,0.));
#7548=DIRECTION('center_axis',(0.707106781186548,-0.707106781186547,0.));
#7549=DIRECTION('ref_axis',(-0.707106781186547,-0.707106781186548,0.));
#7550=DIRECTION('center_axis',(0.707106781186547,-0.707106781186548,0.));
#7551=DIRECTION('ref_axis',(-0.707106781186547,-0.707106781186548,0.));
#7552=DIRECTION('',(0.707106781186548,-0.707106781186547,0.));
#7553=DIRECTION('center_axis',(-0.707106781186548,0.707106781186547,0.));
#7554=DIRECTION('ref_axis',(-0.707106781186547,-0.707106781186548,0.));
#7555=DIRECTION('center_axis',(0.707106781186548,-0.707106781186548,0.));
#7556=DIRECTION('ref_axis',(-0.707106781186548,-0.707106781186547,0.));
#7557=DIRECTION('center_axis',(0.707106781186547,-0.707106781186548,0.));
#7558=DIRECTION('ref_axis',(-0.707106781186548,-0.707106781186547,0.));
#7559=DIRECTION('',(0.707106781186547,-0.707106781186547,0.));
#7560=DIRECTION('center_axis',(-0.707106781186548,0.707106781186547,0.));
#7561=DIRECTION('ref_axis',(-0.707106781186548,-0.707106781186547,0.));
#7562=DIRECTION('center_axis',(0.707106781186548,-0.707106781186547,0.));
#7563=DIRECTION('ref_axis',(-0.707106781186547,-0.707106781186548,0.));
#7564=DIRECTION('center_axis',(0.707106781186547,-0.707106781186548,0.));
#7565=DIRECTION('ref_axis',(-0.707106781186547,-0.707106781186548,0.));
#7566=DIRECTION('',(0.707106781186548,-0.707106781186547,0.));
#7567=DIRECTION('center_axis',(-0.707106781186548,0.707106781186547,0.));
#7568=DIRECTION('ref_axis',(-0.707106781186547,-0.707106781186548,0.));
#7569=DIRECTION('center_axis',(0.707106781186548,-0.707106781186548,0.));
#7570=DIRECTION('ref_axis',(-0.707106781186548,-0.707106781186548,0.));
#7571=DIRECTION('center_axis',(0.707106781186547,-0.707106781186548,0.));
#7572=DIRECTION('ref_axis',(-0.707106781186548,-0.707106781186548,0.));
#7573=DIRECTION('',(0.707106781186547,-0.707106781186547,0.));
#7574=DIRECTION('center_axis',(-0.707106781186548,0.707106781186547,0.));
#7575=DIRECTION('ref_axis',(-0.707106781186548,-0.707106781186548,0.));
#7576=DIRECTION('center_axis',(0.707106781186548,-0.707106781186548,0.));
#7577=DIRECTION('ref_axis',(-0.707106781186548,-0.707106781186548,0.));
#7578=DIRECTION('center_axis',(0.707106781186547,-0.707106781186548,0.));
#7579=DIRECTION('ref_axis',(-0.707106781186548,-0.707106781186548,0.));
#7580=DIRECTION('',(0.707106781186547,-0.707106781186547,0.));
#7581=DIRECTION('center_axis',(-0.707106781186548,0.707106781186547,0.));
#7582=DIRECTION('ref_axis',(-0.707106781186548,-0.707106781186548,0.));
#7583=DIRECTION('center_axis',(0.,0.,1.));
#7584=DIRECTION('ref_axis',(1.,0.,0.));
#7585=DIRECTION('',(0.,1.,0.));
#7586=DIRECTION('',(0.707106781186548,0.707106781186547,0.));
#7587=DIRECTION('',(1.,0.,0.));
#7588=DIRECTION('',(-0.707106781186547,-0.707106781186548,0.));
#7589=DIRECTION('center_axis',(0.,0.,1.));
#7590=DIRECTION('ref_axis',(1.,0.,0.));
#7591=DIRECTION('center_axis',(0.,0.,1.));
#7592=DIRECTION('ref_axis',(1.,0.,0.));
#7593=DIRECTION('center_axis',(0.,0.,1.));
#7594=DIRECTION('ref_axis',(1.,0.,0.));
#7595=DIRECTION('center_axis',(0.,0.,-1.));
#7596=DIRECTION('ref_axis',(1.,0.,0.));
#7597=DIRECTION('',(0.,0.,-1.));
#7598=DIRECTION('center_axis',(0.,0.,1.));
#7599=DIRECTION('ref_axis',(1.,0.,0.));
#7600=DIRECTION('center_axis',(0.,0.,-1.));
#7601=DIRECTION('ref_axis',(1.,0.,0.));
#7602=DIRECTION('',(0.,0.,-1.));
#7603=DIRECTION('center_axis',(-0.707106781186547,0.707106781186548,0.));
#7604=DIRECTION('ref_axis',(-0.707106781186548,-0.707106781186547,0.));
#7605=DIRECTION('',(0.,0.,-1.));
#7606=DIRECTION('',(-0.707106781186548,-0.707106781186547,0.));
#7607=DIRECTION('',(0.,0.,1.));
#7608=DIRECTION('center_axis',(0.,1.,0.));
#7609=DIRECTION('ref_axis',(-1.,0.,0.));
#7610=DIRECTION('',(-1.,0.,0.));
#7611=DIRECTION('',(0.,0.,1.));
#7612=DIRECTION('center_axis',(0.707106781186548,-0.707106781186547,0.));
#7613=DIRECTION('ref_axis',(0.707106781186547,0.707106781186548,0.));
#7614=DIRECTION('',(0.707106781186547,0.707106781186548,0.));
#7615=DIRECTION('',(0.,0.,1.));
#7616=DIRECTION('center_axis',(-1.,0.,0.));
#7617=DIRECTION('ref_axis',(0.,-1.,0.));
#7618=DIRECTION('',(0.,-1.,0.));
#7619=DIRECTION('center_axis',(0.,0.,1.));
#7620=DIRECTION('ref_axis',(1.,0.,0.));
#7621=DIRECTION('center_axis',(0.707106781186547,0.707106781186548,0.));
#7622=DIRECTION('ref_axis',(0.707106781186548,-0.707106781186547,0.));
#7623=DIRECTION('center_axis',(0.707106781186547,0.707106781186548,0.));
#7624=DIRECTION('ref_axis',(0.707106781186548,-0.707106781186547,0.));
#7625=DIRECTION('',(0.707106781186547,0.707106781186548,0.));
#7626=DIRECTION('center_axis',(-0.707106781186563,-0.707106781186532,0.));
#7627=DIRECTION('ref_axis',(0.707106781186548,-0.707106781186547,0.));
#7628=DIRECTION('center_axis',(0.707106781186546,0.707106781186549,0.));
#7629=DIRECTION('ref_axis',(0.707106781186549,-0.707106781186546,0.));
#7630=DIRECTION('center_axis',(0.707106781186547,0.707106781186548,0.));
#7631=DIRECTION('ref_axis',(0.707106781186549,-0.707106781186546,0.));
#7632=DIRECTION('',(0.707106781186546,0.707106781186549,0.));
#7633=DIRECTION('center_axis',(-0.707106781186563,-0.707106781186532,0.));
#7634=DIRECTION('ref_axis',(0.707106781186549,-0.707106781186546,0.));
#7635=DIRECTION('center_axis',(0.707106781186547,0.707106781186548,0.));
#7636=DIRECTION('ref_axis',(0.707106781186548,-0.707106781186547,0.));
#7637=DIRECTION('center_axis',(0.707106781186547,0.707106781186548,0.));
#7638=DIRECTION('ref_axis',(0.707106781186548,-0.707106781186547,0.));
#7639=DIRECTION('',(0.707106781186547,0.707106781186548,0.));
#7640=DIRECTION('center_axis',(-0.707106781186563,-0.707106781186532,0.));
#7641=DIRECTION('ref_axis',(0.707106781186548,-0.707106781186547,0.));
#7642=DIRECTION('center_axis',(0.707106781186546,0.707106781186549,0.));
#7643=DIRECTION('ref_axis',(0.707106781186549,-0.707106781186546,0.));
#7644=DIRECTION('center_axis',(0.707106781186547,0.707106781186548,0.));
#7645=DIRECTION('ref_axis',(0.707106781186549,-0.707106781186546,0.));
#7646=DIRECTION('',(0.707106781186546,0.707106781186549,0.));
#7647=DIRECTION('center_axis',(-0.707106781186563,-0.707106781186532,0.));
#7648=DIRECTION('ref_axis',(0.707106781186549,-0.707106781186546,0.));
#7649=DIRECTION('center_axis',(0.707106781186546,0.707106781186549,0.));
#7650=DIRECTION('ref_axis',(0.707106781186549,-0.707106781186546,0.));
#7651=DIRECTION('center_axis',(0.707106781186547,0.707106781186548,0.));
#7652=DIRECTION('ref_axis',(0.707106781186549,-0.707106781186546,0.));
#7653=DIRECTION('',(0.707106781186546,0.707106781186549,0.));
#7654=DIRECTION('center_axis',(-0.707106781186563,-0.707106781186532,0.));
#7655=DIRECTION('ref_axis',(0.707106781186549,-0.707106781186546,0.));
#7656=DIRECTION('center_axis',(0.,0.,1.));
#7657=DIRECTION('ref_axis',(1.,0.,0.));
#7658=DIRECTION('',(0.,1.,0.));
#7659=DIRECTION('',(0.707106781186532,-0.707106781186563,0.));
#7660=DIRECTION('',(-1.,0.,0.));
#7661=DIRECTION('',(-0.707106781186548,0.707106781186547,0.));
#7662=DIRECTION('center_axis',(0.,0.,1.));
#7663=DIRECTION('ref_axis',(1.,0.,0.));
#7664=DIRECTION('center_axis',(0.,0.,1.));
#7665=DIRECTION('ref_axis',(1.,0.,0.));
#7666=DIRECTION('center_axis',(0.,0.,1.));
#7667=DIRECTION('ref_axis',(1.,0.,0.));
#7668=DIRECTION('center_axis',(0.,0.,-1.));
#7669=DIRECTION('ref_axis',(1.,0.,0.));
#7670=DIRECTION('',(0.,0.,-1.));
#7671=DIRECTION('center_axis',(0.,0.,1.));
#7672=DIRECTION('ref_axis',(1.,0.,0.));
#7673=DIRECTION('center_axis',(0.,0.,-1.));
#7674=DIRECTION('ref_axis',(1.,0.,0.));
#7675=DIRECTION('',(0.,0.,-1.));
#7676=DIRECTION('center_axis',(0.707106781186563,0.707106781186532,0.));
#7677=DIRECTION('ref_axis',(-0.707106781186532,0.707106781186563,0.));
#7678=DIRECTION('',(0.,0.,-1.));
#7679=DIRECTION('',(-0.707106781186532,0.707106781186563,0.));
#7680=DIRECTION('',(0.,0.,1.));
#7681=DIRECTION('center_axis',(0.,-1.,0.));
#7682=DIRECTION('ref_axis',(1.,0.,0.));
#7683=DIRECTION('',(1.,0.,0.));
#7684=DIRECTION('',(0.,0.,1.));
#7685=DIRECTION('center_axis',(-0.707106781186547,-0.707106781186548,0.));
#7686=DIRECTION('ref_axis',(0.707106781186548,-0.707106781186547,0.));
#7687=DIRECTION('',(0.707106781186548,-0.707106781186547,0.));
#7688=DIRECTION('',(0.,0.,1.));
#7689=DIRECTION('center_axis',(-1.,0.,0.));
#7690=DIRECTION('ref_axis',(0.,-1.,0.));
#7691=DIRECTION('',(0.,-1.,0.));
#7692=DIRECTION('center_axis',(0.,0.,1.));
#7693=DIRECTION('ref_axis',(1.,0.,0.));
#7694=DIRECTION('center_axis',(-0.707106781186547,0.707106781186548,0.));
#7695=DIRECTION('ref_axis',(0.707106781186548,0.707106781186547,0.));
#7696=DIRECTION('center_axis',(-0.707106781186547,0.707106781186548,0.));
#7697=DIRECTION('ref_axis',(0.707106781186548,0.707106781186547,0.));
#7698=DIRECTION('',(-0.707106781186547,0.707106781186548,0.));
#7699=DIRECTION('center_axis',(0.707106781186546,-0.707106781186549,0.));
#7700=DIRECTION('ref_axis',(0.707106781186548,0.707106781186547,0.));
#7701=DIRECTION('center_axis',(-0.707106781186548,0.707106781186548,0.));
#7702=DIRECTION('ref_axis',(0.707106781186547,0.707106781186548,0.));
#7703=DIRECTION('center_axis',(-0.707106781186547,0.707106781186548,0.));
#7704=DIRECTION('ref_axis',(0.707106781186547,0.707106781186548,0.));
#7705=DIRECTION('',(-0.707106781186547,0.707106781186547,0.));
#7706=DIRECTION('center_axis',(0.707106781186546,-0.707106781186549,0.));
#7707=DIRECTION('ref_axis',(0.707106781186547,0.707106781186548,0.));
#7708=DIRECTION('center_axis',(-0.707106781186547,0.707106781186548,0.));
#7709=DIRECTION('ref_axis',(0.707106781186548,0.707106781186547,0.));
#7710=DIRECTION('center_axis',(-0.707106781186547,0.707106781186548,0.));
#7711=DIRECTION('ref_axis',(0.707106781186548,0.707106781186547,0.));
#7712=DIRECTION('',(-0.707106781186547,0.707106781186548,0.));
#7713=DIRECTION('center_axis',(0.707106781186546,-0.707106781186549,0.));
#7714=DIRECTION('ref_axis',(0.707106781186548,0.707106781186547,0.));
#7715=DIRECTION('center_axis',(-0.707106781186548,0.707106781186548,0.));
#7716=DIRECTION('ref_axis',(0.707106781186547,0.707106781186547,0.));
#7717=DIRECTION('center_axis',(-0.707106781186547,0.707106781186548,0.));
#7718=DIRECTION('ref_axis',(0.707106781186547,0.707106781186547,0.));
#7719=DIRECTION('',(-0.707106781186547,0.707106781186547,0.));
#7720=DIRECTION('center_axis',(0.707106781186546,-0.707106781186549,0.));
#7721=DIRECTION('ref_axis',(0.707106781186547,0.707106781186547,0.));
#7722=DIRECTION('center_axis',(-0.707106781186548,0.707106781186548,0.));
#7723=DIRECTION('ref_axis',(0.707106781186548,0.707106781186548,0.));
#7724=DIRECTION('center_axis',(-0.707106781186547,0.707106781186548,0.));
#7725=DIRECTION('ref_axis',(0.707106781186548,0.707106781186548,0.));
#7726=DIRECTION('',(-0.707106781186547,0.707106781186547,0.));
#7727=DIRECTION('center_axis',(0.707106781186546,-0.707106781186549,0.));
#7728=DIRECTION('ref_axis',(0.707106781186548,0.707106781186548,0.));
#7729=DIRECTION('center_axis',(0.,0.,1.));
#7730=DIRECTION('ref_axis',(1.,0.,0.));
#7731=DIRECTION('',(0.707106781186549,0.707106781186546,0.));
#7732=DIRECTION('',(0.,-1.,0.));
#7733=DIRECTION('',(-0.707106781186548,-0.707106781186547,0.));
#7734=DIRECTION('',(-1.,3.82476953588823E-16,0.));
#7735=DIRECTION('center_axis',(0.,0.,1.));
#7736=DIRECTION('ref_axis',(1.,0.,0.));
#7737=DIRECTION('center_axis',(0.,0.,1.));
#7738=DIRECTION('ref_axis',(1.,0.,0.));
#7739=DIRECTION('center_axis',(0.,0.,1.));
#7740=DIRECTION('ref_axis',(1.,0.,0.));
#7741=DIRECTION('center_axis',(0.,0.,-1.));
#7742=DIRECTION('ref_axis',(1.,0.,0.));
#7743=DIRECTION('',(0.,0.,-1.));
#7744=DIRECTION('center_axis',(0.,0.,1.));
#7745=DIRECTION('ref_axis',(1.,0.,0.));
#7746=DIRECTION('center_axis',(0.,0.,-1.));
#7747=DIRECTION('ref_axis',(1.,0.,0.));
#7748=DIRECTION('',(0.,0.,-1.));
#7749=DIRECTION('center_axis',(1.,0.,0.));
#7750=DIRECTION('ref_axis',(0.,1.,0.));
#7751=DIRECTION('',(0.,0.,-1.));
#7752=DIRECTION('',(0.,1.,0.));
#7753=DIRECTION('',(0.,0.,1.));
#7754=DIRECTION('center_axis',(0.707106781186547,-0.707106781186548,0.));
#7755=DIRECTION('ref_axis',(0.707106781186548,0.707106781186547,0.));
#7756=DIRECTION('',(0.707106781186548,0.707106781186547,0.));
#7757=DIRECTION('',(0.,0.,1.));
#7758=DIRECTION('center_axis',(-3.82476953588823E-16,-1.,0.));
#7759=DIRECTION('ref_axis',(1.,-3.82476953588823E-16,0.));
#7760=DIRECTION('',(1.,-3.82476953588823E-16,0.));
#7761=DIRECTION('',(0.,0.,1.));
#7762=DIRECTION('center_axis',(-0.707106781186546,0.707106781186549,0.));
#7763=DIRECTION('ref_axis',(-0.707106781186549,-0.707106781186546,0.));
#7764=DIRECTION('',(-0.707106781186549,-0.707106781186546,0.));
#7765=DIRECTION('center_axis',(0.,0.,1.));
#7766=DIRECTION('ref_axis',(1.,0.,0.));
#7767=DIRECTION('',(0.,0.,1.));
#7768=DIRECTION('',(1.,0.,0.));
#7769=CARTESIAN_POINT('',(0.,0.,0.));
#7770=CARTESIAN_POINT('',(0.,0.,0.));
#7771=CARTESIAN_POINT('Origin',(-64.5,-23.5,-10.));
#7772=CARTESIAN_POINT('',(-64.5,-25.5,-10.));
#7773=CARTESIAN_POINT('',(-64.5,-23.5,-12.));
#7774=CARTESIAN_POINT('Origin',(-64.5,-23.5,-10.));
#7775=CARTESIAN_POINT('',(-66.5,-23.5,-10.));
#7776=CARTESIAN_POINT('Origin',(-64.5,-23.5,-10.));
#7777=CARTESIAN_POINT('Origin',(-64.5,-23.5,-10.));
#7778=CARTESIAN_POINT('Origin',(76.5,-23.5,-10.));
#7779=CARTESIAN_POINT('',(78.5,-23.5,-10.));
#7780=CARTESIAN_POINT('',(76.5,-23.5,-12.));
#7781=CARTESIAN_POINT('Origin',(76.5,-23.5,-10.));
#7782=CARTESIAN_POINT('',(76.5,-25.5,-10.));
#7783=CARTESIAN_POINT('Origin',(76.5,-23.5,-10.));
#7784=CARTESIAN_POINT('Origin',(76.5,-23.5,-10.));
#7785=CARTESIAN_POINT('Origin',(-64.5,23.5,-10.));
#7786=CARTESIAN_POINT('',(-66.5,23.5,-10.));
#7787=CARTESIAN_POINT('',(-64.5,23.5,-12.));
#7788=CARTESIAN_POINT('Origin',(-64.5,23.5,-10.));
#7789=CARTESIAN_POINT('',(-64.5,25.5,-10.));
#7790=CARTESIAN_POINT('Origin',(-64.5,23.5,-10.));
#7791=CARTESIAN_POINT('Origin',(-64.5,23.5,-10.));
#7792=CARTESIAN_POINT('Origin',(-64.5,-23.5,10.));
#7793=CARTESIAN_POINT('',(-66.5,-23.5,10.));
#7794=CARTESIAN_POINT('',(-64.5,-23.5,12.));
#7795=CARTESIAN_POINT('Origin',(-64.5,-23.5,10.));
#7796=CARTESIAN_POINT('',(-64.5,-25.5,10.));
#7797=CARTESIAN_POINT('Origin',(-64.5,-23.5,10.));
#7798=CARTESIAN_POINT('Origin',(-64.5,-23.5,10.));
#7799=CARTESIAN_POINT('Origin',(-64.5,-23.5,0.));
#7800=CARTESIAN_POINT('',(-66.5,-23.5,0.));
#7801=CARTESIAN_POINT('',(-64.5,-25.5,0.));
#7802=CARTESIAN_POINT('Origin',(76.5,-23.5,10.));
#7803=CARTESIAN_POINT('',(76.5,-25.5,10.));
#7804=CARTESIAN_POINT('',(76.5,-23.5,12.));
#7805=CARTESIAN_POINT('Origin',(76.5,-23.5,10.));
#7806=CARTESIAN_POINT('',(78.5,-23.5,10.));
#7807=CARTESIAN_POINT('Origin',(76.5,-23.5,10.));
#7808=CARTESIAN_POINT('Origin',(76.5,-23.5,10.));
#7809=CARTESIAN_POINT('Origin',(76.5,-23.5,0.));
#7810=CARTESIAN_POINT('',(76.5,-25.5,0.));
#7811=CARTESIAN_POINT('',(78.5,-23.5,0.));
#7812=CARTESIAN_POINT('Origin',(76.5,23.5,-10.));
#7813=CARTESIAN_POINT('',(76.5,25.5,-10.));
#7814=CARTESIAN_POINT('',(76.5,23.5,-12.));
#7815=CARTESIAN_POINT('Origin',(76.5,23.5,-10.));
#7816=CARTESIAN_POINT('',(78.5,23.5,-10.));
#7817=CARTESIAN_POINT('Origin',(76.5,23.5,-10.));
#7818=CARTESIAN_POINT('Origin',(76.5,23.5,-10.));
#7819=CARTESIAN_POINT('Origin',(-64.5,23.5,10.));
#7820=CARTESIAN_POINT('',(-64.5,25.5,10.));
#7821=CARTESIAN_POINT('',(-64.5,23.5,12.));
#7822=CARTESIAN_POINT('Origin',(-64.5,23.5,10.));
#7823=CARTESIAN_POINT('',(-66.5,23.5,10.));
#7824=CARTESIAN_POINT('Origin',(-64.5,23.5,10.));
#7825=CARTESIAN_POINT('Origin',(-64.5,23.5,10.));
#7826=CARTESIAN_POINT('Origin',(-64.5,23.5,0.));
#7827=CARTESIAN_POINT('',(-64.5,25.5,0.));
#7828=CARTESIAN_POINT('',(-66.5,23.5,0.));
#7829=CARTESIAN_POINT('Origin',(-64.5,12.75,10.));
#7830=CARTESIAN_POINT('',(-64.5,12.75,12.));
#7831=CARTESIAN_POINT('',(-66.5,12.75,10.));
#7832=CARTESIAN_POINT('Origin',(76.5,23.5,10.));
#7833=CARTESIAN_POINT('',(78.5,23.5,10.));
#7834=CARTESIAN_POINT('',(76.5,23.5,12.));
#7835=CARTESIAN_POINT('Origin',(76.5,23.5,10.));
#7836=CARTESIAN_POINT('',(76.5,25.5,10.));
#7837=CARTESIAN_POINT('Origin',(76.5,23.5,10.));
#7838=CARTESIAN_POINT('Origin',(76.5,23.5,10.));
#7839=CARTESIAN_POINT('Origin',(76.5,23.5,0.));
#7840=CARTESIAN_POINT('',(76.5,25.5,0.));
#7841=CARTESIAN_POINT('',(78.5,23.5,0.));
#7842=CARTESIAN_POINT('Origin',(42.25,23.5,10.));
#7843=CARTESIAN_POINT('',(42.25,23.5,12.));
#7844=CARTESIAN_POINT('',(42.25,25.5,10.));
#7845=CARTESIAN_POINT('Origin',(76.5,-12.75,10.));
#7846=CARTESIAN_POINT('',(76.5,-12.75,12.));
#7847=CARTESIAN_POINT('',(78.5,-12.75,10.));
#7848=CARTESIAN_POINT('Origin',(76.5,-12.75,-10.));
#7849=CARTESIAN_POINT('',(76.5,-12.75,-12.));
#7850=CARTESIAN_POINT('',(78.5,-12.75,-10.));
#7851=CARTESIAN_POINT('Origin',(42.25,23.5,-10.));
#7852=CARTESIAN_POINT('',(42.25,23.5,-12.));
#7853=CARTESIAN_POINT('',(42.25,25.5,-10.));
#7854=CARTESIAN_POINT('Origin',(-30.25,-23.5,10.));
#7855=CARTESIAN_POINT('',(-30.25,-23.5,12.));
#7856=CARTESIAN_POINT('',(-30.25,-25.5,10.));
#7857=CARTESIAN_POINT('Origin',(-64.5,12.75,-10.));
#7858=CARTESIAN_POINT('',(-64.5,12.75,-12.));
#7859=CARTESIAN_POINT('',(-66.5,12.75,-10.));
#7860=CARTESIAN_POINT('Origin',(-30.25,-23.5,-10.));
#7861=CARTESIAN_POINT('',(-30.25,-23.5,-12.));
#7862=CARTESIAN_POINT('',(-30.25,-25.5,-10.));
#7863=CARTESIAN_POINT('Origin',(-66.5,-25.5,0.));
#7864=CARTESIAN_POINT('Origin',(-66.5,25.5,0.));
#7865=CARTESIAN_POINT('Origin',(6.00000000000001,0.,12.));
#7866=CARTESIAN_POINT('Origin',(78.5,-25.5,0.));
#7867=CARTESIAN_POINT('Origin',(78.5,25.5,0.));
#7868=CARTESIAN_POINT('Origin',(6.00000000000001,0.,-12.));
#7869=CARTESIAN_POINT('Origin',(18.986,-23.2522431595977,13.5));
#7870=CARTESIAN_POINT('',(37.972,-23.2522431595977,15.5));
#7871=CARTESIAN_POINT('',(37.972,-25.2522431595977,13.5));
#7872=CARTESIAN_POINT('Origin',(37.972,-23.2522431595977,13.5));
#7873=CARTESIAN_POINT('',(58.972,-25.2522431595977,13.5));
#7874=CARTESIAN_POINT('',(18.986,-25.2522431595977,13.5));
#7875=CARTESIAN_POINT('',(58.972,-23.2522431595977,15.5));
#7876=CARTESIAN_POINT('Origin',(58.972,-23.2522431595977,13.5));
#7877=CARTESIAN_POINT('',(18.986,-23.2522431595977,15.5));
#7878=CARTESIAN_POINT('Origin',(37.972,-25.2522431595977,15.5));
#7879=CARTESIAN_POINT('',(37.972,-25.2522431595977,12.5));
#7880=CARTESIAN_POINT('',(37.972,-25.2522431595977,15.5));
#7881=CARTESIAN_POINT('',(58.972,-25.2522431595977,12.5));
#7882=CARTESIAN_POINT('',(18.986,-25.2522431595977,12.5));
#7883=CARTESIAN_POINT('',(58.972,-25.2522431595977,15.5));
#7884=CARTESIAN_POINT('Origin',(29.486,23.5,13.5));
#7885=CARTESIAN_POINT('',(58.972,23.5,15.5));
#7886=CARTESIAN_POINT('',(58.972,25.5,13.5));
#7887=CARTESIAN_POINT('Origin',(58.972,23.5,13.5));
#7888=CARTESIAN_POINT('',(37.972,25.5,13.5));
#7889=CARTESIAN_POINT('',(29.486,25.5,13.5));
#7890=CARTESIAN_POINT('',(37.972,23.5,15.5));
#7891=CARTESIAN_POINT('Origin',(37.972,23.5,13.5));
#7892=CARTESIAN_POINT('',(29.486,23.5,15.5));
#7893=CARTESIAN_POINT('Origin',(58.972,25.5,15.5));
#7894=CARTESIAN_POINT('',(58.972,25.5,12.5));
#7895=CARTESIAN_POINT('',(58.972,25.5,15.5));
#7896=CARTESIAN_POINT('',(37.972,25.5,12.5));
#7897=CARTESIAN_POINT('',(29.486,25.5,12.5));
#7898=CARTESIAN_POINT('',(37.972,25.5,15.5));
#7899=CARTESIAN_POINT('Origin',(-18.9935571673696,23.499999999598,13.5));
#7900=CARTESIAN_POINT('',(-37.9871143347391,23.499999999598,15.5));
#7901=CARTESIAN_POINT('',(-37.9871143347391,25.499999999598,13.5));
#7902=CARTESIAN_POINT('Origin',(-37.9871143347391,23.499999999598,13.5));
#7903=CARTESIAN_POINT('',(-58.9871143347391,25.499999999598,13.5));
#7904=CARTESIAN_POINT('',(-18.9935571673696,25.499999999598,13.5));
#7905=CARTESIAN_POINT('',(-58.9871143347391,23.499999999598,15.5));
#7906=CARTESIAN_POINT('Origin',(-58.9871143347391,23.499999999598,13.5));
#7907=CARTESIAN_POINT('',(-18.9935571673696,23.499999999598,15.5));
#7908=CARTESIAN_POINT('Origin',(-37.9871143347391,25.499999999598,15.5));
#7909=CARTESIAN_POINT('',(-37.9871143347391,25.499999999598,12.5));
#7910=CARTESIAN_POINT('',(-37.9871143347391,25.499999999598,15.5));
#7911=CARTESIAN_POINT('',(-58.9871143347391,25.499999999598,12.5));
#7912=CARTESIAN_POINT('',(-18.9935571673696,25.499999999598,12.5));
#7913=CARTESIAN_POINT('',(-58.9871143347391,25.499999999598,15.5));
#7914=CARTESIAN_POINT('Origin',(-29.4722654404256,-23.500000000402,13.5));
#7915=CARTESIAN_POINT('',(-58.9445308808511,-23.500000000402,15.5));
#7916=CARTESIAN_POINT('',(-58.9445308808511,-25.500000000402,13.5));
#7917=CARTESIAN_POINT('Origin',(-58.9445308808511,-23.500000000402,13.5));
#7918=CARTESIAN_POINT('',(-37.9445308808511,-25.500000000402,13.5));
#7919=CARTESIAN_POINT('',(-29.4722654404256,-25.500000000402,13.5));
#7920=CARTESIAN_POINT('',(-37.9445308808511,-23.500000000402,15.5));
#7921=CARTESIAN_POINT('Origin',(-37.9445308808511,-23.500000000402,13.5));
#7922=CARTESIAN_POINT('',(-29.4722654404256,-23.500000000402,15.5));
#7923=CARTESIAN_POINT('Origin',(-58.9445308808511,-25.500000000402,15.5));
#7924=CARTESIAN_POINT('',(-58.9445308808511,-25.500000000402,12.5));
#7925=CARTESIAN_POINT('',(-58.9445308808511,-25.500000000402,15.5));
#7926=CARTESIAN_POINT('',(-37.9445308808511,-25.500000000402,12.5));
#7927=CARTESIAN_POINT('',(-29.4722654404256,-25.500000000402,12.5));
#7928=CARTESIAN_POINT('',(-37.9445308808511,-25.500000000402,15.5));
#7929=CARTESIAN_POINT('Origin',(-47.9921931746987,-34.75,15.5));
#7930=CARTESIAN_POINT('',(-43.9921931746987,-34.75,15.5));
#7931=CARTESIAN_POINT('Origin',(-47.9921931746987,-34.75,15.5));
#7932=CARTESIAN_POINT('',(-43.9921931746987,-34.75,12.5));
#7933=CARTESIAN_POINT('',(-43.9921931746987,-34.75,15.5));
#7934=CARTESIAN_POINT('Origin',(-47.9921931746987,-34.75,12.5));
#7935=CARTESIAN_POINT('Origin',(-85.25,-12.,15.5));
#7936=CARTESIAN_POINT('',(-81.25,-12.,15.5));
#7937=CARTESIAN_POINT('Origin',(-85.25,-12.,15.5));
#7938=CARTESIAN_POINT('',(-81.25,-12.,12.5));
#7939=CARTESIAN_POINT('',(-81.25,-12.,15.5));
#7940=CARTESIAN_POINT('Origin',(-85.25,-12.,12.5));
#7941=CARTESIAN_POINT('Origin',(48.0078068253014,-34.75,15.5));
#7942=CARTESIAN_POINT('',(52.0078068253014,-34.75,15.5));
#7943=CARTESIAN_POINT('Origin',(48.0078068253014,-34.75,15.5));
#7944=CARTESIAN_POINT('',(52.0078068253014,-34.75,12.5));
#7945=CARTESIAN_POINT('',(52.0078068253014,-34.75,15.5));
#7946=CARTESIAN_POINT('Origin',(48.0078068253014,-34.75,12.5));
#7947=CARTESIAN_POINT('Origin',(59.9686988967961,34.75,15.5));
#7948=CARTESIAN_POINT('',(63.9686988967961,34.75,15.5));
#7949=CARTESIAN_POINT('Origin',(59.9686988967961,34.75,15.5));
#7950=CARTESIAN_POINT('',(63.9686988967961,34.75,12.5));
#7951=CARTESIAN_POINT('',(63.9686988967961,34.75,15.5));
#7952=CARTESIAN_POINT('Origin',(59.9686988967961,34.75,12.5));
#7953=CARTESIAN_POINT('Origin',(37.972,-27.2522431595977,15.5));
#7954=CARTESIAN_POINT('',(37.972,-27.2522431595977,15.5));
#7955=CARTESIAN_POINT('',(37.972,-13.6261215797989,15.5));
#7956=CARTESIAN_POINT('',(37.972,-27.2522431595977,12.5));
#7957=CARTESIAN_POINT('',(37.972,-27.2522431595977,15.5));
#7958=CARTESIAN_POINT('',(37.972,-13.6261215797989,12.5));
#7959=CARTESIAN_POINT('Origin',(58.972,-27.2522431595977,15.5));
#7960=CARTESIAN_POINT('',(58.972,-27.2522431595977,15.5));
#7961=CARTESIAN_POINT('',(29.486,-27.2522431595977,15.5));
#7962=CARTESIAN_POINT('',(58.972,-27.2522431595977,12.5));
#7963=CARTESIAN_POINT('',(58.972,-27.2522431595977,15.5));
#7964=CARTESIAN_POINT('',(29.486,-27.2522431595977,12.5));
#7965=CARTESIAN_POINT('Origin',(58.972,-25.2522431595977,15.5));
#7966=CARTESIAN_POINT('',(58.972,-12.6261215797989,15.5));
#7967=CARTESIAN_POINT('',(58.972,-12.6261215797989,12.5));
#7968=CARTESIAN_POINT('Origin',(-85.25,-2.48282297499181E-17,15.5));
#7969=CARTESIAN_POINT('',(-82.25,3.42565809994289E-16,15.5));
#7970=CARTESIAN_POINT('Origin',(-85.25,-2.48282297499181E-17,15.5));
#7971=CARTESIAN_POINT('',(-82.25,3.42565809994289E-16,12.5));
#7972=CARTESIAN_POINT('',(-82.25,-3.92222269494125E-16,15.5));
#7973=CARTESIAN_POINT('Origin',(-85.25,-2.48282297499181E-17,12.5));
#7974=CARTESIAN_POINT('Origin',(-30.5051460870014,24.3211266680908,15.5));
#7975=CARTESIAN_POINT('',(-29.5551460870014,24.3211266680908,15.5));
#7976=CARTESIAN_POINT('Origin',(-30.5051460870014,24.3211266680908,15.5));
#7977=CARTESIAN_POINT('',(-29.5551460870014,24.3211266680908,12.5));
#7978=CARTESIAN_POINT('',(-29.5551460870014,24.3211266680908,15.5));
#7979=CARTESIAN_POINT('Origin',(-30.5051460870014,24.3211266680908,12.5));
#7980=CARTESIAN_POINT('Origin',(-59.7452171092225,36.5,15.5));
#7981=CARTESIAN_POINT('',(-58.7952171092225,36.5,15.5));
#7982=CARTESIAN_POINT('Origin',(-59.7452171092225,36.5,15.5));
#7983=CARTESIAN_POINT('',(-58.7952171092225,36.5,12.5));
#7984=CARTESIAN_POINT('',(-58.7952171092225,36.5,15.5));
#7985=CARTESIAN_POINT('Origin',(-59.7452171092225,36.5,12.5));
#7986=CARTESIAN_POINT('Origin',(-8.79022874133821,-17.,15.5));
#7987=CARTESIAN_POINT('',(-8.79022874133821,-17.,15.5));
#7988=CARTESIAN_POINT('',(-8.79022874133821,17.,15.5));
#7989=CARTESIAN_POINT('',(-8.79022874133821,-8.49999999999999,15.5));
#7990=CARTESIAN_POINT('',(-8.79022874133821,-17.,12.5));
#7991=CARTESIAN_POINT('',(-8.79022874133821,-17.,15.5));
#7992=CARTESIAN_POINT('',(-8.79022874133821,17.,12.5));
#7993=CARTESIAN_POINT('',(-8.79022874133821,-8.49999999999999,12.5));
#7994=CARTESIAN_POINT('',(-8.79022874133821,17.,15.5));
#7995=CARTESIAN_POINT('Origin',(79.2097712586618,-17.,15.5));
#7996=CARTESIAN_POINT('',(79.2097712586618,-17.,15.5));
#7997=CARTESIAN_POINT('',(39.6048856293309,-17.,15.5));
#7998=CARTESIAN_POINT('',(79.2097712586618,-17.,12.5));
#7999=CARTESIAN_POINT('',(79.2097712586618,-17.,15.5));
#8000=CARTESIAN_POINT('',(39.6048856293309,-17.,12.5));
#8001=CARTESIAN_POINT('Origin',(79.2097712586618,17.,15.5));
#8002=CARTESIAN_POINT('',(79.2097712586618,17.,15.5));
#8003=CARTESIAN_POINT('',(79.2097712586618,8.50000000000001,15.5));
#8004=CARTESIAN_POINT('',(79.2097712586618,17.,12.5));
#8005=CARTESIAN_POINT('',(79.2097712586618,17.,15.5));
#8006=CARTESIAN_POINT('',(79.2097712586618,8.50000000000001,12.5));
#8007=CARTESIAN_POINT('Origin',(-8.79022874133821,17.,15.5));
#8008=CARTESIAN_POINT('',(-4.3951143706691,17.,15.5));
#8009=CARTESIAN_POINT('',(-4.3951143706691,17.,12.5));
#8010=CARTESIAN_POINT('Origin',(37.972,25.5,15.5));
#8011=CARTESIAN_POINT('',(37.972,27.5,15.5));
#8012=CARTESIAN_POINT('',(37.972,12.75,15.5));
#8013=CARTESIAN_POINT('',(37.972,27.5,12.5));
#8014=CARTESIAN_POINT('',(37.972,12.75,12.5));
#8015=CARTESIAN_POINT('',(37.972,27.5,15.5));
#8016=CARTESIAN_POINT('Origin',(58.972,27.5,15.5));
#8017=CARTESIAN_POINT('',(58.972,27.5,15.5));
#8018=CARTESIAN_POINT('',(58.972,13.75,15.5));
#8019=CARTESIAN_POINT('',(58.972,27.5,12.5));
#8020=CARTESIAN_POINT('',(58.972,27.5,15.5));
#8021=CARTESIAN_POINT('',(58.972,13.75,12.5));
#8022=CARTESIAN_POINT('Origin',(37.972,27.5,15.5));
#8023=CARTESIAN_POINT('',(18.986,27.5,15.5));
#8024=CARTESIAN_POINT('',(18.986,27.5,12.5));
#8025=CARTESIAN_POINT('Origin',(47.9686988967961,34.75,15.5));
#8026=CARTESIAN_POINT('',(51.9686988967961,34.75,15.5));
#8027=CARTESIAN_POINT('Origin',(47.9686988967961,34.75,15.5));
#8028=CARTESIAN_POINT('',(51.9686988967961,34.75,12.5));
#8029=CARTESIAN_POINT('',(51.9686988967961,34.75,15.5));
#8030=CARTESIAN_POINT('Origin',(47.9686988967961,34.75,12.5));
#8031=CARTESIAN_POINT('Origin',(36.0078068253014,-34.75,15.5));
#8032=CARTESIAN_POINT('',(40.0078068253013,-34.75,15.5));
#8033=CARTESIAN_POINT('Origin',(36.0078068253014,-34.75,15.5));
#8034=CARTESIAN_POINT('',(40.0078068253013,-34.75,12.5));
#8035=CARTESIAN_POINT('',(40.0078068253013,-34.75,15.5));
#8036=CARTESIAN_POINT('Origin',(36.0078068253014,-34.75,12.5));
#8037=CARTESIAN_POINT('Origin',(-85.25,12.,15.5));
#8038=CARTESIAN_POINT('',(-81.25,12.,15.5));
#8039=CARTESIAN_POINT('Origin',(-85.25,12.,15.5));
#8040=CARTESIAN_POINT('',(-81.25,12.,12.5));
#8041=CARTESIAN_POINT('',(-81.25,12.,15.5));
#8042=CARTESIAN_POINT('Origin',(-85.25,12.,12.5));
#8043=CARTESIAN_POINT('Origin',(85.25,-12.,15.5));
#8044=CARTESIAN_POINT('',(89.25,-12.,15.5));
#8045=CARTESIAN_POINT('Origin',(85.25,-12.,15.5));
#8046=CARTESIAN_POINT('',(89.25,-12.,12.5));
#8047=CARTESIAN_POINT('',(89.25,-12.,15.5));
#8048=CARTESIAN_POINT('Origin',(85.25,-12.,12.5));
#8049=CARTESIAN_POINT('Origin',(-48.0313011032039,34.75,15.5));
#8050=CARTESIAN_POINT('',(-44.0313011032039,34.75,15.5));
#8051=CARTESIAN_POINT('Origin',(-48.0313011032039,34.75,15.5));
#8052=CARTESIAN_POINT('',(-44.0313011032039,34.75,12.5));
#8053=CARTESIAN_POINT('',(-44.0313011032039,34.75,15.5));
#8054=CARTESIAN_POINT('Origin',(-48.0313011032039,34.75,12.5));
#8055=CARTESIAN_POINT('Origin',(85.25,12.,15.5));
#8056=CARTESIAN_POINT('',(89.25,12.,15.5));
#8057=CARTESIAN_POINT('Origin',(85.25,12.,15.5));
#8058=CARTESIAN_POINT('',(89.25,12.,12.5));
#8059=CARTESIAN_POINT('',(89.25,12.,15.5));
#8060=CARTESIAN_POINT('Origin',(85.25,12.,12.5));
#8061=CARTESIAN_POINT('Origin',(60.0078068253014,-34.75,15.5));
#8062=CARTESIAN_POINT('',(64.0078068253013,-34.75,15.5));
#8063=CARTESIAN_POINT('Origin',(60.0078068253014,-34.75,15.5));
#8064=CARTESIAN_POINT('',(64.0078068253013,-34.75,12.5));
#8065=CARTESIAN_POINT('',(64.0078068253013,-34.75,15.5));
#8066=CARTESIAN_POINT('Origin',(60.0078068253014,-34.75,12.5));
#8067=CARTESIAN_POINT('Origin',(-36.0313011032039,34.75,15.5));
#8068=CARTESIAN_POINT('',(-32.0313011032039,34.75,15.5));
#8069=CARTESIAN_POINT('Origin',(-36.0313011032039,34.75,15.5));
#8070=CARTESIAN_POINT('',(-32.0313011032039,34.75,12.5));
#8071=CARTESIAN_POINT('',(-32.0313011032039,34.75,15.5));
#8072=CARTESIAN_POINT('Origin',(-36.0313011032039,34.75,12.5));
#8073=CARTESIAN_POINT('Origin',(-7.99999999999999,30.77,15.5));
#8074=CARTESIAN_POINT('',(-7.99999999999999,30.77,15.5));
#8075=CARTESIAN_POINT('',(-7.99999999999999,42.77,15.5));
#8076=CARTESIAN_POINT('',(-7.99999999999999,15.385,15.5));
#8077=CARTESIAN_POINT('',(-7.99999999999999,30.77,12.5));
#8078=CARTESIAN_POINT('',(-7.99999999999999,30.77,15.5));
#8079=CARTESIAN_POINT('',(-7.99999999999999,42.77,12.5));
#8080=CARTESIAN_POINT('',(-7.99999999999999,15.385,12.5));
#8081=CARTESIAN_POINT('',(-7.99999999999999,42.77,15.5));
#8082=CARTESIAN_POINT('Origin',(8.00000000000001,30.77,15.5));
#8083=CARTESIAN_POINT('',(8.00000000000001,30.77,15.5));
#8084=CARTESIAN_POINT('',(4.00000000000001,30.77,15.5));
#8085=CARTESIAN_POINT('',(8.00000000000001,30.77,12.5));
#8086=CARTESIAN_POINT('',(8.00000000000001,30.77,15.5));
#8087=CARTESIAN_POINT('',(4.00000000000001,30.77,12.5));
#8088=CARTESIAN_POINT('Origin',(8.00000000000001,42.77,15.5));
#8089=CARTESIAN_POINT('',(8.00000000000001,42.77,15.5));
#8090=CARTESIAN_POINT('',(8.00000000000001,21.385,15.5));
#8091=CARTESIAN_POINT('',(8.00000000000001,42.77,12.5));
#8092=CARTESIAN_POINT('',(8.00000000000001,42.77,15.5));
#8093=CARTESIAN_POINT('',(8.00000000000001,21.385,12.5));
#8094=CARTESIAN_POINT('Origin',(-7.99999999999999,42.77,15.5));
#8095=CARTESIAN_POINT('',(-3.99999999999999,42.77,15.5));
#8096=CARTESIAN_POINT('',(-3.99999999999999,42.77,12.5));
#8097=CARTESIAN_POINT('Origin',(-58.9871143347391,25.499999999598,15.5));
#8098=CARTESIAN_POINT('',(-58.9871143347391,27.499999999598,15.5));
#8099=CARTESIAN_POINT('',(-58.9871143347391,12.749999999799,15.5));
#8100=CARTESIAN_POINT('',(-58.9871143347391,27.499999999598,12.5));
#8101=CARTESIAN_POINT('',(-58.9871143347391,12.749999999799,12.5));
#8102=CARTESIAN_POINT('',(-58.9871143347391,27.499999999598,15.5));
#8103=CARTESIAN_POINT('Origin',(-37.9871143347391,27.499999999598,15.5));
#8104=CARTESIAN_POINT('',(-37.9871143347391,27.499999999598,15.5));
#8105=CARTESIAN_POINT('',(-37.9871143347391,13.749999999799,15.5));
#8106=CARTESIAN_POINT('',(-37.9871143347391,27.499999999598,12.5));
#8107=CARTESIAN_POINT('',(-37.9871143347391,27.499999999598,15.5));
#8108=CARTESIAN_POINT('',(-37.9871143347391,13.749999999799,12.5));
#8109=CARTESIAN_POINT('Origin',(-58.9871143347391,27.499999999598,15.5));
#8110=CARTESIAN_POINT('',(-29.4935571673696,27.499999999598,15.5));
#8111=CARTESIAN_POINT('',(-29.4935571673696,27.499999999598,12.5));
#8112=CARTESIAN_POINT('Origin',(-30.5051460870014,-24.0788733319092,15.5));
#8113=CARTESIAN_POINT('',(-29.5551460870014,-24.0788733319092,15.5));
#8114=CARTESIAN_POINT('Origin',(-30.5051460870014,-24.0788733319092,15.5));
#8115=CARTESIAN_POINT('',(-29.5551460870014,-24.0788733319092,12.5));
#8116=CARTESIAN_POINT('',(-29.5551460870014,-24.0788733319092,15.5));
#8117=CARTESIAN_POINT('Origin',(-30.5051460870014,-24.0788733319092,12.5));
#8118=CARTESIAN_POINT('Origin',(-59.7452171092225,-36.5,15.5));
#8119=CARTESIAN_POINT('',(-58.7952171092225,-36.5,15.5));
#8120=CARTESIAN_POINT('Origin',(-59.7452171092225,-36.5,15.5));
#8121=CARTESIAN_POINT('',(-58.7952171092225,-36.5,12.5));
#8122=CARTESIAN_POINT('',(-58.7952171092225,-36.5,15.5));
#8123=CARTESIAN_POINT('Origin',(-59.7452171092225,-36.5,12.5));
#8124=CARTESIAN_POINT('Origin',(-72.2452171092225,-22.,15.5));
#8125=CARTESIAN_POINT('',(-72.2452171092225,-22.,15.5));
#8126=CARTESIAN_POINT('',(-72.2452171092225,22.,15.5));
#8127=CARTESIAN_POINT('',(-72.2452171092225,-11.,15.5));
#8128=CARTESIAN_POINT('',(-72.2452171092225,-22.,12.5));
#8129=CARTESIAN_POINT('',(-72.2452171092225,-22.,15.5));
#8130=CARTESIAN_POINT('',(-72.2452171092225,22.,12.5));
#8131=CARTESIAN_POINT('',(-72.2452171092225,-11.,12.5));
#8132=CARTESIAN_POINT('',(-72.2452171092225,22.,15.5));
#8133=CARTESIAN_POINT('Origin',(-47.2452171092225,-22.,15.5));
#8134=CARTESIAN_POINT('',(-47.2452171092225,-22.,15.5));
#8135=CARTESIAN_POINT('',(-23.6226085546112,-22.,15.5));
#8136=CARTESIAN_POINT('',(-47.2452171092225,-22.,12.5));
#8137=CARTESIAN_POINT('',(-47.2452171092225,-22.,15.5));
#8138=CARTESIAN_POINT('',(-23.6226085546112,-22.,12.5));
#8139=CARTESIAN_POINT('Origin',(-47.2452171092225,22.,15.5));
#8140=CARTESIAN_POINT('',(-47.2452171092225,22.,15.5));
#8141=CARTESIAN_POINT('',(-47.2452171092225,11.,15.5));
#8142=CARTESIAN_POINT('',(-47.2452171092225,22.,12.5));
#8143=CARTESIAN_POINT('',(-47.2452171092225,22.,15.5));
#8144=CARTESIAN_POINT('',(-47.2452171092225,11.,12.5));
#8145=CARTESIAN_POINT('Origin',(-72.2452171092225,22.,15.5));
#8146=CARTESIAN_POINT('',(-36.1226085546112,22.,15.5));
#8147=CARTESIAN_POINT('',(-36.1226085546112,22.,12.5));
#8148=CARTESIAN_POINT('Origin',(-37.9445308808511,-25.500000000402,15.5));
#8149=CARTESIAN_POINT('',(-37.9445308808511,-27.500000000402,15.5));
#8150=CARTESIAN_POINT('',(-37.9445308808511,-12.750000000201,15.5));
#8151=CARTESIAN_POINT('',(-37.9445308808511,-27.500000000402,12.5));
#8152=CARTESIAN_POINT('',(-37.9445308808511,-12.750000000201,12.5));
#8153=CARTESIAN_POINT('',(-37.9445308808511,-27.500000000402,15.5));
#8154=CARTESIAN_POINT('Origin',(-58.9445308808511,-27.500000000402,15.5));
#8155=CARTESIAN_POINT('',(-58.9445308808511,-27.500000000402,15.5));
#8156=CARTESIAN_POINT('',(-58.9445308808511,-13.750000000201,15.5));
#8157=CARTESIAN_POINT('',(-58.9445308808511,-27.500000000402,12.5));
#8158=CARTESIAN_POINT('',(-58.9445308808511,-27.500000000402,15.5));
#8159=CARTESIAN_POINT('',(-58.9445308808511,-13.750000000201,12.5));
#8160=CARTESIAN_POINT('Origin',(-37.9445308808511,-27.500000000402,15.5));
#8161=CARTESIAN_POINT('',(-18.9722654404256,-27.500000000402,15.5));
#8162=CARTESIAN_POINT('',(-18.9722654404256,-27.500000000402,12.5));
#8163=CARTESIAN_POINT('Origin',(35.9686988967961,34.75,15.5));
#8164=CARTESIAN_POINT('',(39.9686988967961,34.75,15.5));
#8165=CARTESIAN_POINT('Origin',(35.9686988967961,34.75,15.5));
#8166=CARTESIAN_POINT('',(39.9686988967961,34.75,12.5));
#8167=CARTESIAN_POINT('',(39.9686988967961,34.75,15.5));
#8168=CARTESIAN_POINT('Origin',(35.9686988967961,34.75,12.5));
#8169=CARTESIAN_POINT('Origin',(-35.9921931746987,-34.75,15.5));
#8170=CARTESIAN_POINT('',(-31.9921931746987,-34.75,15.5));
#8171=CARTESIAN_POINT('Origin',(-35.9921931746987,-34.75,15.5));
#8172=CARTESIAN_POINT('',(-31.9921931746987,-34.75,12.5));
#8173=CARTESIAN_POINT('',(-31.9921931746987,-34.75,15.5));
#8174=CARTESIAN_POINT('Origin',(-35.9921931746987,-34.75,12.5));
#8175=CARTESIAN_POINT('Origin',(-8.,-42.77,15.5));
#8176=CARTESIAN_POINT('',(-8.,-42.77,15.5));
#8177=CARTESIAN_POINT('',(-8.,-30.77,15.5));
#8178=CARTESIAN_POINT('',(-8.,-21.385,15.5));
#8179=CARTESIAN_POINT('',(-8.,-42.77,12.5));
#8180=CARTESIAN_POINT('',(-8.,-42.77,15.5));
#8181=CARTESIAN_POINT('',(-8.,-30.77,12.5));
#8182=CARTESIAN_POINT('',(-8.,-21.385,12.5));
#8183=CARTESIAN_POINT('',(-8.,-30.77,15.5));
#8184=CARTESIAN_POINT('Origin',(8.,-42.77,15.5));
#8185=CARTESIAN_POINT('',(8.,-42.77,15.5));
#8186=CARTESIAN_POINT('',(4.,-42.77,15.5));
#8187=CARTESIAN_POINT('',(8.,-42.77,12.5));
#8188=CARTESIAN_POINT('',(8.,-42.77,15.5));
#8189=CARTESIAN_POINT('',(4.,-42.77,12.5));
#8190=CARTESIAN_POINT('Origin',(8.,-30.77,15.5));
#8191=CARTESIAN_POINT('',(8.,-30.77,15.5));
#8192=CARTESIAN_POINT('',(8.,-15.385,15.5));
#8193=CARTESIAN_POINT('',(8.,-30.77,12.5));
#8194=CARTESIAN_POINT('',(8.,-30.77,15.5));
#8195=CARTESIAN_POINT('',(8.,-15.385,12.5));
#8196=CARTESIAN_POINT('Origin',(-8.,-30.77,15.5));
#8197=CARTESIAN_POINT('',(-4.,-30.77,15.5));
#8198=CARTESIAN_POINT('',(-4.,-30.77,12.5));
#8199=CARTESIAN_POINT('Origin',(85.25,0.,15.5));
#8200=CARTESIAN_POINT('',(89.25,4.89858719658942E-16,15.5));
#8201=CARTESIAN_POINT('Origin',(85.25,0.,15.5));
#8202=CARTESIAN_POINT('',(89.25,4.89858719658942E-16,12.5));
#8203=CARTESIAN_POINT('',(89.25,-4.89858719658942E-16,15.5));
#8204=CARTESIAN_POINT('Origin',(85.25,0.,12.5));
#8205=CARTESIAN_POINT('Origin',(-21.5051460870014,-15.0788733319092,15.5));
#8206=CARTESIAN_POINT('',(-21.5051460870014,-15.0788733319092,15.5));
#8207=CARTESIAN_POINT('',(-34.5051460870013,-15.0788733319092,15.5));
#8208=CARTESIAN_POINT('',(-10.7525730435007,-15.0788733319092,15.5));
#8209=CARTESIAN_POINT('',(-21.5051460870014,-15.0788733319092,12.5));
#8210=CARTESIAN_POINT('',(-21.5051460870014,-15.0788733319092,15.5));
#8211=CARTESIAN_POINT('',(-34.5051460870013,-15.0788733319092,12.5));
#8212=CARTESIAN_POINT('',(-10.7525730435007,-15.0788733319092,12.5));
#8213=CARTESIAN_POINT('',(-34.5051460870013,-15.0788733319092,15.5));
#8214=CARTESIAN_POINT('Origin',(-21.5051460870014,15.3211266680908,15.5));
#8215=CARTESIAN_POINT('',(-21.5051460870014,15.3211266680908,15.5));
#8216=CARTESIAN_POINT('',(-21.5051460870014,7.6605633340454,15.5));
#8217=CARTESIAN_POINT('',(-21.5051460870014,15.3211266680908,12.5));
#8218=CARTESIAN_POINT('',(-21.5051460870014,15.3211266680908,15.5));
#8219=CARTESIAN_POINT('',(-21.5051460870014,7.6605633340454,12.5));
#8220=CARTESIAN_POINT('Origin',(-34.5051460870013,15.3211266680908,15.5));
#8221=CARTESIAN_POINT('',(-34.5051460870013,15.3211266680908,15.5));
#8222=CARTESIAN_POINT('',(-17.2525730435007,15.3211266680908,15.5));
#8223=CARTESIAN_POINT('',(-34.5051460870013,15.3211266680908,12.5));
#8224=CARTESIAN_POINT('',(-34.5051460870013,15.3211266680908,15.5));
#8225=CARTESIAN_POINT('',(-17.2525730435007,15.3211266680908,12.5));
#8226=CARTESIAN_POINT('Origin',(-34.5051460870013,-15.0788733319092,15.5));
#8227=CARTESIAN_POINT('',(-34.5051460870013,-7.5394366659546,15.5));
#8228=CARTESIAN_POINT('',(-34.5051460870013,-7.5394366659546,12.5));
#8229=CARTESIAN_POINT('Origin',(-15.24,-36.77,19.));
#8230=CARTESIAN_POINT('',(-12.74,-36.77,19.));
#8231=CARTESIAN_POINT('Origin',(-15.24,-36.77,19.));
#8232=CARTESIAN_POINT('',(-9.23999999999999,-36.77,15.5));
#8233=CARTESIAN_POINT('Origin',(-9.23999999999999,-36.77,19.));
#8234=CARTESIAN_POINT('Origin',(-15.24,-36.77,15.5));
#8235=CARTESIAN_POINT('Origin',(0.,0.,15.5));
#8236=CARTESIAN_POINT('',(-94.,20.,15.5));
#8237=CARTESIAN_POINT('',(-94.,-20.,15.5));
#8238=CARTESIAN_POINT('',(-94.,20.,15.5));
#8239=CARTESIAN_POINT('',(-72.,-42.,15.5));
#8240=CARTESIAN_POINT('',(-72.,-42.,15.5));
#8241=CARTESIAN_POINT('',(-25.5565,-42.,15.5));
#8242=CARTESIAN_POINT('',(-25.5565,-42.,15.5));
#8243=CARTESIAN_POINT('',(-15.5565,-52.,15.5));
#8244=CARTESIAN_POINT('',(-15.5565,-52.,15.5));
#8245=CARTESIAN_POINT('',(15.5565,-52.,15.5));
#8246=CARTESIAN_POINT('',(-15.5565,-52.,15.5));
#8247=CARTESIAN_POINT('',(25.5565,-42.,15.5));
#8248=CARTESIAN_POINT('',(25.5565,-42.,15.5));
#8249=CARTESIAN_POINT('',(72.,-42.,15.5));
#8250=CARTESIAN_POINT('',(72.,-42.,15.5));
#8251=CARTESIAN_POINT('',(94.,-20.,15.5));
#8252=CARTESIAN_POINT('',(94.,-20.,15.5));
#8253=CARTESIAN_POINT('',(94.,20.,15.5));
#8254=CARTESIAN_POINT('',(94.,20.,15.5));
#8255=CARTESIAN_POINT('',(72.,42.,15.5));
#8256=CARTESIAN_POINT('',(72.,42.,15.5));
#8257=CARTESIAN_POINT('',(25.5565,42.,15.5));
#8258=CARTESIAN_POINT('',(25.5565,42.,15.5));
#8259=CARTESIAN_POINT('',(15.5565,52.,15.5));
#8260=CARTESIAN_POINT('',(15.5565,52.,15.5));
#8261=CARTESIAN_POINT('',(-15.5565,52.,15.5));
#8262=CARTESIAN_POINT('',(-15.5565,52.,15.5));
#8263=CARTESIAN_POINT('',(-25.5565,42.,15.5));
#8264=CARTESIAN_POINT('',(-15.5565,52.,15.5));
#8265=CARTESIAN_POINT('',(-72.,42.,15.5));
#8266=CARTESIAN_POINT('',(-72.,42.,15.5));
#8267=CARTESIAN_POINT('',(-94.,20.,15.5));
#8268=CARTESIAN_POINT('',(21.24,-36.77,15.5));
#8269=CARTESIAN_POINT('Origin',(15.24,-36.77,15.5));
#8270=CARTESIAN_POINT('',(-9.24,36.77,15.5));
#8271=CARTESIAN_POINT('Origin',(-15.24,36.77,15.5));
#8272=CARTESIAN_POINT('',(78.1847712586618,23.975,15.5));
#8273=CARTESIAN_POINT('Origin',(72.1847712586618,23.975,15.5));
#8274=CARTESIAN_POINT('',(-4.31522874133818,23.975,15.5));
#8275=CARTESIAN_POINT('Origin',(-10.3152287413382,23.975,15.5));
#8276=CARTESIAN_POINT('',(-73.8933982822018,37.363961030679,15.5));
#8277=CARTESIAN_POINT('Origin',(-72.3933982822018,37.363961030679,15.5));
#8278=CARTESIAN_POINT('',(87.863961030679,20.3933982822018,15.5));
#8279=CARTESIAN_POINT('Origin',(89.363961030679,20.3933982822018,15.5));
#8280=CARTESIAN_POINT('',(-13.5,49.,15.5));
#8281=CARTESIAN_POINT('Origin',(-12.,49.,15.5));
#8282=CARTESIAN_POINT('',(-73.8933982822018,-37.363961030679,15.5));
#8283=CARTESIAN_POINT('Origin',(-72.3933982822018,-37.363961030679,15.5));
#8284=CARTESIAN_POINT('',(70.8933982822018,-37.363961030679,15.5));
#8285=CARTESIAN_POINT('Origin',(72.3933982822018,-37.363961030679,15.5));
#8286=CARTESIAN_POINT('',(-13.5,-49.,15.5));
#8287=CARTESIAN_POINT('Origin',(-12.,-49.,15.5));
#8288=CARTESIAN_POINT('',(70.8933982822018,37.363961030679,15.5));
#8289=CARTESIAN_POINT('Origin',(72.3933982822018,37.363961030679,15.5));
#8290=CARTESIAN_POINT('',(-90.863961030679,-20.3933982822019,15.5));
#8291=CARTESIAN_POINT('Origin',(-89.363961030679,-20.3933982822019,15.5));
#8292=CARTESIAN_POINT('',(10.5,-49.,15.5));
#8293=CARTESIAN_POINT('Origin',(12.,-49.,15.5));
#8294=CARTESIAN_POINT('',(10.5,49.,15.5));
#8295=CARTESIAN_POINT('Origin',(12.,49.,15.5));
#8296=CARTESIAN_POINT('',(87.8639610306789,-20.3933982822018,15.5));
#8297=CARTESIAN_POINT('Origin',(89.3639610306789,-20.3933982822018,15.5));
#8298=CARTESIAN_POINT('',(-90.8639610306789,20.3933982822017,15.5));
#8299=CARTESIAN_POINT('Origin',(-89.3639610306789,20.3933982822017,15.5));
#8300=CARTESIAN_POINT('',(1.98477125866183,-24.175,15.5));
#8301=CARTESIAN_POINT('Origin',(-4.01522874133817,-24.175,15.5));
#8302=CARTESIAN_POINT('',(76.8847712586618,-24.175,15.5));
#8303=CARTESIAN_POINT('Origin',(70.8847712586618,-24.175,15.5));
#8304=CARTESIAN_POINT('',(21.24,36.77,15.5));
#8305=CARTESIAN_POINT('Origin',(15.24,36.77,15.5));
#8306=CARTESIAN_POINT('Origin',(15.24,-36.77,19.));
#8307=CARTESIAN_POINT('',(17.74,-36.77,19.));
#8308=CARTESIAN_POINT('Origin',(15.24,-36.77,19.));
#8309=CARTESIAN_POINT('Origin',(21.24,-36.77,19.));
#8310=CARTESIAN_POINT('Origin',(15.24,36.77,19.));
#8311=CARTESIAN_POINT('',(17.74,36.77,19.));
#8312=CARTESIAN_POINT('Origin',(15.24,36.77,19.));
#8313=CARTESIAN_POINT('Origin',(21.24,36.77,19.));
#8314=CARTESIAN_POINT('Origin',(-15.24,36.77,19.));
#8315=CARTESIAN_POINT('',(-12.74,36.77,19.));
#8316=CARTESIAN_POINT('Origin',(-15.24,36.77,19.));
#8317=CARTESIAN_POINT('Origin',(-9.24,36.77,19.));
#8318=CARTESIAN_POINT('Origin',(70.8847712586618,-24.175,19.));
#8319=CARTESIAN_POINT('',(73.3847712586618,-24.175,19.));
#8320=CARTESIAN_POINT('Origin',(70.8847712586618,-24.175,19.));
#8321=CARTESIAN_POINT('Origin',(76.8847712586618,-24.175,19.));
#8322=CARTESIAN_POINT('Origin',(72.1847712586618,23.975,19.));
#8323=CARTESIAN_POINT('',(74.6847712586618,23.975,19.));
#8324=CARTESIAN_POINT('Origin',(72.1847712586618,23.975,19.));
#8325=CARTESIAN_POINT('Origin',(78.1847712586618,23.975,19.));
#8326=CARTESIAN_POINT('Origin',(-4.01522874133817,-24.175,19.));
#8327=CARTESIAN_POINT('',(-1.51522874133817,-24.175,19.));
#8328=CARTESIAN_POINT('Origin',(-4.01522874133817,-24.175,19.));
#8329=CARTESIAN_POINT('Origin',(1.98477125866183,-24.175,19.));
#8330=CARTESIAN_POINT('Origin',(-10.3152287413382,23.975,19.));
#8331=CARTESIAN_POINT('',(-7.81522874133818,23.975,19.));
#8332=CARTESIAN_POINT('Origin',(-10.3152287413382,23.975,19.));
#8333=CARTESIAN_POINT('Origin',(-4.31522874133818,23.975,19.));
#8334=CARTESIAN_POINT('Origin',(15.24,-36.77,15.5));
#8335=CARTESIAN_POINT('',(16.19,-36.77,19.));
#8336=CARTESIAN_POINT('Origin',(15.24,-36.77,19.));
#8337=CARTESIAN_POINT('',(16.19,-36.77,12.5));
#8338=CARTESIAN_POINT('',(16.19,-36.77,15.5));
#8339=CARTESIAN_POINT('Origin',(15.24,-36.77,12.5));
#8340=CARTESIAN_POINT('Origin',(15.24,-36.77,19.));
#8341=CARTESIAN_POINT('Origin',(72.1847712586618,23.975,15.5));
#8342=CARTESIAN_POINT('',(73.1347712586618,23.975,19.));
#8343=CARTESIAN_POINT('Origin',(72.1847712586618,23.975,19.));
#8344=CARTESIAN_POINT('',(73.1347712586618,23.975,12.5));
#8345=CARTESIAN_POINT('',(73.1347712586618,23.975,15.5));
#8346=CARTESIAN_POINT('Origin',(72.1847712586618,23.975,12.5));
#8347=CARTESIAN_POINT('Origin',(72.1847712586618,23.975,19.));
#8348=CARTESIAN_POINT('Origin',(-10.3152287413382,23.975,15.5));
#8349=CARTESIAN_POINT('',(-9.36522874133818,23.975,19.));
#8350=CARTESIAN_POINT('Origin',(-10.3152287413382,23.975,19.));
#8351=CARTESIAN_POINT('',(-9.36522874133818,23.975,12.5));
#8352=CARTESIAN_POINT('',(-9.36522874133818,23.975,15.5));
#8353=CARTESIAN_POINT('Origin',(-10.3152287413382,23.975,12.5));
#8354=CARTESIAN_POINT('Origin',(-10.3152287413382,23.975,19.));
#8355=CARTESIAN_POINT('Origin',(-15.24,36.77,15.5));
#8356=CARTESIAN_POINT('',(-14.29,36.77,19.));
#8357=CARTESIAN_POINT('Origin',(-15.24,36.77,19.));
#8358=CARTESIAN_POINT('',(-14.29,36.77,12.5));
#8359=CARTESIAN_POINT('',(-14.29,36.77,15.5));
#8360=CARTESIAN_POINT('Origin',(-15.24,36.77,12.5));
#8361=CARTESIAN_POINT('Origin',(-15.24,36.77,19.));
#8362=CARTESIAN_POINT('Origin',(-15.24,-36.77,15.5));
#8363=CARTESIAN_POINT('',(-14.29,-36.77,19.));
#8364=CARTESIAN_POINT('Origin',(-15.24,-36.77,19.));
#8365=CARTESIAN_POINT('',(-14.29,-36.77,12.5));
#8366=CARTESIAN_POINT('',(-14.29,-36.77,15.5));
#8367=CARTESIAN_POINT('Origin',(-15.24,-36.77,12.5));
#8368=CARTESIAN_POINT('Origin',(-15.24,-36.77,19.));
#8369=CARTESIAN_POINT('Origin',(70.8847712586618,-24.175,15.5));
#8370=CARTESIAN_POINT('',(71.8347712586618,-24.175,19.));
#8371=CARTESIAN_POINT('Origin',(70.8847712586618,-24.175,19.));
#8372=CARTESIAN_POINT('',(71.8347712586618,-24.175,12.5));
#8373=CARTESIAN_POINT('',(71.8347712586618,-24.175,15.5));
#8374=CARTESIAN_POINT('Origin',(70.8847712586618,-24.175,12.5));
#8375=CARTESIAN_POINT('Origin',(70.8847712586618,-24.175,19.));
#8376=CARTESIAN_POINT('Origin',(-4.01522874133817,-24.175,15.5));
#8377=CARTESIAN_POINT('',(-3.06522874133817,-24.175,19.));
#8378=CARTESIAN_POINT('Origin',(-4.01522874133817,-24.175,19.));
#8379=CARTESIAN_POINT('',(-3.06522874133817,-24.175,12.5));
#8380=CARTESIAN_POINT('',(-3.06522874133817,-24.175,15.5));
#8381=CARTESIAN_POINT('Origin',(-4.01522874133817,-24.175,12.5));
#8382=CARTESIAN_POINT('Origin',(-4.01522874133817,-24.175,19.));
#8383=CARTESIAN_POINT('Origin',(15.24,36.77,15.5));
#8384=CARTESIAN_POINT('',(16.19,36.77,19.));
#8385=CARTESIAN_POINT('Origin',(15.24,36.77,19.));
#8386=CARTESIAN_POINT('',(16.19,36.77,12.5));
#8387=CARTESIAN_POINT('',(16.19,36.77,15.5));
#8388=CARTESIAN_POINT('Origin',(15.24,36.77,12.5));
#8389=CARTESIAN_POINT('Origin',(15.24,36.77,19.));
#8390=CARTESIAN_POINT('Origin',(-89.3639610306789,20.3933982822017,12.5));
#8391=CARTESIAN_POINT('',(-90.8639610306789,20.3933982822017,12.5));
#8392=CARTESIAN_POINT('',(-90.8639610306789,20.3933982822017,12.5));
#8393=CARTESIAN_POINT('Origin',(-89.3639610306789,20.3933982822017,12.5));
#8394=CARTESIAN_POINT('Origin',(89.3639610306789,-20.3933982822018,12.5));
#8395=CARTESIAN_POINT('',(87.8639610306789,-20.3933982822018,12.5));
#8396=CARTESIAN_POINT('',(87.8639610306789,-20.3933982822018,12.5));
#8397=CARTESIAN_POINT('Origin',(89.3639610306789,-20.3933982822018,12.5));
#8398=CARTESIAN_POINT('Origin',(12.,49.,12.5));
#8399=CARTESIAN_POINT('',(10.5,49.,12.5));
#8400=CARTESIAN_POINT('',(10.5,49.,12.5));
#8401=CARTESIAN_POINT('Origin',(12.,49.,12.5));
#8402=CARTESIAN_POINT('Origin',(12.,-49.,12.5));
#8403=CARTESIAN_POINT('',(10.5,-49.,12.5));
#8404=CARTESIAN_POINT('',(10.5,-49.,12.5));
#8405=CARTESIAN_POINT('Origin',(12.,-49.,12.5));
#8406=CARTESIAN_POINT('Origin',(-89.363961030679,-20.3933982822019,12.5));
#8407=CARTESIAN_POINT('',(-90.863961030679,-20.3933982822019,12.5));
#8408=CARTESIAN_POINT('',(-90.863961030679,-20.3933982822019,12.5));
#8409=CARTESIAN_POINT('Origin',(-89.363961030679,-20.3933982822019,12.5));
#8410=CARTESIAN_POINT('Origin',(72.3933982822018,37.363961030679,12.5));
#8411=CARTESIAN_POINT('',(70.8933982822018,37.363961030679,12.5));
#8412=CARTESIAN_POINT('',(70.8933982822018,37.363961030679,12.5));
#8413=CARTESIAN_POINT('Origin',(72.3933982822018,37.363961030679,12.5));
#8414=CARTESIAN_POINT('Origin',(-12.,-49.,12.5));
#8415=CARTESIAN_POINT('',(-13.5,-49.,12.5));
#8416=CARTESIAN_POINT('',(-13.5,-49.,12.5));
#8417=CARTESIAN_POINT('Origin',(-12.,-49.,12.5));
#8418=CARTESIAN_POINT('Origin',(72.3933982822018,-37.363961030679,12.5));
#8419=CARTESIAN_POINT('',(70.8933982822018,-37.363961030679,12.5));
#8420=CARTESIAN_POINT('',(70.8933982822018,-37.363961030679,12.5));
#8421=CARTESIAN_POINT('Origin',(72.3933982822018,-37.363961030679,12.5));
#8422=CARTESIAN_POINT('Origin',(-72.3933982822018,-37.363961030679,12.5));
#8423=CARTESIAN_POINT('',(-73.8933982822018,-37.363961030679,12.5));
#8424=CARTESIAN_POINT('',(-73.8933982822018,-37.363961030679,12.5));
#8425=CARTESIAN_POINT('Origin',(-72.3933982822018,-37.363961030679,12.5));
#8426=CARTESIAN_POINT('Origin',(-12.,49.,12.5));
#8427=CARTESIAN_POINT('',(-13.5,49.,12.5));
#8428=CARTESIAN_POINT('',(-13.5,49.,12.5));
#8429=CARTESIAN_POINT('Origin',(-12.,49.,12.5));
#8430=CARTESIAN_POINT('Origin',(89.363961030679,20.3933982822018,12.5));
#8431=CARTESIAN_POINT('',(87.863961030679,20.3933982822018,12.5));
#8432=CARTESIAN_POINT('',(87.863961030679,20.3933982822018,12.5));
#8433=CARTESIAN_POINT('Origin',(89.363961030679,20.3933982822018,12.5));
#8434=CARTESIAN_POINT('Origin',(-72.3933982822018,37.363961030679,12.5));
#8435=CARTESIAN_POINT('',(-73.8933982822018,37.363961030679,12.5));
#8436=CARTESIAN_POINT('',(-73.8933982822018,37.363961030679,12.5));
#8437=CARTESIAN_POINT('Origin',(-72.3933982822018,37.363961030679,12.5));
#8438=CARTESIAN_POINT('Origin',(-72.,42.,12.5));
#8439=CARTESIAN_POINT('',(-94.,20.,12.5));
#8440=CARTESIAN_POINT('',(-72.,42.,12.5));
#8441=CARTESIAN_POINT('',(-94.,20.,12.5));
#8442=CARTESIAN_POINT('',(-94.,20.,12.5));
#8443=CARTESIAN_POINT('',(-72.,42.,12.5));
#8444=CARTESIAN_POINT('Origin',(-25.5565,42.,12.5));
#8445=CARTESIAN_POINT('',(-25.5565,42.,12.5));
#8446=CARTESIAN_POINT('',(-72.,42.,12.5));
#8447=CARTESIAN_POINT('',(-25.5565,42.,12.5));
#8448=CARTESIAN_POINT('Origin',(-15.5565,52.,12.5));
#8449=CARTESIAN_POINT('',(-15.5565,52.,12.5));
#8450=CARTESIAN_POINT('',(-15.5565,52.,12.5));
#8451=CARTESIAN_POINT('',(-15.5565,52.,12.5));
#8452=CARTESIAN_POINT('Origin',(15.5565,52.,12.5));
#8453=CARTESIAN_POINT('',(15.5565,52.,12.5));
#8454=CARTESIAN_POINT('',(-15.5565,52.,12.5));
#8455=CARTESIAN_POINT('',(15.5565,52.,12.5));
#8456=CARTESIAN_POINT('Origin',(25.5565,42.,12.5));
#8457=CARTESIAN_POINT('',(25.5565,42.,12.5));
#8458=CARTESIAN_POINT('',(15.5565,52.,12.5));
#8459=CARTESIAN_POINT('',(25.5565,42.,12.5));
#8460=CARTESIAN_POINT('Origin',(72.,42.,12.5));
#8461=CARTESIAN_POINT('',(72.,42.,12.5));
#8462=CARTESIAN_POINT('',(25.5565,42.,12.5));
#8463=CARTESIAN_POINT('',(72.,42.,12.5));
#8464=CARTESIAN_POINT('Origin',(94.,20.,12.5));
#8465=CARTESIAN_POINT('',(94.,20.,12.5));
#8466=CARTESIAN_POINT('',(72.,42.,12.5));
#8467=CARTESIAN_POINT('',(94.,20.,12.5));
#8468=CARTESIAN_POINT('Origin',(94.,-20.,12.5));
#8469=CARTESIAN_POINT('',(94.,-20.,12.5));
#8470=CARTESIAN_POINT('',(94.,20.,12.5));
#8471=CARTESIAN_POINT('',(94.,-20.,12.5));
#8472=CARTESIAN_POINT('Origin',(72.,-42.,12.5));
#8473=CARTESIAN_POINT('',(72.,-42.,12.5));
#8474=CARTESIAN_POINT('',(94.,-20.,12.5));
#8475=CARTESIAN_POINT('',(72.,-42.,12.5));
#8476=CARTESIAN_POINT('Origin',(25.5565,-42.,12.5));
#8477=CARTESIAN_POINT('',(25.5565,-42.,12.5));
#8478=CARTESIAN_POINT('',(72.,-42.,12.5));
#8479=CARTESIAN_POINT('',(25.5565,-42.,12.5));
#8480=CARTESIAN_POINT('Origin',(15.5565,-52.,12.5));
#8481=CARTESIAN_POINT('',(15.5565,-52.,12.5));
#8482=CARTESIAN_POINT('',(25.5565,-42.,12.5));
#8483=CARTESIAN_POINT('',(15.5565,-52.,12.5));
#8484=CARTESIAN_POINT('Origin',(-15.5565,-52.,12.5));
#8485=CARTESIAN_POINT('',(-15.5565,-52.,12.5));
#8486=CARTESIAN_POINT('',(-15.5565,-52.,12.5));
#8487=CARTESIAN_POINT('',(-15.5565,-52.,12.5));
#8488=CARTESIAN_POINT('Origin',(-25.5565,-42.,12.5));
#8489=CARTESIAN_POINT('',(-25.5565,-42.,12.5));
#8490=CARTESIAN_POINT('',(-15.5565,-52.,12.5));
#8491=CARTESIAN_POINT('',(-25.5565,-42.,12.5));
#8492=CARTESIAN_POINT('Origin',(-72.,-42.,12.5));
#8493=CARTESIAN_POINT('',(-72.,-42.,12.5));
#8494=CARTESIAN_POINT('',(-25.5565,-42.,12.5));
#8495=CARTESIAN_POINT('',(-72.,-42.,12.5));
#8496=CARTESIAN_POINT('Origin',(-94.,-20.,12.5));
#8497=CARTESIAN_POINT('',(-94.,-20.,12.5));
#8498=CARTESIAN_POINT('',(-72.,-42.,12.5));
#8499=CARTESIAN_POINT('',(-94.,-20.,12.5));
#8500=CARTESIAN_POINT('Origin',(-94.,20.,12.5));
#8501=CARTESIAN_POINT('',(-94.,20.,12.5));
#8502=CARTESIAN_POINT('Origin',(0.,0.,12.5));
#8503=CARTESIAN_POINT('Origin',(-85.25,12.,-15.5));
#8504=CARTESIAN_POINT('',(-89.25,12.,-15.5));
#8505=CARTESIAN_POINT('Origin',(-85.25,12.,-15.5));
#8506=CARTESIAN_POINT('',(-89.25,12.,-12.5));
#8507=CARTESIAN_POINT('',(-89.25,12.,-15.5));
#8508=CARTESIAN_POINT('Origin',(-85.25,12.,-12.5));
#8509=CARTESIAN_POINT('Origin',(-24.,34.75,-15.5));
#8510=CARTESIAN_POINT('',(-28.,34.75,-15.5));
#8511=CARTESIAN_POINT('Origin',(-24.,34.75,-15.5));
#8512=CARTESIAN_POINT('',(-28.,34.75,-12.5));
#8513=CARTESIAN_POINT('',(-28.,34.75,-15.5));
#8514=CARTESIAN_POINT('Origin',(-24.,34.75,-12.5));
#8515=CARTESIAN_POINT('Origin',(24.,34.75,-15.5));
#8516=CARTESIAN_POINT('',(20.,34.75,-15.5));
#8517=CARTESIAN_POINT('Origin',(24.,34.75,-15.5));
#8518=CARTESIAN_POINT('',(20.,34.75,-12.5));
#8519=CARTESIAN_POINT('',(20.,34.75,-15.5));
#8520=CARTESIAN_POINT('Origin',(24.,34.75,-12.5));
#8521=CARTESIAN_POINT('Origin',(85.25,12.,-15.5));
#8522=CARTESIAN_POINT('',(81.25,12.,-15.5));
#8523=CARTESIAN_POINT('Origin',(85.25,12.,-15.5));
#8524=CARTESIAN_POINT('',(81.25,12.,-12.5));
#8525=CARTESIAN_POINT('',(81.25,12.,-15.5));
#8526=CARTESIAN_POINT('Origin',(85.25,12.,-12.5));
#8527=CARTESIAN_POINT('Origin',(48.,-34.75,-15.5));
#8528=CARTESIAN_POINT('',(44.,-34.75,-15.5));
#8529=CARTESIAN_POINT('Origin',(48.,-34.75,-15.5));
#8530=CARTESIAN_POINT('',(44.,-34.75,-12.5));
#8531=CARTESIAN_POINT('',(44.,-34.75,-15.5));
#8532=CARTESIAN_POINT('Origin',(48.,-34.75,-12.5));
#8533=CARTESIAN_POINT('Origin',(8.87868929381831E-16,-34.75,-15.5));
#8534=CARTESIAN_POINT('',(-4.,-34.75,-15.5));
#8535=CARTESIAN_POINT('Origin',(8.87868929381831E-16,-34.75,-15.5));
#8536=CARTESIAN_POINT('',(-4.,-34.75,-12.5));
#8537=CARTESIAN_POINT('',(-4.,-34.75,-15.5));
#8538=CARTESIAN_POINT('Origin',(8.87868929381831E-16,-34.75,-12.5));
#8539=CARTESIAN_POINT('Origin',(-48.,-34.75,-15.5));
#8540=CARTESIAN_POINT('',(-52.,-34.75,-15.5));
#8541=CARTESIAN_POINT('Origin',(-48.,-34.75,-15.5));
#8542=CARTESIAN_POINT('',(-52.,-34.75,-12.5));
#8543=CARTESIAN_POINT('',(-52.,-34.75,-15.5));
#8544=CARTESIAN_POINT('Origin',(-48.,-34.75,-12.5));
#8545=CARTESIAN_POINT('Origin',(-36.,-34.75,-15.5));
#8546=CARTESIAN_POINT('',(-40.,-34.75,-15.5));
#8547=CARTESIAN_POINT('Origin',(-36.,-34.75,-15.5));
#8548=CARTESIAN_POINT('',(-40.,-34.75,-12.5));
#8549=CARTESIAN_POINT('',(-40.,-34.75,-15.5));
#8550=CARTESIAN_POINT('Origin',(-36.,-34.75,-12.5));
#8551=CARTESIAN_POINT('Origin',(12.,-34.75,-15.5));
#8552=CARTESIAN_POINT('',(8.,-34.75,-15.5));
#8553=CARTESIAN_POINT('Origin',(12.,-34.75,-15.5));
#8554=CARTESIAN_POINT('',(8.,-34.75,-12.5));
#8555=CARTESIAN_POINT('',(8.,-34.75,-15.5));
#8556=CARTESIAN_POINT('Origin',(12.,-34.75,-12.5));
#8557=CARTESIAN_POINT('Origin',(60.,-34.75,-15.5));
#8558=CARTESIAN_POINT('',(56.,-34.75,-15.5));
#8559=CARTESIAN_POINT('Origin',(60.,-34.75,-15.5));
#8560=CARTESIAN_POINT('',(56.,-34.75,-12.5));
#8561=CARTESIAN_POINT('',(56.,-34.75,-15.5));
#8562=CARTESIAN_POINT('Origin',(60.,-34.75,-12.5));
#8563=CARTESIAN_POINT('Origin',(60.,34.75,-15.5));
#8564=CARTESIAN_POINT('',(56.,34.75,-15.5));
#8565=CARTESIAN_POINT('Origin',(60.,34.75,-15.5));
#8566=CARTESIAN_POINT('',(56.,34.75,-12.5));
#8567=CARTESIAN_POINT('',(56.,34.75,-15.5));
#8568=CARTESIAN_POINT('Origin',(60.,34.75,-12.5));
#8569=CARTESIAN_POINT('Origin',(12.,34.75,-15.5));
#8570=CARTESIAN_POINT('',(8.,34.75,-15.5));
#8571=CARTESIAN_POINT('Origin',(12.,34.75,-15.5));
#8572=CARTESIAN_POINT('',(8.,34.75,-12.5));
#8573=CARTESIAN_POINT('',(8.,34.75,-15.5));
#8574=CARTESIAN_POINT('Origin',(12.,34.75,-12.5));
#8575=CARTESIAN_POINT('Origin',(-36.,34.75,-15.5));
#8576=CARTESIAN_POINT('',(-40.,34.75,-15.5));
#8577=CARTESIAN_POINT('Origin',(-36.,34.75,-15.5));
#8578=CARTESIAN_POINT('',(-40.,34.75,-12.5));
#8579=CARTESIAN_POINT('',(-40.,34.75,-15.5));
#8580=CARTESIAN_POINT('Origin',(-36.,34.75,-12.5));
#8581=CARTESIAN_POINT('Origin',(-85.25,3.10908870442788E-15,-15.5));
#8582=CARTESIAN_POINT('',(-89.25,3.59894742408682E-15,-15.5));
#8583=CARTESIAN_POINT('Origin',(-85.25,3.10908870442788E-15,-15.5));
#8584=CARTESIAN_POINT('',(-89.25,3.59894742408682E-15,-12.5));
#8585=CARTESIAN_POINT('',(-89.25,2.61922998476894E-15,-15.5));
#8586=CARTESIAN_POINT('Origin',(-85.25,3.10908870442788E-15,-12.5));
#8587=CARTESIAN_POINT('Origin',(-60.,34.75,-15.5));
#8588=CARTESIAN_POINT('',(-64.,34.75,-15.5));
#8589=CARTESIAN_POINT('Origin',(-60.,34.75,-15.5));
#8590=CARTESIAN_POINT('',(-64.,34.75,-12.5));
#8591=CARTESIAN_POINT('',(-64.,34.75,-15.5));
#8592=CARTESIAN_POINT('Origin',(-60.,34.75,-12.5));
#8593=CARTESIAN_POINT('Origin',(-12.,34.75,-15.5));
#8594=CARTESIAN_POINT('',(-16.,34.75,-15.5));
#8595=CARTESIAN_POINT('Origin',(-12.,34.75,-15.5));
#8596=CARTESIAN_POINT('',(-16.,34.75,-12.5));
#8597=CARTESIAN_POINT('',(-16.,34.75,-15.5));
#8598=CARTESIAN_POINT('Origin',(-12.,34.75,-12.5));
#8599=CARTESIAN_POINT('Origin',(36.,34.75,-15.5));
#8600=CARTESIAN_POINT('',(32.,34.75,-15.5));
#8601=CARTESIAN_POINT('Origin',(36.,34.75,-15.5));
#8602=CARTESIAN_POINT('',(32.,34.75,-12.5));
#8603=CARTESIAN_POINT('',(32.,34.75,-15.5));
#8604=CARTESIAN_POINT('Origin',(36.,34.75,-12.5));
#8605=CARTESIAN_POINT('Origin',(85.25,1.0213587591074E-14,-15.5));
#8606=CARTESIAN_POINT('',(81.25,1.07034463107329E-14,-15.5));
#8607=CARTESIAN_POINT('Origin',(85.25,1.0213587591074E-14,-15.5));
#8608=CARTESIAN_POINT('',(81.25,1.07034463107329E-14,-12.5));
#8609=CARTESIAN_POINT('',(81.25,9.72372887141506E-15,-15.5));
#8610=CARTESIAN_POINT('Origin',(85.25,1.0213587591074E-14,-12.5));
#8611=CARTESIAN_POINT('Origin',(36.,-34.75,-15.5));
#8612=CARTESIAN_POINT('',(32.,-34.75,-15.5));
#8613=CARTESIAN_POINT('Origin',(36.,-34.75,-15.5));
#8614=CARTESIAN_POINT('',(32.,-34.75,-12.5));
#8615=CARTESIAN_POINT('',(32.,-34.75,-15.5));
#8616=CARTESIAN_POINT('Origin',(36.,-34.75,-12.5));
#8617=CARTESIAN_POINT('Origin',(-12.,-34.75,-15.5));
#8618=CARTESIAN_POINT('',(-16.,-34.75,-15.5));
#8619=CARTESIAN_POINT('Origin',(-12.,-34.75,-15.5));
#8620=CARTESIAN_POINT('',(-16.,-34.75,-12.5));
#8621=CARTESIAN_POINT('',(-16.,-34.75,-15.5));
#8622=CARTESIAN_POINT('Origin',(-12.,-34.75,-12.5));
#8623=CARTESIAN_POINT('Origin',(-60.,-34.75,-15.5));
#8624=CARTESIAN_POINT('',(-64.,-34.75,-15.5));
#8625=CARTESIAN_POINT('Origin',(-60.,-34.75,-15.5));
#8626=CARTESIAN_POINT('',(-64.,-34.75,-12.5));
#8627=CARTESIAN_POINT('',(-64.,-34.75,-15.5));
#8628=CARTESIAN_POINT('Origin',(-60.,-34.75,-12.5));
#8629=CARTESIAN_POINT('Origin',(-24.,-34.75,-15.5));
#8630=CARTESIAN_POINT('',(-28.,-34.75,-15.5));
#8631=CARTESIAN_POINT('Origin',(-24.,-34.75,-15.5));
#8632=CARTESIAN_POINT('',(-28.,-34.75,-12.5));
#8633=CARTESIAN_POINT('',(-28.,-34.75,-15.5));
#8634=CARTESIAN_POINT('Origin',(-24.,-34.75,-12.5));
#8635=CARTESIAN_POINT('Origin',(24.,-34.75,-15.5));
#8636=CARTESIAN_POINT('',(20.,-34.75,-15.5));
#8637=CARTESIAN_POINT('Origin',(24.,-34.75,-15.5));
#8638=CARTESIAN_POINT('',(20.,-34.75,-12.5));
#8639=CARTESIAN_POINT('',(20.,-34.75,-15.5));
#8640=CARTESIAN_POINT('Origin',(24.,-34.75,-12.5));
#8641=CARTESIAN_POINT('Origin',(85.25,-12.,-15.5));
#8642=CARTESIAN_POINT('',(81.25,-12.,-15.5));
#8643=CARTESIAN_POINT('Origin',(85.25,-12.,-15.5));
#8644=CARTESIAN_POINT('',(81.25,-12.,-12.5));
#8645=CARTESIAN_POINT('',(81.25,-12.,-15.5));
#8646=CARTESIAN_POINT('Origin',(85.25,-12.,-12.5));
#8647=CARTESIAN_POINT('Origin',(48.,34.75,-15.5));
#8648=CARTESIAN_POINT('',(44.,34.75,-15.5));
#8649=CARTESIAN_POINT('Origin',(48.,34.75,-15.5));
#8650=CARTESIAN_POINT('',(44.,34.75,-12.5));
#8651=CARTESIAN_POINT('',(44.,34.75,-15.5));
#8652=CARTESIAN_POINT('Origin',(48.,34.75,-12.5));
#8653=CARTESIAN_POINT('Origin',(-8.87868929381831E-16,34.75,-15.5));
#8654=CARTESIAN_POINT('',(-4.,34.75,-15.5));
#8655=CARTESIAN_POINT('Origin',(-8.87868929381831E-16,34.75,-15.5));
#8656=CARTESIAN_POINT('',(-4.,34.75,-12.5));
#8657=CARTESIAN_POINT('',(-4.,34.75,-15.5));
#8658=CARTESIAN_POINT('Origin',(-8.87868929381831E-16,34.75,-12.5));
#8659=CARTESIAN_POINT('Origin',(-48.,34.75,-15.5));
#8660=CARTESIAN_POINT('',(-52.,34.75,-15.5));
#8661=CARTESIAN_POINT('Origin',(-48.,34.75,-15.5));
#8662=CARTESIAN_POINT('',(-52.,34.75,-12.5));
#8663=CARTESIAN_POINT('',(-52.,34.75,-15.5));
#8664=CARTESIAN_POINT('Origin',(-48.,34.75,-12.5));
#8665=CARTESIAN_POINT('Origin',(-85.25,-12.,-15.5));
#8666=CARTESIAN_POINT('',(-89.25,-12.,-15.5));
#8667=CARTESIAN_POINT('Origin',(-85.25,-12.,-15.5));
#8668=CARTESIAN_POINT('',(-89.25,-12.,-12.5));
#8669=CARTESIAN_POINT('',(-89.25,-12.,-15.5));
#8670=CARTESIAN_POINT('Origin',(-85.25,-12.,-12.5));
#8671=CARTESIAN_POINT('Origin',(-89.363961030679,-20.3933982822019,-12.5));
#8672=CARTESIAN_POINT('',(-90.863961030679,-20.3933982822019,-15.5));
#8673=CARTESIAN_POINT('Origin',(-89.363961030679,-20.3933982822019,-15.5));
#8674=CARTESIAN_POINT('',(-90.863961030679,-20.3933982822019,-12.5));
#8675=CARTESIAN_POINT('',(-90.863961030679,-20.3933982822019,-12.5));
#8676=CARTESIAN_POINT('Origin',(-89.363961030679,-20.3933982822019,-12.5));
#8677=CARTESIAN_POINT('Origin',(89.3639610306789,-20.3933982822018,-12.5));
#8678=CARTESIAN_POINT('',(87.8639610306789,-20.3933982822018,-15.5));
#8679=CARTESIAN_POINT('Origin',(89.3639610306789,-20.3933982822018,-15.5));
#8680=CARTESIAN_POINT('',(87.8639610306789,-20.3933982822018,-12.5));
#8681=CARTESIAN_POINT('',(87.8639610306789,-20.3933982822018,-12.5));
#8682=CARTESIAN_POINT('Origin',(89.3639610306789,-20.3933982822018,-12.5));
#8683=CARTESIAN_POINT('Origin',(-12.,-49.,-12.5));
#8684=CARTESIAN_POINT('',(-13.5,-49.,-15.5));
#8685=CARTESIAN_POINT('Origin',(-12.,-49.,-15.5));
#8686=CARTESIAN_POINT('',(-13.5,-49.,-12.5));
#8687=CARTESIAN_POINT('',(-13.5,-49.,-12.5));
#8688=CARTESIAN_POINT('Origin',(-12.,-49.,-12.5));
#8689=CARTESIAN_POINT('Origin',(12.,-49.,-12.5));
#8690=CARTESIAN_POINT('',(10.5,-49.,-15.5));
#8691=CARTESIAN_POINT('Origin',(12.,-49.,-15.5));
#8692=CARTESIAN_POINT('',(10.5,-49.,-12.5));
#8693=CARTESIAN_POINT('',(10.5,-49.,-12.5));
#8694=CARTESIAN_POINT('Origin',(12.,-49.,-12.5));
#8695=CARTESIAN_POINT('Origin',(12.,49.,-12.5));
#8696=CARTESIAN_POINT('',(10.5,49.,-15.5));
#8697=CARTESIAN_POINT('Origin',(12.,49.,-15.5));
#8698=CARTESIAN_POINT('',(10.5,49.,-12.5));
#8699=CARTESIAN_POINT('',(10.5,49.,-12.5));
#8700=CARTESIAN_POINT('Origin',(12.,49.,-12.5));
#8701=CARTESIAN_POINT('Origin',(-89.3639610306789,20.3933982822017,-12.5));
#8702=CARTESIAN_POINT('',(-90.8639610306789,20.3933982822017,-15.5));
#8703=CARTESIAN_POINT('Origin',(-89.3639610306789,20.3933982822017,-15.5));
#8704=CARTESIAN_POINT('',(-90.8639610306789,20.3933982822017,-12.5));
#8705=CARTESIAN_POINT('',(-90.8639610306789,20.3933982822017,-12.5));
#8706=CARTESIAN_POINT('Origin',(-89.3639610306789,20.3933982822017,-12.5));
#8707=CARTESIAN_POINT('Origin',(72.3933982822018,37.363961030679,-12.5));
#8708=CARTESIAN_POINT('',(70.8933982822018,37.363961030679,-15.5));
#8709=CARTESIAN_POINT('Origin',(72.3933982822018,37.363961030679,-15.5));
#8710=CARTESIAN_POINT('',(70.8933982822018,37.363961030679,-12.5));
#8711=CARTESIAN_POINT('',(70.8933982822018,37.363961030679,-12.5));
#8712=CARTESIAN_POINT('Origin',(72.3933982822018,37.363961030679,-12.5));
#8713=CARTESIAN_POINT('Origin',(-12.,49.,-12.5));
#8714=CARTESIAN_POINT('',(-13.5,49.,-15.5));
#8715=CARTESIAN_POINT('Origin',(-12.,49.,-15.5));
#8716=CARTESIAN_POINT('',(-13.5,49.,-12.5));
#8717=CARTESIAN_POINT('',(-13.5,49.,-12.5));
#8718=CARTESIAN_POINT('Origin',(-12.,49.,-12.5));
#8719=CARTESIAN_POINT('Origin',(89.363961030679,20.3933982822018,-12.5));
#8720=CARTESIAN_POINT('',(87.863961030679,20.3933982822018,-15.5));
#8721=CARTESIAN_POINT('Origin',(89.363961030679,20.3933982822018,-15.5));
#8722=CARTESIAN_POINT('',(87.863961030679,20.3933982822018,-12.5));
#8723=CARTESIAN_POINT('',(87.863961030679,20.3933982822018,-12.5));
#8724=CARTESIAN_POINT('Origin',(89.363961030679,20.3933982822018,-12.5));
#8725=CARTESIAN_POINT('Origin',(78.,-27.5,-12.5));
#8726=CARTESIAN_POINT('',(78.,27.5,-12.5));
#8727=CARTESIAN_POINT('',(78.,-27.5,-12.5));
#8728=CARTESIAN_POINT('',(78.,27.5,-12.5));
#8729=CARTESIAN_POINT('',(78.,27.5,-15.5));
#8730=CARTESIAN_POINT('',(78.,27.5,-12.5));
#8731=CARTESIAN_POINT('',(78.,-27.5,-15.5));
#8732=CARTESIAN_POINT('',(78.,27.5,-15.5));
#8733=CARTESIAN_POINT('',(78.,-27.5,-12.5));
#8734=CARTESIAN_POINT('Origin',(-78.,-27.5,-12.5));
#8735=CARTESIAN_POINT('',(-78.,-27.5,-12.5));
#8736=CARTESIAN_POINT('',(78.,-27.5,-12.5));
#8737=CARTESIAN_POINT('',(-78.,-27.5,-15.5));
#8738=CARTESIAN_POINT('',(78.,-27.5,-15.5));
#8739=CARTESIAN_POINT('',(-78.,-27.5,-12.5));
#8740=CARTESIAN_POINT('Origin',(-78.,27.5,-12.5));
#8741=CARTESIAN_POINT('',(-78.,27.5,-12.5));
#8742=CARTESIAN_POINT('',(-78.,-27.5,-12.5));
#8743=CARTESIAN_POINT('',(-78.,27.5,-15.5));
#8744=CARTESIAN_POINT('',(-78.,-27.5,-15.5));
#8745=CARTESIAN_POINT('',(-78.,27.5,-12.5));
#8746=CARTESIAN_POINT('Origin',(78.,27.5,-12.5));
#8747=CARTESIAN_POINT('',(-78.,27.5,-12.5));
#8748=CARTESIAN_POINT('',(-78.,27.5,-15.5));
#8749=CARTESIAN_POINT('Origin',(72.3933982822018,-37.363961030679,-12.5));
#8750=CARTESIAN_POINT('',(70.8933982822018,-37.363961030679,-15.5));
#8751=CARTESIAN_POINT('Origin',(72.3933982822018,-37.363961030679,-15.5));
#8752=CARTESIAN_POINT('',(70.8933982822018,-37.363961030679,-12.5));
#8753=CARTESIAN_POINT('',(70.8933982822018,-37.363961030679,-12.5));
#8754=CARTESIAN_POINT('Origin',(72.3933982822018,-37.363961030679,-12.5));
#8755=CARTESIAN_POINT('Origin',(-72.3933982822018,-37.363961030679,-12.5));
#8756=CARTESIAN_POINT('',(-73.8933982822018,-37.363961030679,-15.5));
#8757=CARTESIAN_POINT('Origin',(-72.3933982822018,-37.363961030679,-15.5));
#8758=CARTESIAN_POINT('',(-73.8933982822018,-37.363961030679,-12.5));
#8759=CARTESIAN_POINT('',(-73.8933982822018,-37.363961030679,-12.5));
#8760=CARTESIAN_POINT('Origin',(-72.3933982822018,-37.363961030679,-12.5));
#8761=CARTESIAN_POINT('Origin',(-72.3933982822018,37.363961030679,-12.5));
#8762=CARTESIAN_POINT('',(-73.8933982822018,37.363961030679,-15.5));
#8763=CARTESIAN_POINT('Origin',(-72.3933982822018,37.363961030679,-15.5));
#8764=CARTESIAN_POINT('',(-73.8933982822018,37.363961030679,-12.5));
#8765=CARTESIAN_POINT('',(-73.8933982822018,37.363961030679,-12.5));
#8766=CARTESIAN_POINT('Origin',(-72.3933982822018,37.363961030679,-12.5));
#8767=CARTESIAN_POINT('Origin',(-72.,-42.,-12.5));
#8768=CARTESIAN_POINT('',(-72.,-42.,-12.5));
#8769=CARTESIAN_POINT('',(-94.,-20.,-12.5));
#8770=CARTESIAN_POINT('',(-72.,-42.,-12.5));
#8771=CARTESIAN_POINT('',(-94.,-20.,-15.5));
#8772=CARTESIAN_POINT('',(-94.,-20.,-12.5));
#8773=CARTESIAN_POINT('',(-72.,-42.,-15.5));
#8774=CARTESIAN_POINT('',(-72.,-42.,-15.5));
#8775=CARTESIAN_POINT('',(-72.,-42.,-12.5));
#8776=CARTESIAN_POINT('Origin',(-25.5565,-42.,-12.5));
#8777=CARTESIAN_POINT('',(-25.5565,-42.,-12.5));
#8778=CARTESIAN_POINT('',(-25.5565,-42.,-12.5));
#8779=CARTESIAN_POINT('',(-25.5565,-42.,-15.5));
#8780=CARTESIAN_POINT('',(-25.5565,-42.,-15.5));
#8781=CARTESIAN_POINT('',(-25.5565,-42.,-12.5));
#8782=CARTESIAN_POINT('Origin',(-15.5565,-52.,-12.5));
#8783=CARTESIAN_POINT('',(-15.5565,-52.,-12.5));
#8784=CARTESIAN_POINT('',(-15.5565,-52.,-12.5));
#8785=CARTESIAN_POINT('',(-15.5565,-52.,-15.5));
#8786=CARTESIAN_POINT('',(-15.5565,-52.,-15.5));
#8787=CARTESIAN_POINT('',(-15.5565,-52.,-12.5));
#8788=CARTESIAN_POINT('Origin',(15.5565,-52.,-12.5));
#8789=CARTESIAN_POINT('',(15.5565,-52.,-12.5));
#8790=CARTESIAN_POINT('',(-15.5565,-52.,-12.5));
#8791=CARTESIAN_POINT('',(15.5565,-52.,-15.5));
#8792=CARTESIAN_POINT('',(-15.5565,-52.,-15.5));
#8793=CARTESIAN_POINT('',(15.5565,-52.,-12.5));
#8794=CARTESIAN_POINT('Origin',(25.5565,-42.,-12.5));
#8795=CARTESIAN_POINT('',(25.5565,-42.,-12.5));
#8796=CARTESIAN_POINT('',(25.5565,-42.,-12.5));
#8797=CARTESIAN_POINT('',(25.5565,-42.,-15.5));
#8798=CARTESIAN_POINT('',(25.5565,-42.,-15.5));
#8799=CARTESIAN_POINT('',(25.5565,-42.,-12.5));
#8800=CARTESIAN_POINT('Origin',(72.,-42.,-12.5));
#8801=CARTESIAN_POINT('',(72.,-42.,-12.5));
#8802=CARTESIAN_POINT('',(72.,-42.,-12.5));
#8803=CARTESIAN_POINT('',(72.,-42.,-15.5));
#8804=CARTESIAN_POINT('',(72.,-42.,-15.5));
#8805=CARTESIAN_POINT('',(72.,-42.,-12.5));
#8806=CARTESIAN_POINT('Origin',(94.,-20.,-12.5));
#8807=CARTESIAN_POINT('',(94.,-20.,-12.5));
#8808=CARTESIAN_POINT('',(94.,-20.,-12.5));
#8809=CARTESIAN_POINT('',(94.,-20.,-15.5));
#8810=CARTESIAN_POINT('',(94.,-20.,-15.5));
#8811=CARTESIAN_POINT('',(94.,-20.,-12.5));
#8812=CARTESIAN_POINT('Origin',(94.,20.,-12.5));
#8813=CARTESIAN_POINT('',(94.,20.,-12.5));
#8814=CARTESIAN_POINT('',(94.,20.,-12.5));
#8815=CARTESIAN_POINT('',(94.,20.,-15.5));
#8816=CARTESIAN_POINT('',(94.,20.,-15.5));
#8817=CARTESIAN_POINT('',(94.,20.,-12.5));
#8818=CARTESIAN_POINT('Origin',(72.,42.,-12.5));
#8819=CARTESIAN_POINT('',(72.,42.,-12.5));
#8820=CARTESIAN_POINT('',(72.,42.,-12.5));
#8821=CARTESIAN_POINT('',(72.,42.,-15.5));
#8822=CARTESIAN_POINT('',(72.,42.,-15.5));
#8823=CARTESIAN_POINT('',(72.,42.,-12.5));
#8824=CARTESIAN_POINT('Origin',(25.5565,42.,-12.5));
#8825=CARTESIAN_POINT('',(25.5565,42.,-12.5));
#8826=CARTESIAN_POINT('',(25.5565,42.,-12.5));
#8827=CARTESIAN_POINT('',(25.5565,42.,-15.5));
#8828=CARTESIAN_POINT('',(25.5565,42.,-15.5));
#8829=CARTESIAN_POINT('',(25.5565,42.,-12.5));
#8830=CARTESIAN_POINT('Origin',(15.5565,52.,-12.5));
#8831=CARTESIAN_POINT('',(15.5565,52.,-12.5));
#8832=CARTESIAN_POINT('',(15.5565,52.,-12.5));
#8833=CARTESIAN_POINT('',(15.5565,52.,-15.5));
#8834=CARTESIAN_POINT('',(15.5565,52.,-15.5));
#8835=CARTESIAN_POINT('',(15.5565,52.,-12.5));
#8836=CARTESIAN_POINT('Origin',(-15.5565,52.,-12.5));
#8837=CARTESIAN_POINT('',(-15.5565,52.,-12.5));
#8838=CARTESIAN_POINT('',(-15.5565,52.,-12.5));
#8839=CARTESIAN_POINT('',(-15.5565,52.,-15.5));
#8840=CARTESIAN_POINT('',(-15.5565,52.,-15.5));
#8841=CARTESIAN_POINT('',(-15.5565,52.,-12.5));
#8842=CARTESIAN_POINT('Origin',(-25.5565,42.,-12.5));
#8843=CARTESIAN_POINT('',(-25.5565,42.,-12.5));
#8844=CARTESIAN_POINT('',(-15.5565,52.,-12.5));
#8845=CARTESIAN_POINT('',(-25.5565,42.,-15.5));
#8846=CARTESIAN_POINT('',(-15.5565,52.,-15.5));
#8847=CARTESIAN_POINT('',(-25.5565,42.,-12.5));
#8848=CARTESIAN_POINT('Origin',(-72.,42.,-12.5));
#8849=CARTESIAN_POINT('',(-72.,42.,-12.5));
#8850=CARTESIAN_POINT('',(-72.,42.,-12.5));
#8851=CARTESIAN_POINT('',(-72.,42.,-15.5));
#8852=CARTESIAN_POINT('',(-72.,42.,-15.5));
#8853=CARTESIAN_POINT('',(-72.,42.,-12.5));
#8854=CARTESIAN_POINT('Origin',(-94.,20.,-12.5));
#8855=CARTESIAN_POINT('',(-94.,20.,-12.5));
#8856=CARTESIAN_POINT('',(-94.,20.,-12.5));
#8857=CARTESIAN_POINT('',(-94.,20.,-15.5));
#8858=CARTESIAN_POINT('',(-94.,20.,-15.5));
#8859=CARTESIAN_POINT('',(-94.,20.,-12.5));
#8860=CARTESIAN_POINT('Origin',(-94.,-20.,-12.5));
#8861=CARTESIAN_POINT('',(-94.,20.,-12.5));
#8862=CARTESIAN_POINT('',(-94.,20.,-15.5));
#8863=CARTESIAN_POINT('Origin',(0.,0.,-12.5));
#8864=CARTESIAN_POINT('Origin',(0.,0.,-15.5));
#8865=CARTESIAN_POINT('Origin',(0.,52.,0.));
#8866=CARTESIAN_POINT('',(6.,52.,-7.34788079488412E-16));
#8867=CARTESIAN_POINT('Origin',(0.,52.,0.));
#8868=CARTESIAN_POINT('',(6.,46.,-7.34788079488412E-16));
#8869=CARTESIAN_POINT('',(6.,52.,7.34788079488412E-16));
#8870=CARTESIAN_POINT('Origin',(0.,46.,0.));
#8871=CARTESIAN_POINT('Origin',(-8.,52.,8.));
#8872=CARTESIAN_POINT('',(-6.5,52.,8.));
#8873=CARTESIAN_POINT('Origin',(-8.,52.,8.));
#8874=CARTESIAN_POINT('',(-6.5,46.,8.));
#8875=CARTESIAN_POINT('',(-6.5,52.,8.));
#8876=CARTESIAN_POINT('Origin',(-8.,46.,8.));
#8877=CARTESIAN_POINT('Origin',(-8.,52.,-8.));
#8878=CARTESIAN_POINT('',(-6.5,52.,-8.));
#8879=CARTESIAN_POINT('Origin',(-8.,52.,-8.));
#8880=CARTESIAN_POINT('',(-6.5,46.,-8.));
#8881=CARTESIAN_POINT('',(-6.5,52.,-8.));
#8882=CARTESIAN_POINT('Origin',(-8.,46.,-8.));
#8883=CARTESIAN_POINT('Origin',(8.,52.,8.));
#8884=CARTESIAN_POINT('',(9.5,52.,8.));
#8885=CARTESIAN_POINT('Origin',(8.,52.,8.));
#8886=CARTESIAN_POINT('',(9.5,46.,8.));
#8887=CARTESIAN_POINT('',(9.5,52.,8.));
#8888=CARTESIAN_POINT('Origin',(8.,46.,8.));
#8889=CARTESIAN_POINT('Origin',(8.,52.,-8.));
#8890=CARTESIAN_POINT('',(9.5,52.,-8.));
#8891=CARTESIAN_POINT('Origin',(8.,52.,-8.));
#8892=CARTESIAN_POINT('',(9.5,46.,-8.));
#8893=CARTESIAN_POINT('',(9.5,52.,-8.));
#8894=CARTESIAN_POINT('Origin',(8.,46.,-8.));
#8895=CARTESIAN_POINT('Origin',(-8.88178419700125E-15,49.,-12.5));
#8896=CARTESIAN_POINT('',(-21.5565,46.,-12.5));
#8897=CARTESIAN_POINT('',(-15.5565,52.,-12.5));
#8898=CARTESIAN_POINT('',(-15.5565,52.,-12.5));
#8899=CARTESIAN_POINT('',(15.5565,52.,-12.5));
#8900=CARTESIAN_POINT('',(-15.5565,52.,-12.5));
#8901=CARTESIAN_POINT('',(21.5565,46.,-12.5));
#8902=CARTESIAN_POINT('',(15.5565,52.,-12.5));
#8903=CARTESIAN_POINT('',(0.,46.,-12.5));
#8904=CARTESIAN_POINT('',(10.87,49.,-12.5));
#8905=CARTESIAN_POINT('Origin',(12.,49.,-12.5));
#8906=CARTESIAN_POINT('',(-13.13,49.,-12.5));
#8907=CARTESIAN_POINT('Origin',(-12.,49.,-12.5));
#8908=CARTESIAN_POINT('Origin',(-12.,49.,0.));
#8909=CARTESIAN_POINT('',(-13.13,49.,12.5));
#8910=CARTESIAN_POINT('Origin',(-12.,49.,12.5));
#8911=CARTESIAN_POINT('',(-13.13,49.,0.));
#8912=CARTESIAN_POINT('Origin',(12.,49.,0.));
#8913=CARTESIAN_POINT('',(10.87,49.,12.5));
#8914=CARTESIAN_POINT('Origin',(12.,49.,12.5));
#8915=CARTESIAN_POINT('',(10.87,49.,0.));
#8916=CARTESIAN_POINT('Origin',(15.5565,52.,0.));
#8917=CARTESIAN_POINT('',(-15.5565,52.,12.5));
#8918=CARTESIAN_POINT('',(-15.5565,52.,0.));
#8919=CARTESIAN_POINT('',(15.5565,52.,12.5));
#8920=CARTESIAN_POINT('',(-15.5565,52.,12.5));
#8921=CARTESIAN_POINT('',(15.5565,52.,0.));
#8922=CARTESIAN_POINT('Origin',(21.5565,46.,0.));
#8923=CARTESIAN_POINT('',(21.5565,46.,12.5));
#8924=CARTESIAN_POINT('',(15.5565,52.,12.5));
#8925=CARTESIAN_POINT('',(21.5565,46.,0.));
#8926=CARTESIAN_POINT('Origin',(-21.5565,46.,0.));
#8927=CARTESIAN_POINT('',(-21.5565,46.,12.5));
#8928=CARTESIAN_POINT('',(0.,46.,12.5));
#8929=CARTESIAN_POINT('',(-21.5565,46.,0.));
#8930=CARTESIAN_POINT('Origin',(-15.5565,52.,0.));
#8931=CARTESIAN_POINT('',(-15.5565,52.,12.5));
#8932=CARTESIAN_POINT('Origin',(-8.88178419700125E-15,49.,12.5));
#8933=CARTESIAN_POINT('Origin',(8.,-52.,8.));
#8934=CARTESIAN_POINT('',(6.5,-52.,8.));
#8935=CARTESIAN_POINT('Origin',(8.,-52.,8.));
#8936=CARTESIAN_POINT('',(6.5,-46.,8.));
#8937=CARTESIAN_POINT('',(6.5,-52.,8.));
#8938=CARTESIAN_POINT('Origin',(8.,-46.,8.));
#8939=CARTESIAN_POINT('Origin',(0.,-52.,0.));
#8940=CARTESIAN_POINT('',(-6.,-52.,-7.34788079488412E-16));
#8941=CARTESIAN_POINT('Origin',(0.,-52.,0.));
#8942=CARTESIAN_POINT('',(-6.,-46.,-7.34788079488412E-16));
#8943=CARTESIAN_POINT('',(-6.,-52.,7.34788079488412E-16));
#8944=CARTESIAN_POINT('Origin',(0.,-46.,0.));
#8945=CARTESIAN_POINT('Origin',(8.,-52.,-8.));
#8946=CARTESIAN_POINT('',(6.5,-52.,-8.));
#8947=CARTESIAN_POINT('Origin',(8.,-52.,-8.));
#8948=CARTESIAN_POINT('',(6.5,-46.,-8.));
#8949=CARTESIAN_POINT('',(6.5,-52.,-8.));
#8950=CARTESIAN_POINT('Origin',(8.,-46.,-8.));
#8951=CARTESIAN_POINT('Origin',(-8.,-52.,8.));
#8952=CARTESIAN_POINT('',(-9.5,-52.,8.));
#8953=CARTESIAN_POINT('Origin',(-8.,-52.,8.));
#8954=CARTESIAN_POINT('',(-9.5,-46.,8.));
#8955=CARTESIAN_POINT('',(-9.5,-52.,8.));
#8956=CARTESIAN_POINT('Origin',(-8.,-46.,8.));
#8957=CARTESIAN_POINT('Origin',(-8.,-52.,-8.));
#8958=CARTESIAN_POINT('',(-9.5,-52.,-8.));
#8959=CARTESIAN_POINT('Origin',(-8.,-52.,-8.));
#8960=CARTESIAN_POINT('',(-9.5,-46.,-8.));
#8961=CARTESIAN_POINT('',(-9.5,-52.,-8.));
#8962=CARTESIAN_POINT('Origin',(-8.,-46.,-8.));
#8963=CARTESIAN_POINT('Origin',(-3.5527136788005E-14,-49.,-12.5));
#8964=CARTESIAN_POINT('',(-21.5565000000001,-46.,-12.5));
#8965=CARTESIAN_POINT('',(21.5565,-46.,-12.5));
#8966=CARTESIAN_POINT('',(0.,-46.,-12.5));
#8967=CARTESIAN_POINT('',(15.5565,-52.,-12.5));
#8968=CARTESIAN_POINT('',(25.5565,-42.,-12.5));
#8969=CARTESIAN_POINT('',(-15.5565,-52.,-12.5));
#8970=CARTESIAN_POINT('',(-15.5565,-52.,-12.5));
#8971=CARTESIAN_POINT('',(-15.5565,-52.,-12.5));
#8972=CARTESIAN_POINT('',(10.87,-49.,-12.5));
#8973=CARTESIAN_POINT('Origin',(12.,-49.,-12.5));
#8974=CARTESIAN_POINT('',(-13.13,-49.,-12.5));
#8975=CARTESIAN_POINT('Origin',(-12.,-49.,-12.5));
#8976=CARTESIAN_POINT('Origin',(-12.,-49.,0.));
#8977=CARTESIAN_POINT('',(-13.13,-49.,12.5));
#8978=CARTESIAN_POINT('Origin',(-12.,-49.,12.5));
#8979=CARTESIAN_POINT('',(-13.13,-49.,0.));
#8980=CARTESIAN_POINT('Origin',(12.,-49.,0.));
#8981=CARTESIAN_POINT('',(10.87,-49.,12.5));
#8982=CARTESIAN_POINT('Origin',(12.,-49.,12.5));
#8983=CARTESIAN_POINT('',(10.87,-49.,0.));
#8984=CARTESIAN_POINT('Origin',(15.5565,-52.,0.));
#8985=CARTESIAN_POINT('',(21.5565,-46.,12.5));
#8986=CARTESIAN_POINT('',(21.5565,-46.,0.));
#8987=CARTESIAN_POINT('',(15.5565,-52.,12.5));
#8988=CARTESIAN_POINT('',(25.5565,-42.,12.5));
#8989=CARTESIAN_POINT('',(15.5565,-52.,0.));
#8990=CARTESIAN_POINT('Origin',(-15.5565,-52.,0.));
#8991=CARTESIAN_POINT('',(-15.5565,-52.,12.5));
#8992=CARTESIAN_POINT('',(-15.5565,-52.,12.5));
#8993=CARTESIAN_POINT('',(-15.5565,-52.,0.));
#8994=CARTESIAN_POINT('Origin',(-21.5565000000001,-46.,0.));
#8995=CARTESIAN_POINT('',(-21.5565000000001,-46.,12.5));
#8996=CARTESIAN_POINT('',(-15.5565,-52.,12.5));
#8997=CARTESIAN_POINT('',(-21.5565000000001,-46.,0.));
#8998=CARTESIAN_POINT('Origin',(21.5565,-46.,0.));
#8999=CARTESIAN_POINT('',(0.,-46.,12.5));
#9000=CARTESIAN_POINT('Origin',(-3.5527136788005E-14,-49.,12.5));
#9001=CARTESIAN_POINT('Origin',(83.,31.,0.));
#9002=CARTESIAN_POINT('',(87.2426406871193,26.7573593128807,-7.34788079488412E-16));
#9003=CARTESIAN_POINT('Origin',(83.,31.,0.));
#9004=CARTESIAN_POINT('',(83.,22.5147186257614,-7.34788079488412E-16));
#9005=CARTESIAN_POINT('',(87.2426406871193,26.7573593128807,7.34788079488412E-16));
#9006=CARTESIAN_POINT('Origin',(78.7573593128805,26.7573593128805,0.));
#9007=CARTESIAN_POINT('Origin',(77.3431457505076,36.6568542494924,8.));
#9008=CARTESIAN_POINT('',(78.4038059222875,35.5961940777126,8.));
#9009=CARTESIAN_POINT('Origin',(77.3431457505076,36.6568542494924,8.));
#9010=CARTESIAN_POINT('',(74.1611652351682,31.3535533905933,8.));
#9011=CARTESIAN_POINT('',(78.4038059222875,35.5961940777126,8.));
#9012=CARTESIAN_POINT('Origin',(73.1005050633881,32.4142135623729,8.));
#9013=CARTESIAN_POINT('Origin',(88.6568542494924,25.3431457505076,-8.));
#9014=CARTESIAN_POINT('',(89.7175144212722,24.2824855787278,-8.));
#9015=CARTESIAN_POINT('Origin',(88.6568542494924,25.3431457505076,-8.));
#9016=CARTESIAN_POINT('',(85.4748737341529,20.0398448916085,-8.));
#9017=CARTESIAN_POINT('',(89.7175144212722,24.2824855787278,-8.));
#9018=CARTESIAN_POINT('Origin',(84.4142135623728,21.1005050633881,-8.));
#9019=CARTESIAN_POINT('Origin',(88.6568542494924,25.3431457505076,8.));
#9020=CARTESIAN_POINT('',(89.7175144212722,24.2824855787278,8.));
#9021=CARTESIAN_POINT('Origin',(88.6568542494924,25.3431457505076,8.));
#9022=CARTESIAN_POINT('',(85.4748737341529,20.0398448916085,8.));
#9023=CARTESIAN_POINT('',(89.7175144212722,24.2824855787278,8.));
#9024=CARTESIAN_POINT('Origin',(84.4142135623728,21.1005050633881,8.));
#9025=CARTESIAN_POINT('Origin',(77.3431457505076,36.6568542494924,-8.));
#9026=CARTESIAN_POINT('',(78.4038059222875,35.5961940777126,-8.));
#9027=CARTESIAN_POINT('Origin',(77.3431457505076,36.6568542494924,-8.));
#9028=CARTESIAN_POINT('',(74.1611652351682,31.3535533905933,-8.));
#9029=CARTESIAN_POINT('',(78.4038059222875,35.5961940777126,-8.));
#9030=CARTESIAN_POINT('Origin',(73.1005050633881,32.4142135623729,-8.));
#9031=CARTESIAN_POINT('Origin',(78.7573593128814,26.757359312881,-12.5));
#9032=CARTESIAN_POINT('',(94.,11.5147186257619,-12.5));
#9033=CARTESIAN_POINT('',(63.5147186257627,42.,-12.5));
#9034=CARTESIAN_POINT('',(78.7573593128807,26.7573593128807,-12.5));
#9035=CARTESIAN_POINT('',(72.,42.,-12.5));
#9036=CARTESIAN_POINT('',(25.5565,42.,-12.5));
#9037=CARTESIAN_POINT('',(94.,20.,-12.5));
#9038=CARTESIAN_POINT('',(72.,42.,-12.5));
#9039=CARTESIAN_POINT('',(94.,20.,-12.5));
#9040=CARTESIAN_POINT('',(88.233961030679,20.3933982822018,-12.5));
#9041=CARTESIAN_POINT('Origin',(89.363961030679,20.3933982822018,-12.5));
#9042=CARTESIAN_POINT('',(71.2633982822018,37.363961030679,-12.5));
#9043=CARTESIAN_POINT('Origin',(72.3933982822018,37.363961030679,-12.5));
#9044=CARTESIAN_POINT('Origin',(72.3933982822018,37.363961030679,0.));
#9045=CARTESIAN_POINT('',(71.2633982822018,37.363961030679,12.5));
#9046=CARTESIAN_POINT('Origin',(72.3933982822018,37.363961030679,12.5));
#9047=CARTESIAN_POINT('',(71.2633982822018,37.363961030679,0.));
#9048=CARTESIAN_POINT('Origin',(89.363961030679,20.3933982822018,0.));
#9049=CARTESIAN_POINT('',(88.233961030679,20.3933982822018,12.5));
#9050=CARTESIAN_POINT('Origin',(89.363961030679,20.3933982822018,12.5));
#9051=CARTESIAN_POINT('',(88.233961030679,20.3933982822018,0.));
#9052=CARTESIAN_POINT('Origin',(72.,42.,0.));
#9053=CARTESIAN_POINT('',(63.5147186257627,42.,12.5));
#9054=CARTESIAN_POINT('',(63.5147186257627,42.,0.));
#9055=CARTESIAN_POINT('',(72.,42.,12.5));
#9056=CARTESIAN_POINT('',(25.5565,42.,12.5));
#9057=CARTESIAN_POINT('',(72.,42.,0.));
#9058=CARTESIAN_POINT('Origin',(94.,20.,0.));
#9059=CARTESIAN_POINT('',(94.,20.,12.5));
#9060=CARTESIAN_POINT('',(72.,42.,12.5));
#9061=CARTESIAN_POINT('',(94.,20.,0.));
#9062=CARTESIAN_POINT('Origin',(94.,11.5147186257619,0.));
#9063=CARTESIAN_POINT('',(94.,11.5147186257619,12.5));
#9064=CARTESIAN_POINT('',(94.,20.,12.5));
#9065=CARTESIAN_POINT('',(94.,11.5147186257619,0.));
#9066=CARTESIAN_POINT('Origin',(63.5147186257618,41.9999999999991,0.));
#9067=CARTESIAN_POINT('',(78.7573593128807,26.7573593128807,12.5));
#9068=CARTESIAN_POINT('Origin',(78.7573593128814,26.757359312881,12.5));
#9069=CARTESIAN_POINT('Origin',(-88.6568542494923,25.3431457505076,8.));
#9070=CARTESIAN_POINT('',(-87.5961940777125,26.4038059222874,8.));
#9071=CARTESIAN_POINT('Origin',(-88.6568542494923,25.3431457505076,8.));
#9072=CARTESIAN_POINT('',(-83.3535533905932,22.1611652351681,8.));
#9073=CARTESIAN_POINT('',(-87.5961940777125,26.4038059222874,8.));
#9074=CARTESIAN_POINT('Origin',(-84.4142135623731,21.1005050633883,8.));
#9075=CARTESIAN_POINT('Origin',(-83.,31.,0.));
#9076=CARTESIAN_POINT('',(-78.7573593128807,35.2426406871193,-7.34788079488412E-16));
#9077=CARTESIAN_POINT('Origin',(-83.,31.,0.));
#9078=CARTESIAN_POINT('',(-74.5147186257614,31.,-7.34788079488412E-16));
#9079=CARTESIAN_POINT('',(-78.7573593128807,35.2426406871193,7.34788079488412E-16));
#9080=CARTESIAN_POINT('Origin',(-78.7573593128807,26.7573593128807,0.));
#9081=CARTESIAN_POINT('Origin',(-88.6568542494923,25.3431457505076,-8.));
#9082=CARTESIAN_POINT('',(-87.5961940777125,26.4038059222874,-8.));
#9083=CARTESIAN_POINT('Origin',(-88.6568542494923,25.3431457505076,-8.));
#9084=CARTESIAN_POINT('',(-83.3535533905932,22.1611652351681,-8.));
#9085=CARTESIAN_POINT('',(-87.5961940777125,26.4038059222874,-8.));
#9086=CARTESIAN_POINT('Origin',(-84.4142135623731,21.1005050633883,-8.));
#9087=CARTESIAN_POINT('Origin',(-77.3431457505076,36.6568542494924,8.));
#9088=CARTESIAN_POINT('',(-76.2824855787278,37.7175144212722,8.));
#9089=CARTESIAN_POINT('Origin',(-77.3431457505076,36.6568542494924,8.));
#9090=CARTESIAN_POINT('',(-72.0398448916085,33.4748737341529,8.));
#9091=CARTESIAN_POINT('',(-76.2824855787278,37.7175144212722,8.));
#9092=CARTESIAN_POINT('Origin',(-73.1005050633883,32.4142135623731,8.));
#9093=CARTESIAN_POINT('Origin',(-77.3431457505076,36.6568542494924,-8.));
#9094=CARTESIAN_POINT('',(-76.2824855787277,37.7175144212722,-8.));
#9095=CARTESIAN_POINT('Origin',(-77.3431457505076,36.6568542494924,-8.));
#9096=CARTESIAN_POINT('',(-72.0398448916085,33.4748737341529,-8.));
#9097=CARTESIAN_POINT('',(-76.2824855787277,37.7175144212722,-8.));
#9098=CARTESIAN_POINT('Origin',(-73.1005050633883,32.4142135623731,-8.));
#9099=CARTESIAN_POINT('Origin',(-78.7573593128812,26.7573593128807,-12.5));
#9100=CARTESIAN_POINT('',(-94.,11.5147186257614,-12.5));
#9101=CARTESIAN_POINT('',(-94.,20.,-12.5));
#9102=CARTESIAN_POINT('',(-94.,20.,-12.5));
#9103=CARTESIAN_POINT('',(-72.,42.,-12.5));
#9104=CARTESIAN_POINT('',(-94.,20.,-12.5));
#9105=CARTESIAN_POINT('',(-63.5147186257624,42.,-12.5));
#9106=CARTESIAN_POINT('',(-72.,42.,-12.5));
#9107=CARTESIAN_POINT('',(-78.7573593128807,26.7573593128807,-12.5));
#9108=CARTESIAN_POINT('',(-90.4939610306789,20.3933982822017,-12.5));
#9109=CARTESIAN_POINT('Origin',(-89.3639610306789,20.3933982822017,-12.5));
#9110=CARTESIAN_POINT('',(-73.5233982822018,37.363961030679,-12.5));
#9111=CARTESIAN_POINT('Origin',(-72.3933982822018,37.363961030679,-12.5));
#9112=CARTESIAN_POINT('Origin',(-72.3933982822018,37.363961030679,0.));
#9113=CARTESIAN_POINT('',(-73.5233982822018,37.363961030679,12.5));
#9114=CARTESIAN_POINT('Origin',(-72.3933982822018,37.363961030679,12.5));
#9115=CARTESIAN_POINT('',(-73.5233982822018,37.363961030679,0.));
#9116=CARTESIAN_POINT('Origin',(-89.3639610306789,20.3933982822017,0.));
#9117=CARTESIAN_POINT('',(-90.4939610306789,20.3933982822017,12.5));
#9118=CARTESIAN_POINT('Origin',(-89.3639610306789,20.3933982822017,12.5));
#9119=CARTESIAN_POINT('',(-90.4939610306789,20.3933982822017,0.));
#9120=CARTESIAN_POINT('Origin',(-72.,42.,0.));
#9121=CARTESIAN_POINT('',(-94.,20.,12.5));
#9122=CARTESIAN_POINT('',(-94.,20.,0.));
#9123=CARTESIAN_POINT('',(-72.,42.,12.5));
#9124=CARTESIAN_POINT('',(-94.,20.,12.5));
#9125=CARTESIAN_POINT('',(-72.,42.,0.));
#9126=CARTESIAN_POINT('Origin',(-63.5147186257624,42.,0.));
#9127=CARTESIAN_POINT('',(-63.5147186257624,42.,12.5));
#9128=CARTESIAN_POINT('',(-72.,42.,12.5));
#9129=CARTESIAN_POINT('',(-63.5147186257624,42.,0.));
#9130=CARTESIAN_POINT('Origin',(-94.,11.5147186257614,0.));
#9131=CARTESIAN_POINT('',(-94.,11.5147186257614,12.5));
#9132=CARTESIAN_POINT('',(-78.7573593128807,26.7573593128807,12.5));
#9133=CARTESIAN_POINT('',(-94.,11.5147186257614,0.));
#9134=CARTESIAN_POINT('Origin',(-94.,20.,0.));
#9135=CARTESIAN_POINT('',(-94.,20.,12.5));
#9136=CARTESIAN_POINT('Origin',(-78.7573593128812,26.7573593128807,12.5));
#9137=CARTESIAN_POINT('Origin',(-77.3431457505076,-36.6568542494924,7.99999999999999));
#9138=CARTESIAN_POINT('',(-78.4038059222874,-35.5961940777125,7.99999999999999));
#9139=CARTESIAN_POINT('Origin',(-77.3431457505076,-36.6568542494924,7.99999999999999));
#9140=CARTESIAN_POINT('',(-74.1611652351681,-31.3535533905933,7.99999999999999));
#9141=CARTESIAN_POINT('',(-78.4038059222874,-35.5961940777125,7.99999999999999));
#9142=CARTESIAN_POINT('Origin',(-73.1005050633887,-32.4142135623734,7.99999999999999));
#9143=CARTESIAN_POINT('Origin',(-83.,-31.,0.));
#9144=CARTESIAN_POINT('',(-87.2426406871193,-26.7573593128807,-7.34788079488412E-16));
#9145=CARTESIAN_POINT('Origin',(-83.,-31.,0.));
#9146=CARTESIAN_POINT('',(-83.,-22.5147186257614,-7.34788079488412E-16));
#9147=CARTESIAN_POINT('',(-87.2426406871193,-26.7573593128807,7.34788079488412E-16));
#9148=CARTESIAN_POINT('Origin',(-78.7573593128811,-26.7573593128811,0.));
#9149=CARTESIAN_POINT('Origin',(-77.3431457505076,-36.6568542494924,-8.00000000000001));
#9150=CARTESIAN_POINT('',(-78.4038059222874,-35.5961940777125,-8.00000000000001));
#9151=CARTESIAN_POINT('Origin',(-77.3431457505076,-36.6568542494924,-8.00000000000001));
#9152=CARTESIAN_POINT('',(-74.1611652351681,-31.3535533905933,-8.00000000000001));
#9153=CARTESIAN_POINT('',(-78.4038059222874,-35.5961940777125,-8.00000000000001));
#9154=CARTESIAN_POINT('Origin',(-73.1005050633887,-32.4142135623734,-8.00000000000001));
#9155=CARTESIAN_POINT('Origin',(-88.6568542494924,-25.3431457505076,7.99999999999999));
#9156=CARTESIAN_POINT('',(-89.7175144212722,-24.2824855787278,7.99999999999999));
#9157=CARTESIAN_POINT('Origin',(-88.6568542494924,-25.3431457505076,7.99999999999999));
#9158=CARTESIAN_POINT('',(-85.4748737341529,-20.0398448916085,7.99999999999999));
#9159=CARTESIAN_POINT('',(-89.7175144212722,-24.2824855787278,7.99999999999999));
#9160=CARTESIAN_POINT('Origin',(-84.4142135623734,-21.1005050633887,7.99999999999999));
#9161=CARTESIAN_POINT('Origin',(-88.6568542494924,-25.3431457505076,-8.00000000000001));
#9162=CARTESIAN_POINT('',(-89.7175144212722,-24.2824855787278,-8.00000000000001));
#9163=CARTESIAN_POINT('Origin',(-88.6568542494924,-25.3431457505076,-8.00000000000001));
#9164=CARTESIAN_POINT('',(-85.4748737341529,-20.0398448916085,-8.00000000000001));
#9165=CARTESIAN_POINT('',(-89.7175144212722,-24.2824855787278,-8.00000000000001));
#9166=CARTESIAN_POINT('Origin',(-84.4142135623734,-21.1005050633887,-8.00000000000001));
#9167=CARTESIAN_POINT('Origin',(-78.757359312881,-26.7573593128809,-12.5));
#9168=CARTESIAN_POINT('',(-94.,-20.,-12.5));
#9169=CARTESIAN_POINT('',(-94.,-11.5147186257618,-12.5));
#9170=CARTESIAN_POINT('',(-94.,20.,-12.5));
#9171=CARTESIAN_POINT('',(-63.5147186257621,-42.,-12.5));
#9172=CARTESIAN_POINT('',(-78.7573593128807,-26.7573593128807,-12.5));
#9173=CARTESIAN_POINT('',(-72.,-42.,-12.5));
#9174=CARTESIAN_POINT('',(-25.5565,-42.,-12.5));
#9175=CARTESIAN_POINT('',(-72.,-42.,-12.5));
#9176=CARTESIAN_POINT('',(-90.493961030679,-20.3933982822019,-12.5));
#9177=CARTESIAN_POINT('Origin',(-89.363961030679,-20.3933982822019,-12.5));
#9178=CARTESIAN_POINT('',(-73.5233982822018,-37.363961030679,-12.5));
#9179=CARTESIAN_POINT('Origin',(-72.3933982822018,-37.363961030679,-12.5));
#9180=CARTESIAN_POINT('Origin',(-72.3933982822018,-37.363961030679,0.));
#9181=CARTESIAN_POINT('',(-73.5233982822018,-37.363961030679,12.5));
#9182=CARTESIAN_POINT('Origin',(-72.3933982822018,-37.363961030679,12.5));
#9183=CARTESIAN_POINT('',(-73.5233982822018,-37.363961030679,0.));
#9184=CARTESIAN_POINT('Origin',(-89.363961030679,-20.3933982822019,0.));
#9185=CARTESIAN_POINT('',(-90.493961030679,-20.3933982822019,12.5));
#9186=CARTESIAN_POINT('Origin',(-89.363961030679,-20.3933982822019,12.5));
#9187=CARTESIAN_POINT('',(-90.493961030679,-20.3933982822019,0.));
#9188=CARTESIAN_POINT('Origin',(-63.5147186257621,-42.,0.));
#9189=CARTESIAN_POINT('',(-94.,-11.5147186257618,12.5));
#9190=CARTESIAN_POINT('',(-94.,-11.5147186257618,0.));
#9191=CARTESIAN_POINT('',(-63.5147186257621,-42.,12.5));
#9192=CARTESIAN_POINT('',(-78.7573593128807,-26.7573593128807,12.5));
#9193=CARTESIAN_POINT('',(-63.5147186257621,-42.,0.));
#9194=CARTESIAN_POINT('Origin',(-72.,-42.,0.));
#9195=CARTESIAN_POINT('',(-72.,-42.,12.5));
#9196=CARTESIAN_POINT('',(-25.5565,-42.,12.5));
#9197=CARTESIAN_POINT('',(-72.,-42.,0.));
#9198=CARTESIAN_POINT('Origin',(-94.,-20.,0.));
#9199=CARTESIAN_POINT('',(-94.,-20.,12.5));
#9200=CARTESIAN_POINT('',(-72.,-42.,12.5));
#9201=CARTESIAN_POINT('',(-94.,-20.,0.));
#9202=CARTESIAN_POINT('Origin',(-94.,-11.5147186257618,0.));
#9203=CARTESIAN_POINT('',(-94.,20.,12.5));
#9204=CARTESIAN_POINT('Origin',(-78.757359312881,-26.7573593128809,12.5));
#9205=CARTESIAN_POINT('Origin',(88.6568542494924,-25.3431457505076,8.));
#9206=CARTESIAN_POINT('',(87.5961940777126,-26.4038059222874,8.));
#9207=CARTESIAN_POINT('Origin',(88.6568542494924,-25.3431457505076,8.));
#9208=CARTESIAN_POINT('',(83.3535533905933,-22.1611652351682,8.));
#9209=CARTESIAN_POINT('',(87.5961940777126,-26.4038059222874,8.));
#9210=CARTESIAN_POINT('Origin',(84.4142135623731,-21.1005050633883,8.));
#9211=CARTESIAN_POINT('Origin',(83.,-31.,-2.16840434497101E-18));
#9212=CARTESIAN_POINT('',(78.7573593128807,-35.2426406871193,-7.36956483833383E-16));
#9213=CARTESIAN_POINT('Origin',(83.,-31.,-2.16840434497101E-18));
#9214=CARTESIAN_POINT('',(74.5147186257614,-31.,-7.36956483833383E-16));
#9215=CARTESIAN_POINT('',(78.7573593128807,-35.2426406871193,7.32619675143441E-16));
#9216=CARTESIAN_POINT('Origin',(78.7573593128807,-26.7573593128807,-2.16840434497101E-18));
#9217=CARTESIAN_POINT('Origin',(88.6568542494924,-25.3431457505076,-8.));
#9218=CARTESIAN_POINT('',(87.5961940777126,-26.4038059222874,-8.));
#9219=CARTESIAN_POINT('Origin',(88.6568542494924,-25.3431457505076,-8.));
#9220=CARTESIAN_POINT('',(83.3535533905933,-22.1611652351682,-8.));
#9221=CARTESIAN_POINT('',(87.5961940777126,-26.4038059222874,-8.));
#9222=CARTESIAN_POINT('Origin',(84.4142135623731,-21.1005050633883,-8.));
#9223=CARTESIAN_POINT('Origin',(77.3431457505076,-36.6568542494924,8.));
#9224=CARTESIAN_POINT('',(76.2824855787278,-37.7175144212722,8.));
#9225=CARTESIAN_POINT('Origin',(77.3431457505076,-36.6568542494924,8.));
#9226=CARTESIAN_POINT('',(72.0398448916085,-33.4748737341529,8.));
#9227=CARTESIAN_POINT('',(76.2824855787278,-37.7175144212722,8.));
#9228=CARTESIAN_POINT('Origin',(73.1005050633883,-32.4142135623731,8.));
#9229=CARTESIAN_POINT('Origin',(77.3431457505076,-36.6568542494924,-8.));
#9230=CARTESIAN_POINT('',(76.2824855787278,-37.7175144212722,-8.));
#9231=CARTESIAN_POINT('Origin',(77.3431457505076,-36.6568542494924,-8.));
#9232=CARTESIAN_POINT('',(72.0398448916085,-33.4748737341529,-8.));
#9233=CARTESIAN_POINT('',(76.2824855787278,-37.7175144212722,-8.));
#9234=CARTESIAN_POINT('Origin',(73.1005050633883,-32.4142135623731,-8.));
#9235=CARTESIAN_POINT('Origin',(78.7573593128814,-26.7573593128807,-12.5));
#9236=CARTESIAN_POINT('',(63.5147186257628,-42.,-12.5));
#9237=CARTESIAN_POINT('',(94.,-11.5147186257615,-12.5));
#9238=CARTESIAN_POINT('',(78.7573593128806,-26.7573593128808,-12.5));
#9239=CARTESIAN_POINT('',(94.,-20.,-12.5));
#9240=CARTESIAN_POINT('',(94.,20.,-12.5));
#9241=CARTESIAN_POINT('',(72.,-42.,-12.5));
#9242=CARTESIAN_POINT('',(94.,-20.,-12.5));
#9243=CARTESIAN_POINT('',(72.,-42.,-12.5));
#9244=CARTESIAN_POINT('',(71.2633982822018,-37.363961030679,-12.5));
#9245=CARTESIAN_POINT('Origin',(72.3933982822018,-37.363961030679,-12.5));
#9246=CARTESIAN_POINT('',(88.2339610306789,-20.3933982822018,-12.5));
#9247=CARTESIAN_POINT('Origin',(89.3639610306789,-20.3933982822018,-12.5));
#9248=CARTESIAN_POINT('Origin',(89.3639610306789,-20.3933982822018,0.));
#9249=CARTESIAN_POINT('',(88.2339610306789,-20.3933982822018,12.5));
#9250=CARTESIAN_POINT('Origin',(89.3639610306789,-20.3933982822018,12.5));
#9251=CARTESIAN_POINT('',(88.2339610306789,-20.3933982822018,0.));
#9252=CARTESIAN_POINT('Origin',(72.3933982822018,-37.363961030679,0.));
#9253=CARTESIAN_POINT('',(71.2633982822018,-37.363961030679,12.5));
#9254=CARTESIAN_POINT('Origin',(72.3933982822018,-37.363961030679,12.5));
#9255=CARTESIAN_POINT('',(71.2633982822018,-37.363961030679,0.));
#9256=CARTESIAN_POINT('Origin',(94.,-20.,0.));
#9257=CARTESIAN_POINT('',(94.,-11.5147186257615,12.5));
#9258=CARTESIAN_POINT('',(94.,-11.5147186257615,0.));
#9259=CARTESIAN_POINT('',(94.,-20.,12.5));
#9260=CARTESIAN_POINT('',(94.,20.,12.5));
#9261=CARTESIAN_POINT('',(94.,-20.,0.));
#9262=CARTESIAN_POINT('Origin',(72.,-42.,0.));
#9263=CARTESIAN_POINT('',(72.,-42.,12.5));
#9264=CARTESIAN_POINT('',(94.,-20.,12.5));
#9265=CARTESIAN_POINT('',(72.,-42.,0.));
#9266=CARTESIAN_POINT('Origin',(63.5147186257628,-42.,0.));
#9267=CARTESIAN_POINT('',(63.5147186257628,-42.,12.5));
#9268=CARTESIAN_POINT('',(72.,-42.,12.5));
#9269=CARTESIAN_POINT('',(63.5147186257628,-42.,0.));
#9270=CARTESIAN_POINT('Origin',(94.,-11.5147186257615,0.));
#9271=CARTESIAN_POINT('',(78.7573593128806,-26.7573593128808,12.5));
#9272=CARTESIAN_POINT('Origin',(78.7573593128814,-26.7573593128807,12.5));
#9273=CARTESIAN_POINT('',(0.,0.,0.));
#9274=UNCERTAINTY_MEASURE_WITH_UNIT(LENGTH_MEASURE(0.01),#9280,
'DISTANCE_ACCURACY_VALUE',
'Maximum model space distance between geometric entities at asserted c
onnectivities');
#9275=UNCERTAINTY_MEASURE_WITH_UNIT(LENGTH_MEASURE(0.01),#9280,
'DISTANCE_ACCURACY_VALUE',
'Maximum model space distance between geometric entities at asserted c
onnectivities');
#9276=UNCERTAINTY_MEASURE_WITH_UNIT(LENGTH_MEASURE(0.01),#9280,
'DISTANCE_ACCURACY_VALUE',
'Maximum model space distance between geometric entities at asserted c
onnectivities');
#9277=(
GEOMETRIC_REPRESENTATION_CONTEXT(3)
GLOBAL_UNCERTAINTY_ASSIGNED_CONTEXT((#9274))
GLOBAL_UNIT_ASSIGNED_CONTEXT((#9280,#9281,#9282))
REPRESENTATION_CONTEXT('','3D')
);
#9278=(
GEOMETRIC_REPRESENTATION_CONTEXT(3)
GLOBAL_UNCERTAINTY_ASSIGNED_CONTEXT((#9275))
GLOBAL_UNIT_ASSIGNED_CONTEXT((#9280,#9281,#9282))
REPRESENTATION_CONTEXT('','3D')
);
#9279=(
GEOMETRIC_REPRESENTATION_CONTEXT(3)
GLOBAL_UNCERTAINTY_ASSIGNED_CONTEXT((#9276))
GLOBAL_UNIT_ASSIGNED_CONTEXT((#9280,#9281,#9282))
REPRESENTATION_CONTEXT('','3D')
);
#9280=(
LENGTH_UNIT()
NAMED_UNIT(*)
SI_UNIT(.MILLI.,.METRE.)
);
#9281=(
NAMED_UNIT(*)
PLANE_ANGLE_UNIT()
SI_UNIT($,.RADIAN.)
);
#9282=(
NAMED_UNIT(*)
SI_UNIT($,.STERADIAN.)
SOLID_ANGLE_UNIT()
);
#9283=SHAPE_DEFINITION_REPRESENTATION(#9285,#9288);
#9284=SHAPE_DEFINITION_REPRESENTATION(#9286,#9289);
#9285=PRODUCT_DEFINITION_SHAPE('',$,#9291);
#9286=PRODUCT_DEFINITION_SHAPE('',$,#9292);
#9287=PRODUCT_DEFINITION_SHAPE($,$,#14);
#9288=SHAPE_REPRESENTATION('',(#5582,#6164),#9277);
#9289=SHAPE_REPRESENTATION('',(#5583),#9278);
#9290=PRODUCT_DEFINITION_CONTEXT('part definition',#9298,'design');
#9291=PRODUCT_DEFINITION('2026-04-04-19-49-10-429','Riser',#9293,#9290);
#9292=PRODUCT_DEFINITION('2026-04-04-19-48-10-152','Assembly - Body',#9294,
#9290);
#9293=PRODUCT_DEFINITION_FORMATION('',$,#9300);
#9294=PRODUCT_DEFINITION_FORMATION('',$,#9301);
#9295=PRODUCT_RELATED_PRODUCT_CATEGORY('Riser','Riser',(#9300));
#9296=PRODUCT_RELATED_PRODUCT_CATEGORY('Assembly - Body',
'Assembly - Body',(#9301));
#9297=APPLICATION_PROTOCOL_DEFINITION('international standard',
'automotive_design',2009,#9298);
#9298=APPLICATION_CONTEXT(
'Core Data for Automotive Mechanical Design Process');
#9299=PRODUCT_CONTEXT('part definition',#9298,'mechanical');
#9300=PRODUCT('2026-04-04-19-49-10-429','Riser',$,(#9299));
#9301=PRODUCT('2026-04-04-19-48-10-152','Assembly - Body',$,(#9299));
#9302=PRESENTATION_STYLE_ASSIGNMENT((#9304));
#9303=PRESENTATION_STYLE_ASSIGNMENT((#9305));
#9304=SURFACE_STYLE_USAGE(.BOTH.,#9306);
#9305=SURFACE_STYLE_USAGE(.BOTH.,#9307);
#9306=SURFACE_SIDE_STYLE('',(#9308));
#9307=SURFACE_SIDE_STYLE('',(#9309));
#9308=SURFACE_STYLE_FILL_AREA(#9310);
#9309=SURFACE_STYLE_FILL_AREA(#9311);
#9310=FILL_AREA_STYLE('Steel - Satin',(#9312));
#9311=FILL_AREA_STYLE('Plastic - Glossy (Blue)',(#9313));
#9312=FILL_AREA_STYLE_COLOUR('Steel - Satin',#9314);
#9313=FILL_AREA_STYLE_COLOUR('Plastic - Glossy (Blue)',#9315);
#9314=COLOUR_RGB('Steel - Satin',0.627450980392157,0.627450980392157,0.627450980392157);
#9315=COLOUR_RGB('Plastic - Glossy (Blue)',0.188235294117647,0.231372549019608,
0.588235294117647);
ENDSEC;
END-ISO-10303-21;
